hsn_code,description
0101,"Live horses, asses, mules and hinnies."
01012100,Pure-bred breeding animals
010129,Others;
0101.29.10,Horses for polo
0101.29.90,Other
010130,Asses
0101.30.10,Pure-bred breeding animals
0101.30.20,Livestock
0101.30.90,Other
0101.90,Other
0101.90.30,Mules and hinnies as livestock
0101.90.90,Other
0102,Live bovine animals.
010221,Pure-bred breeding animals
0102.21.10,bulls
0102.21.20,cows
0102..29,Other
0102.29.10,Bulls
01022990,Other including calves
0102.31.00,Pure-bred breeding animals
0102.39.00,Other
0102.90,Other
0102.90.10,Pure-bred breeding animals
0102.90.90,Other
0103,Live swine.
0103.10.00,pure-bred breeding animals
0103.91.00,-- Weighing less than 50 kg
0103.92.00,weighing 50 kg or more
0104,Live sheep and goats.
0104.10,Sheep
0104.10.10,sheep including lamb for breeding purpose
0104.10.90,Other
0104.20.00,Goats
01051100,Fowls of the species gallus domesticus
01051200,Turkeys
01051300,Ducks
01051400,Geese
01051500,Guinea fowls
01059400,Fowls of the species Gallus domesticus
01059900,Other
0106,Other live animals.
01061100,primates
01061200,"manatees and dugongs (mammals of the order Sirenia); seals, Sea"
01061300,Camels and other camelids (Camelidae)
01061400,Rabbits and hares
01061900,Other
01062000,Reptiles (including snakes and turtles)
01063100,Birds of prey
01063200,"Psittaciformes (including parrots, parakeets, macaws and cockatoos)"
01063300,Ostriches emus (Dromaius no vaehollandiae)
01063900,Other
010641,Bees
01064110,pureline stock
01064190,Other
010649,Other
01064910,pureline stock
01064990,Other
01069000,Other
0201,"Meat of bovine animals, fresh and chilled."
0201.10.00,Carcasses and half carcasses
0201.20.00,Other cuts with bone in
0201.30.00,Boneless
0202,"Meat of bovine animals, frozen."
0202.10.00,Carcasses and half carcasses
0202.20.00,Other cuts with bone in
0202.30.00,Boneless
0203,"Meat of swine, fresh, chilled or frozen."
0203.11.00,Carcasses and half carcasses
0203.12.00,"Hams, shoulders and cuts thereof, with bone in"
0203.19.00,Other
0203.21.00,Carcasses and half carcasses
0203.22.00,"Hams, shoulders and cuts thereof, with bone in"
0203.29.00,other
0204,"Meat of sheep or goats, fresh, chilled or frozen."
0204.10.00,"Carcasses and half carcasses of lamb, fresh or chilled"
0204.21.00,Carcasses and half carcasses
0204.22.00,Other cuts with bone in
0204.23.00,Boneless
0204.30.00,"Carcasses and half-Carcasses of lamb, frozen"
0204.41.00,Carcasses and half-Carcasses
0204.42.00,Other cuts with bone in
0204.43.00,Boneless
0204.50.00,Meat of Goats
0205,"Meat of horses, asses, mules or hinnies, fresh, chilled or frozen."
0205.00.00,"Meat of Horses, asses, mules or hinnies, fresh, chiilled or frozen"
0206.10,"of bovine animals, fresh or chilled"
0206.10.00,Of bovine animals fresh or chilled
0206.21.00,Tongues
0206.22.00,Livers
0206.29.00,Other
0206.30.00,"Of swine, fresh or chilled"
0206.41.00,Livers
0206.49.00,Other
0206.80,"Other, fresh or chilled"
0206.80.10,Of sheep or goats
0206.80.90,Other
0206.90,"Other, frozen"
0206.90.10,Of sheep or goats
0206.90.90,Other
02071100,"Not cut in pieces, fresh or chilled"
02071200,"Not cut in pieces, frozen"
02071300,"cuts and offal, fresh or chilled"
02071400,"Cuts and offal, frozen"
02072400,"Not cut in pieces, fresh or chilled"
02072500,"Not cut in pieces, frozen"
02072600,"Cuts and offal, fresh or chilled"
02072700,"cuts and offal, frozen"
02074100,"Not cut in pieces , fresh or chilled"
02074200,"Not cut in pieces, frozen"
02074300,"Fatty Livers, fresh or chilled"
02074400,"Other, fresh or chilled"
02074500,"Other, frozen"
02075100,"Not cut in pieces , fresh or chilled"
02075200,Not cut in pieces frozen
02075300,"Fatty Livers, fresh or chilled"
02075400,Other fresh or chilled
02075500,Other frozen
02076000,Of guinea fowls
0208,"Other meat and edible meat offal, fresh, chilled or frozen."
0208.10.00,Of rabbits or hares
0208.30.00,of Primates
02084000,"of manatees and dugongs (mammals of the order Sirenia); of seals,"
02085000,of Reptiles (including snakes and turtles)
02086000,of camels and other camelids (camelidae)
0208.90,Other
0208.90.10,Of wild animals
0208.90.90,Other
02091000,of pigs
02099000,Other
02101100,"Hams, shoulders and cuts thereof, with bone in"
02101200,Bellies (streaky) and cuts thereof
02101900,Other
0210.2000,Meat of bovine animals
02109100,of Primates
0210.9200,"of manatees and dugongs (mammals of the order Serenia): of seals,"
02109300,of Reptiles (including snakes and turtles)
0210.99.00,Other
0301,Live fish.
03011100,Fresh water
03011900,Other
03019100,"Oncorhynchus aguabonita, Oncorhynchus gilae, Oncorhynchus"
0301.92.00,Eels (Anguilla spp.)
030193,00
03019400,"Atlantic and Pacipic bluefin tunas (Thunnus thynnus, orientalis)"
03019500,Southern Bluefin tunas (Thunnus maccoyii)
03019900,Other
03021100,"Oncorhyncus aguabonita, Oncorhyncus gilae, Oncorhyncus apache"
030213,00
03021400,Atlantic salmon (Salmo salar) and Danube salmon (Hucho hucho)
03021900,Other
030221,00
03022200,Plaice (Pleuronectes platessa)
03022300,Sole (Solea spp.)
03022400,Turbots (Psetta maxima)
0302.29.00,Other
0302.3100,Albacore or long finned tunas (Thunnus alalunga)
0302.32.00,Yellowfin tunas (Thunnus albacares)
0302.3300,Skipjack or stripe-bellied bonito
0302.3400,Bigeye tunas (Thunnus obesus)
0302.3500,"Atlantic and Pacific bluefin tunas (Thunnus thynnus, Thunnus orientalis)"
0302.3600,Southern bluefin tunas (Thunnus maccoyii)
0302.3900,Other
0302.4100,"Herrings (Clupea harengus, Clupea pallasii)"
03024200,Anchovies (Engraulis spp.)
030243,00
03024400,"Mackerel (Scomber scombrus, Scomber australasicus, Scomber japonicus)"
03024500,Jack and horse mackerel (Trachurus spp.)
03024600,Cobia (Rachycentron canadum)
03024700,Sword fish (Xiphias gladius)
03024900,Other
0302.5100,"Cod (Gadus morhua, Gadus ogac, Gadus macrocephalus)"
0302.5200,Haddock (Melangrammus aegllefinus)
0302.5300,Coal fish (Pollachinus virens)
0302.54.00,"Hake (Merluccius spp., Urophycis spp.)"
03025500,Alaska Pollack (Theragra chalcogramma)
0302.56.00,"Blue whittings (Micromesistius poutassou, Micromesistius australis)"
03025900,Other
03027100,"Tilapias (Oreochromis spp.),"
03027200,"Catfish (Pangasius spp., Silurus spp., Clarias spp., Ictalurus spp.)"
03027300,"Hypophthalmichthys spp., Cirrhinus spp., Mylopharyngodon piceus, Catla catla,"
03027400,Eels (Anguilla spp.)
03027900,Other
03028100,Dogfish and other sharks
03028200,Rays and skates (Rajidae)
03028300,Tooth fish (Dissostichus spp.)
03028400,Seabass (Dicentrarchus spp.)
03028500,Seabream (Sparidae)
030289,Other
03028910,Hilsa ( Tenualosa ilisha)
03028920,Dara
03028930,Pomfret
03028990,Other
030291,"Livers, roes and milt:"
03029110,"Livers, roes and milt"
030292,Shark fins:
03029210,Shark fins
030299,Other:
03029910,"Fish fins other than shark fins; heads, tails and maws"
03029990,Other edible fish offal
0303.1100,Sockeye salmon (red salmon) (Oncorhynchus nerka)
0303.12.00,"keta, Oncorhynchus tschawytscha, Oncorhynchus kisutch,"
0303.1300,Atlantic salmon (Salmo salar) and Danube salmon (Hucho hucho)
03031400,"Oncorhynchus aguabonita, Oncorhynchus gilae, Oncorhynchus"
0303.19.00,Other
0303.2300,Tilapias (Oreochromis spp.)
03032400,"Catfish (Pangasius spp., Silurus spp., Clarias spp., Ictalurus spp.)"
030325,00
03032600,Eels (Anguilla spp.)
0303.29.00,Other
0303.31,00
0303.3200,Plaice (Pleuronectes platessa)
0303.33.00,Sole (Solea spp.)
0303.34.00,Turbots (Psetta maxima)
0303.39.00,Other
0303.4100,Albacore or long finned tunas (Thunnus alalunga)
0303.4200,Yellowfin tunas (Thunnus albacares)
0303.4300,Skipjack or stripe-bellied bonito
0303.4400,Bigeye tunas (Thunnus obesus)
0303.4500,"Atlantic and Pacific bluefin tunas (Thunnus thynnus, Thunnus orientalis)"
0303.4600,Southern bluefin tunas (Thunnus maccoyii)
0303.4900,Other
0303.5100,"Herrings (Clupea harengus, Clupea pallasii)"
0303.53,00
0303.54.00,"Mackerel (Scomber scombrus, Scomber australasicus, Scomber japonicus)"
0303.5500,Jack and horse mackerel (Trachurus spp.)
0303.56.00,Cobia (Rachycentron canadum)
0303.5700,Sword fish (Xiphias gladius)
03036300,"Cod (Gadus morhua, Gadus ogac, Gadus macrocephalus)"
0303.6400,Haddock (Melanogrammus aeglefinus)
0303.65.00,Coal fish (Pollachius virens)
03036600,"Hake (Merluccius spp., Urophycis spp.)"
03036700,Alaska Pollack (Theragra chalcogramma)
03036800,"Blue whitings (Micromesistius poutassou, Micromesistiusaustralis)"
03036900,Other
030381,Dogfish and Other sharks
03038110,Dogfish
03038190,Other Sharks
03038200,Rays and skates (Rajidae)
03038300,Tooth fish (Dissostichus spp.)
03038400,Seabass (Dicentrarchus spp.)
030389,Other
03038910,Hilsa (Tenualosa ilisha)
03038920,Dara
03038930,Ribbon fish
03038940,Seer
03038950,Pomfret (white or silver or black)
03038960,Ghol
03038970,Threadfin
03038980,"Croakers, groupers and flounders"
03038990,Other
030391,"Livers, roes and milt:"
03039110,Egg or egg yolk of fish
03039190,Other
030392,Shark fins:
03039210,Shark fins
030399,Other:
03039910,"Fish fins other than shark fins, heads, tails and maws"
03039990,Other edible fish offal
0304.3100,Tilapias (Oreochromis spp.)
0304.32.00,"Catfish (Pangasius spp., Silurus spp Clarias spp Ictalurus spp.)"
0304.3300,Nile Perch (Lates niloticus)
0304.39.00,Other
03044200,"Oncorhynchus aguabonita, Oncorhynchus gilae, Oncorhynchus apache"
0304.43,00
0304.4500,Swordfish (Xiphias gladius)
0304.46.00,Toothfish(Dissostichus spp.)
03044700,Dogfish and other sharks
03044800,Rays and skates (Rajidae)
0304.49,Other
0304.49.10,Hilsa (Tenualosa ilisha)
0304.49.30,Seer
0304.49.40,Tuna
0304.49.90,Other
0304.51,00
0304.52.00,Salmonidae
0304.5300,"Macrouridae, Melanonidae, Merlucciidae, Moridae and"
0304.54.00,Swordfish (Xiphias gladius)
0304.5500,Toothfish (Dissostichus spp.)
03045600,Dogfish and other sharks
03045700,Rays and skates (Rajidae)
0304.59,Other
03045910,Hilsa (Tenualosa ilisha)
03045930,Seer
03045940,Tuna
03045990,Other
03046100,Tilapias (Oreochromis spp.)
03046200,"Catfish (Pangasius spp., Silurus spp Clarias spp Ictalurus spp.)"
03046300,Nile Perch (Lates niloticus)
03046900,Other
03047100,"Cod (Gadus morhua, Gadus ogac, Gadus macrocephalus)"
03047200,Haddock (Melanogrammus aeglefinus)
03047300,Coalfish (Pollachius virens)
03047400,"Hake (Merluccius spp., Urophycis spp.)"
03047500,Alaska Pollack (Theragra chalcogramma)
03047900,Other
030481,00
03048200,"Oncorhynchus aguabonita, Oncorhynchus gilae, Oncorhynchus apache"
030483,00
03048400,Swordfish (Xiphias gladius)
03048500,Toothfish (Dissostichus spp.)
03048600,"Herrings (Clupea harengus, Clupea pallasii)"
030487,00
030488,"Dogfish, other sharks Rays and skates (Rajidae):"
03048810,Dogfish
03048820,Other sharks
03048830,Rays and skates (Rajidae)
030489,Other
03048910,Hilsa (Tenualosa ilisha)
03048930,Seer
03048940,Tuna
03048990,Other
03049100,Swordfish (Xiphias gladius)
03049200,Toothfish (Dissostichus spp.)
03049300,"Hypophthalmichthys spp., Cirrhinus spp., Mylopharyngodon piceus, Catla catla,"
03049400,Alaska Pollack (Theragra chalcogramma)
03049500,"Macrouridae, Melanonidae, Merlucciidae, Moridae and"
03049600,Dogfish and other sharks
03049700,Rays and skates (Rajidae)
03049900,Other
0305,"before or during the smoking process; flours, meals and pellets of"
0305.1000,"Flours, meals and pellets of fish, fit for human consumption"
0305.2000,"Livers, roes and milt of fish, dried, smoked, salted or in brine"
030532,00
03053900,Other
0305.41,00
0305.42.00,"Herrings (Clupea harengus, Clupea pallasii)"
0305.43.00,"Oncorhynchus aguabonita, Oncorhynchus gilae, Oncorhynchus apache"
030544,00
0305.4900,Other
0305.51.00,"Cod (Gadus morhua, Gadus ogac, Gadus macrocephalus)"
030552,00
030553,00
03055400,"spp.), jack and horse mackerel (Trachurus spp.), jacks, crevalles"
0305.59,Other
0305.59.10,mumbai duck
0305.59.20,seer without head
0305.59.30,sprats
0305.59.90,other
0305.6100,"Herrings (Clupea harengus, Clupea pallasii)"
0305.6200,"Cod (Gadus morhua, Gadus ogac, Gadus macrocephalus)"
0305.6300,Anchovies (Engraulis spp.)
0305.69,Other
0305.69.10,mumbai duck
0305.69.20,seer without head
0305.69.30,sprats
0305.69.90,other
03057100,"Shark fins,"
03057200,"Fish heads, tails and maws"
03057900,Other
0306,"or by boiling in water, whether or not chilled, frozen, dried, salted or"
0306.11,00
0306.12,Lobsters (Homarus spp.)
0306.12.10,whole cooked
0306.12.90,other
0306.1400,Carbs
03061500,Norway lobsters (Nephrops norvegicus)
0306.16,"Cold water shrimps and prawns (Pandalus spp., Crangon rangon):"
0306.1610,Accelerated Freeze Dried (AFD)
0306.1690,Other
030617,Other shrimps and prawns:
03061711,Accelerated Freeze Dried (AFD)
03061719,Other
03061790,Other
0306.21,00
0306.2200,Lobsters (Homarus spp.)
0306.2400,Crabs
03062500,Norway lobsters (Nephrops norvegicus)
03062600,"Cold water shrimps and prawns (Pandalus spp., Crangon rangon):"
030627,Other shrimps and prawns:
03062710,Powdered
03062790,Other
03063100,"Rock lobster and other sea crawfish (Palinurus spp., Jasus spp.)"
03063200,Lobsters ( Homarus spp.)
03063300,Crabs
03063400,Norway lobsters (Nephrops norvegicus)
03063500,"Cold water shrimps and prawns (Pandalus spp., Crangon crangon)"
03063600,Other shrimps and prawns
03063900,"Other, including flours, meals and pellets of crustaceans, fit for human consumption"
03069100,"Rock lobster and other sea crawfish (Palinurus spp., Jasus spp.)"
03069200,Lobsters ( Homarus spp.)
03069300,Crabs
03069400,Norway lobsters (Nephrops norvegicus)
03069500,Shrimps and prawns
03069900,"Other, including flours, meals and pellets of crustaceans, fit for human consumption"
0307,"molluscs, live, fresh, chilled, frozen, dried, salted or in brine; flours,"
03071100,Live fresh or child
03071200,Frozen
03071900,Other
03072100,"live, fresh or chilled"
03072200,Frozen
03072900,other
03073100,"Live, fresh or chilled"
03073200,Frozen
030739,Other
03073910,"clams, clam meat (bivalves-Victoria, spp., Mertrix spp.and Katalysia spp.)"
03073990,Other
030742,"Live, fresh or chilled:"
03074210,Cuttle fish
03074220,Squid
030743,Frozen:
03074310,Cuttle fish
03074320,Whole squids
03074330,Squid tubes
030749,Other
03074910,Cuttle fish
03074920,Whole squids
0307.49.30,Squid tubes
03074940,Dried squids
0307.49.90,other
0307.51.00,"live, fresh or chilled"
03075200,Frozen
0307.59.00,other
0307.60.00,"snails, other than sea snails"
03077100,"Live, fresh or chilled"
03077200,Frozen
03077900,Other
03078100,"Live, fresh or chilled abalone (Haliotis spp.)"
03078200,"Live, fresh or chilled stromboid conchs (Strombus spp.)"
03078300,Frozen abalone (Haliotis spp.)
03078400,Frozen stromboid conchs (Strombus spp.)
03078700,Other abalone (Haliotis spp.)
03078800,Other stromboid conchs (Strombus spp.)
03078900,Other
03079100,"Live, fresh or chilled"
03079200,Frozen
03079900,Other
0308,"Sea cucumbers (Stichopus japonicus, Holothuroidea)"
03081100,Live fresh or child
03081200,Frozen
03081900,Other
03082100,"Live, fresh or chilled"
03082200,Frozen
03082900,Other
030830,Jellyfish (Rhopilema spp.)
03083010,"Live, fresh or chilled"
03083020,Dried salted or frozen
03089000,Other
0401.10.00,"Of a fat content, by weight, not exceeding 1%"
0401.20.00,"Of a fat content, by weight, exceeding 1% but not exceeding 6%"
0401.4000,"of a fat content.by weight, exceeding 6% but not exceeding 10%"
0401.50.00,"Of a fat content, by weight,exceedinng 10%"
0402.10.10,Skimmed milk
0402.10.20,Milk food for babies
0402.10.90,Other
0402.21,Not containing added sugar or Other sweetening matter
0402.21.00,Not containing added sugar or other sweetening matter
0402.29,Other
0402.29.10,Whole milk
0402.29.20,Milk for babies
0402.29.90,Other
0402.91,Not containing added sugar or Other sweetening matter
0402.91.10,Condensed milk
0402.91.90,Other
0402.99,Other
0402.99.10,Whole milk
0402.99.20,Condensed milk
0402.99.90,Other
0403.10,Yogurt
0403.10.00,Yogurt
0403.90,Other
0403.90.10,Butter milk
0403.90.90,other
0404.10.10,"Whey, concentrated, evaporated or condensed, liquid or semi-solid"
0404.10.20,"Whey, dry , blocks and powdered"
0404.10.90,Other
0404.90,Other
0404.90.00,Other
0405,Butter and other fats and oils derived from milk; dairy spreads.
0405.10,Butter
0405.10.00,Butter
0405.20,Dairy spreads
0405.20.00,Dairy Spreads
0405.90,Other
0405.90.10,Butter Oil
0405.90.20,Ghee
0405.90.90,Other
0406,Cheese and curd.
0406.10.00,"Fresh cheese, including whey cheese and curd"
0406.20,"Grated or powdered cheese, of all kinds"
0406.20.00,"Grated or powdered cheese, of all kinds"
0406.30,"Processed cheese, Not Grated or powdered"
0406.30.00,Processed cheese not grated or powdered
0406.90,Other cheese
0406.90.00,Other cheese
0407,"Birds' eggs, in shell, fresh, preserved or cooked."
0407.11.00,of fowls of the species Gallus domesticus :
0407.19,Other
04071910,of ducks
04071990,Other
04072100,Of fowls of the species Gallus domesticus :
04072900,Other
04079000,Other
0408.11,dried
0408.11.00,dried
0408.19,Other
0408.19.00,Other
0408.91,dried
0408.91.00,dried
0408.99,Other
0408.99.00,Other
0409,Natural honey.
0409.00.00,Natural Honey
0410.00.10,Of wild animals
0410.00.20,"Turtle eggs and salanganes' nests (""birds' nests"")"
0410.00.90,Other
0501.00.10,"Human hair, unworked, whether or not washed or scoured"
0501.00.20,Waste of human hair
0502.10,"- Pigs', hogs' or boars' bristles and hair and waste thereof"
0502.10.10,"Pigs' , hogs' or boars' bristles and hair"
0502.10.20,"Waste of pigs', hogs' or boars' bristles and hair"
0502.90,Other
0502.90.10,Badger hair and other brush making hair
0502.90.20,Yak tail hair
0502.90.90,Other
0504,"pieces thereof, fresh, chilled, frozen, salted, in brine, dried or"
0504.00,"pieces thereof, fresh, chilled, frozen, salted, in brine, dried or"
0504.00.10,Guts of cattle for natural food casings
0504.00.20,Guts of sheep and goats for natural food casings
0504.00.31,Of wild animals
0504.00.39,Other
0504.00.41,Of wild animals
0504.00.49,Other
0504.00.51,Of wild animals
0504.00.59,Other
0505.10,- Feathers of a kind used for stuffing; down
0505.10.10,Of wild birds
0505.10.90,Other
0505.90,Other
0505.90.10,Peacock tail and wing feather
0505.90.21,Of wild birds
0505.90.29,Other
0505.90.31,Of wild birds
0505.90.39,Other
0505.90.91,Of wild birds
0505.90.99,Other
0506,"cut to shape), treated with acid or degelatinised; powder and waste"
0506.10,Ossein and bones treated with acid
0506.10.11,Of wild animals
0506.10.19,Other
0506.10.21,Of wild animals
0506.10.29,Other
0506.10.31,Of wild animals
0506.10.39,Other
0506.10.41,Of wild animals
0506.10.49,Other
0506.90,Other
0506.90.11,Of wild animals
0506.90.19,Other
0506.90.91,Of wild animals
0506.90.99,Other
0507,"hooves, nails, claws and beaks, unworked or simply prepared but"
0507.10,- Ivory; ivory powder and waste
0507.10.10,Ivory
0507.10.20,Ivory powder and waste
0507.90,Other
0507.90.10,Hoof meal
0507.90.20,Horn meal
0507.90.30,"Hooves, claws, nails and beaks"
0507.90.40,Antlers
0507.90.50,Buffalo horns
0507.90.60,Tortoise shell
0507.90.70,Claws and waste of tortoise shell
0507.90.90,Other
0508.00.10,Coral
0508.00.20,Chanks
0508.00.30,Cowries
0508.00.40,Cuttlefish bones
0508.00.50,Shells
0508.00.90,Other
0510.00.10,"Bezooar, cow (goolochan)"
0510.00.20,Ox Gallstone
0510.00.30,"Placenta, frozen"
0510.00.91,Of wild animals
0510.00.99,Other
0511.10,bovine semen
0511.10.00,Bovine semen
0511.91.10,Fish nails
0511.91.20,Fish tails
0511.91.30,Other fish waste
0511.91.90,Other
0511.99,Other
0511.99.11,Artemia
0511.99.19,Other
0511.99.21,Of wild life
0511.99.29,Other
0511.99.91,"Frozen semen, other than bovine; bovine embryo"
0511.99.92,Of wild life
0511.99.99,Other
0601,"dormant, in growth or in flower; chicory plants and roots other than"
0601.10.00,"Bulbs,tubers,tuberous roots,corms,crowns and rhizomes, dormant"
0601.20.10,"Bulbs, horticultural"
0601.20.21,Plants
0601.20.22,Roots
0601.20.90,Other
0602.10.00,Unrooted cuttings and slips
0602.20.10,"Edible fruit or nut trees,grafted or not"
0602.20.20,Cactus
0602.20.90,Other
0602.30.00,"Rhododendrons and azaleas, grafted or not"
0602.40.00,"Roses, grafted or not"
0602.90,Other
0602.90.10,Mushroom spawn
0602.90.20,Flowering plants
0602.90.30,Tissue cullture plants
0602.90.90,Other
0603,"ornamental purposes, fresh, dried, dyed, bleached, impregnated or"
0603.11.00,Roses
0603.12.00,Carnations
0603.13.00,Orchids
0603.14.00,Chrysanthemums
06031500,Lilies(Lilium spp.)
0603.19.00,Other
0603.90.00,Other
0604.2000,fresh
0604.90.00,Other
0701,"Potatoes, fresh or chilled."
0701.10,Seed
0701.10.00,Seed
0701.90,Other
0701.90.00,Other
0702,"Tomatoes, fresh or chilled."
0702.00,"Tomatoes, fresh or chilled."
0702.00.00,Tomotoes fresh or chilled
0703.10,Onions and shallots
0703.10.10,Onions
0703.10.20,Shallots
0703.20,Garlic
0703.20.00,Garlic
0703.90,Leeks and Other alliaceous vegetables
0703.90.00,Leeks and other alliaceous vegetables
0704.10,Cauliflowers and headed broccoli
0704.10.00,Cauliflowers and headed brococoli
0704.20,Brussels sprouts
0704.20.00,Brussels sprouts
0704.90,Other
0704.90.00,Other
0705.11,Cabbage lettuce (head lettuce)
0705.11.00,Cabbage lettuce
0705.19,Other
0705.19.00,other
0705.21,Witloof chicory (Cichorium intybus var. foliosum)
0705.21.00,witloof chicory
0705.29,Other
0705.29.00,other
0706.10,Carrots and turnips
0706.10.00,carrots and tumips
0706.90,Other
0706.90.10,horse radish
0706.90.20,other radish
0706.90.30,salad beetroot
0706.90.90,other
0707,"Cucumbers and gherkins, fresh or chilled."
0707.00,"Cucumbers and gherkins, fresh or chilled."
0707.00.00,"cucumbers or gherkins, fresh or chilled"
0708,"Leguminous vegetables, shelled or unshelled, fresh or chilled."
0708.10,Peas (Pisum sativum)
0708.10.00,peas
0708.20,"Beans (Vigna spp., Phaseolus spp.)"
0708.20.00,beans
0708.90,Other leguminous vegetables
0708.90.00,other leguminous vegetables
0709,"Other vegetables, fresh or chilled."
0709.20.00,asparagus
0709.3000,- Aubergines (egg-plants)
0709.40.00,celery other than celeraic
0709.51.00,mushrooms of the genus agaricus
0709.59.00,other
0709.60,Fruits of the genus Capsicum or of the genus Pimenta
0709.60.10,green chilli
0709.60.90,other
0709.70.00,"spinach, new zealand spinach and orache spinach"
07099100,Globe artichokes
0709.92.00,olives
0709.9300,"pumpkins squash and gourds (Cucurbita spp,)"
0709.99,Other
0709.99.10,green pepper
0709.99.20,mixed vegetables
0709.99.90,other
0710.10,Potatoes
0710.10.00,potatoes
0710.21,Peas (Pisum sativum)
0710.21.00,peas
0710.22,"Beans (Vigna spp., Phaseolus spp.)"
0710.22.00,beans
0710.29,Other
0710.29.00,other
0710.30,"Spinach, New Zealand Spinach and orache Spinach (garden Spinach)"
0710.30.00,"spinach, new zealand spinach and orache spinach"
0710.40,Sweet corn
0710.40.00,sweet corn
0710.80,Other vegetables
0710.80.10,terragon
0710.80.90,other
0710.90,Mixtures of vegetables
0710.90.00,mixtures of vegetables
0711,"gas, in brine, in sulphur water or in other preservative solutions), but"
0711.20,Olives
0711.20.00,olives
0711.40,Cucumbers and gherkins
0711.40.00,cucumbers and gherkins
0711.51,Mushrooms of the genus Agaricus
0711.51.00,mushrooms of the gensus agaricus
0711.59,Other
0711.59.00,other
0711.90,- Other vegetables; mixtures of vegetables
0711.90.10,green pepper in brine
0711.90.20,assorted canned vegetables
0711.90.90,other
0712.20,Onions
0712.20.00,onions
0712.31,Mushrooms of the genus Agaricus
0712.31.00,mushrooms of the genus agaricus
0712.32,Wood ears (Auricularia spp.)
0712.32.00,Wood ears
0712.33,Jelly fungi (Tremella spp.)
0712.33.00,jelly fungi
0712.39,Other
0712.39.00,Other
0712.90,- Other vegetables; mixtures of vegetables
0712.90.10,Asparagus
0712.90.20,Dehydrated garlic powder
0712.90.30,Dehydrated garlic flakes
0712.90.40,Dried garlic
0712.90.50,"Marjoram, oregano"
0712.90.60,Potatoes
0712.90.90,Other
0713.1000,Peas (Pisum sativum)
0713.2000,Chickpeas (garbanzos)
0713.31,00
0713.3200,Small red (Adzuki) Beans (Phaseolus or Vigna angularis)
0713.3300,"Kidney Beans, including white pea Beans (Phaseolus vulgaris)"
07133400,Bambara beans (Vigna subterranea or Voandzeia subterranea)
07133500,Cow peas (Vigna unguiculata)
0713.39,Other
0713.39.10,guar seeds
0713.39.90,other
0713.40.00,lentils
0713.50,00
07136000,Pigeon peas (Cajanus cajan)
0713.90,Other
0713.90.10,Split
0713.90.90,Other
0714.10.00,Manioc (cassava)
0714.20.00,Sweet potatoes
07143000,Yams(Dioscorea spp.)
07144000,Taro(Colocasia spp.)
07145000,Yautia(Xanthosoma spp.)
0714.90,Other
0714.90.10,Sago pith
0714.90.90,Other
0801.11.00,Desiccated
0801.12,in the inner sheell (endocarp):
0801.12.10,Fresh
0801.12.20,Dried
0801.12.90,Other
080119,Other:
08011910,Fresh
08011920,Dried
0801.1990,Other
0801.2100,In shell
0801.22.00,Shelled
0801.3100,in shell
0801.32,Shelled
0801.32.10,"cashew kernel, broken"
0801.32.20,"cashew kernel, whole"
0801.32.90,Other
0802,"Other nuts, fresh or dried, whether or not shelled or peeled."
0802.1100,in shell
0802.12.00,Shelled
0802.2100,In Shell
0802.22.00,Shelled
0802.3100,in shell
0802.3200,Shelled
0802.41.00,In shell
0802.4200,Shelled
08025100,In shell
08025200,Shelled
0802.6100,In shell
08026200,Shelled
0802.7000,Kola nuts (Cola spp.)
0802.80,Areca nuts:
08028010,Whole
08028020,Split
08028030,Ground
08028090,Other
0802.9000,Other
0803,"Bananas, including plantains, fresh or dried."
080310,Plantsains:
08031010,Curry plantain
08031090,Other
080390,Other:
08039010,"Bananas,fresh"
08039090,Other
0804.10,Dates
0804.10.10,Fresh
0804.10.20,Soft
0804.10.30,Hard
0804.10.90,Other
0804.20,Figs
0804.20.10,Fresh
0804.20.90,Other
0804.30,Pineapples
0804.30.00,Pineapples
0804.40,Avocados
0804.40.00,Avocados
0804.50,"Guavas, mangoes and mangosteens"
0804.50.10,"Guavas, fresh or dried"
0804.50.20,"Mangoes, fresh"
0804.50.30,"Mangoes, sliced dried"
0804.50.40,Mango pulp
0804.50.90,other
0805,"Citrus fruit, fresh or dried."
0805.10,Oranges
0805.10.00,Oranges
08052100,Mandarins (including tangerines and satsumas)
08052200,Clementines
08052900,Other
0805.40,"Grapefruit, including pomelos"
0805.40.00,"Grape fruit,including pomelos"
0805.90,Other
0805.90.00,Other
0806,"Grapes, fresh or dried."
0806.10,fresh
0806.10.00,Fresh
0806.20,dried
0806.20.10,Raisins
0806.20.90,Other
0807,"Melons (including watermelons) and papaws (papayas), fresh."
0807.11,Watermelons
0807.11.00,Water melons
0807.19,Other
0807.19.00,Other
0807.20,Papaws (papayas)
0807.20.00,Papaws
0808,"Apples, pears and quinces, fresh."
0808.10.00,Apples
0808.30.00,Pears
0808.40.00,Quinces
0809.10.00,Apricots
0809.21.00,Sour cherries (Prunus cerasus)
0809.2900,Other
0809.30.00,"Peaches, including nectarine"
0809.40.00,Plums and sloes
0810,"Other fruit, fresh."
0810.10.00,Strawberries
0810.20.00,"Raspberries, blackberries, mulberries and loganberries"
0810.3000,"Black, white or red currants and gooseberries"
0810.40.00,"Cranberries, bilberries and other fruits of the genus vaccinium"
0810.50.00,Kiwi fruit
0810.60.00,Durians
08107000,Persimmons
0810.90,Other
0810.90.10,Pomegranates
0810.90.20,"Tamarind, fresh"
0810.90.30,Sapota (chico)
0810.90.40,Custard-apple (ata)
0810.90.50,Bore
0810.90.60,Lichi
0810.90.90,Other
0811,"frozen, whether or not containing added sugar or other sweetening"
0811.10,Strawberries
0811.10.10,Containing added sugar
0811.10.20,Not containaing added sugar
0811.10.90,Other
0811.20.10,Containing added sugar
0811.20.20,Not containaing added sugar
0811.20.90,Other
0811.90,Other
0811.90.10,Containing added sugar
0811.90.90,Other
0812,"dioxide gas, in brine, in sulphur water or in other preservative"
0812.10,Cherries
0812.10.00,Cherries
0812.90,Other
0812.90.10,Mango slices in brine
0812.90.90,Other
0813.10,Apricots
0813.10.00,Apricots
0813.20,Prunes
0813.20.00,Prunes
0813.30,Apples
0813.30.00,Apples
0813.40,Other fruit
0813.40.10,"Tamarind, dried"
0813.40.20,Singoda whole
0813.40.90,Other
0813.50,Mixtures of nuts or dried Fruits of this Chapter
0813.50.10,Mixtures of nuts
0813.50.20,Mixtures of dried fruits
0814.00,"dried or provisionally preserved in brine, in sulphur water or in other"
0901.11,Not decaffeinated
0901.11.11,A Grade
0901.11.12,B Grade
0901.11.13,C Grade
0901.11.19,Other
0901.11.21,AB Grade
0901.11.22,PB Grade
0901.11.23,C Grade
0901.11.24,B/B/B GRADE
0901.11.29,Other
0901.11.31,AB Grade
0901.11.32,PB Grade
0901.11.33,C Grade
0901.11.39,Other
0901.11.41,AB Grade
0901.11.42,PB Grade
0901.11.43,C Grade
0901.11.44,B/B/B GRADE
0901.11.45,Bulk
0901.11.49,Other
0901.11.90,Other
0901.12,decaffeinated
0901.12.00,Decaffeinated
0901.21,Not decaffeinated
0901.21.10,In bulk packing
0901.21.90,Other
0901.22,decaffeinated
0901.22.10,In bulk packing
0901.22.90,Other
0901.90,Other
0901.90.10,Coffee husks and skins
0901.90.20,Coffee substitutes containing coffee
0901.90.90,Other
0902,"Tea, whether or not flavoured."
0902.10.10,content not exceeding 25 g.
0902.10.20,Content exceeding 25 g. but not exceeding 1 kg.
0902.10.30,Content exceeding 1 kg. but not exceeding 3 kg.
0902.10.90,Other
0902.20,Other Green tea (Not fermented)
0902.20.20,Green tea in bulk
0902.20.40,Green tea waste
0902.20.90,Other
0902.30.10,content not exceeding 25 g.
0902.30.20,Content exceeding 25 g. but not exceeding 1 kg.
0902.30.30,Content exceeding 1 kg. but not exceeding 3 kg.
0902.30.90,Other
0902.40,Other black tea (fermented) and Other partly fermented tea
0902.40.10,Content exceeding 3 kg. But not exceeding 20 kg
0902.40.20,"Black tea, leaf in bulk"
0902.40.30,"Black tea, dust in bulk"
0902.40.40,Tea bags
0902.40.50,"Black tea, agglomerated in forms such as ball, brick and tablets"
0902.40.60,"Black tea, waste"
0902.40.90,Other
0903,Maté.
0903.00,Maté.
0903.00.00,Mate
0904.11,Neither crushed nor ground
0904.11.10,"Pepper, long"
0904.11.20,Light black pepper
0904.11.30,"Black pepper, garbled"
0904.11.40,Black pepper ungarbled
0904.11.50,"Green pepper, dehydrated"
0904.11.60,Pepper pinheads
0904.11.70,"Green pepper, frozen or dried"
0904.11.80,"Pepper other than green, frozen"
0904.11.90,Other
0904.12.00,Crushed or ground
0904.21,Dried neither crushed nor ground:
0904.21.10,of genus Capsicum
0904.21.20,of genus Piments
0904.22,Crushed or ground
0904.22.11,Chilly Power
09042212,Chilly seeds
09042219,Other
09042221,Powder
09042229,Other
0905,Vanilla.
09051000,Neither crushed nor ground
0905.20.00,Crushed or ground
0906,Cinnamon and cinnamon-tree flowers.
0906.11,Cinnamon (Cinnamomum zeylanicum Blume)
0906.11.10,Cinnamon bark
0906.11.20,Cinnamon tree flowers
0906.11.90,Other
0906.19,Other
0906.19.10,Cassia
0906.19.90,Other
0906.20.00,Crushed or ground
0907,"Cloves (whole fruit, cloves and stems)."
0907.10,Neither crushed nor ground
0907.1010,Extracted
09071020,Not Extracted (other than stem)
0907.10.30,Stems
0907.10.90,Other
09072000,Crushed or ground
0908,"Nutmeg, mace and cardamoms."
090811,Nutmeg crushed nor ground
09081110,In shell
09081120,Shelled
09081200,Crushed or ground
09082100,Neither crushed nor ground
09082200,Crushed or ground
090831,Neither crushed nor ground
09083110,Large (amomum)
09083120,"Small (ellettaria,) alleppey green"
09083130,Small coorg green
09083140,"Small bleached, half bleached or bleachable"
09083150,Small mixed
09083190,Other
090832,Crushed or ground
09083210,Powder
09083220,Small cardamom seeds
09083230,Cardamom husk
09083290,Other
090921,Neither crushed nor ground
0909.2110,Of seed quality
0909.2190,Other
09092200,Crushed or ground
0909.31,Neither crushed nor ground
09093111,Of seed quality
0909.3119,Other
0909.3121,Of seed quality
0909.31.29,Other
09093200,Crushed or ground
090961,Neither crushed nor ground
09096111,Of seed quality
0909.6119,Other
09096121,Of seed quality
09096129,Other
0909.6131,Of seed quality
09096139,Other
09096141,Of seed quality
09096149,Other
090962,Crushed or ground
09096210,Anise
09096220,Badian
09096230,Caraway or fennel
09096240,Juniper berries :
091011,Neither crushed nor ground
0910.11.10,Fresh
0910.11.20,"Dried, unbleached"
0910.11.30,"Dried, bleached"
0910.11.90,Other
091012,Crushed or ground
09101210,Powder
09101290,Other
0910.20,Saffron
0910.20.10,Saffron stigma
0910.20.20,Saffron stamen
0910.20.90,Other
0910.30,Turmeric (curcuma)
0910.30.10,Fresh
0910.30.20,Dried
0910.30.30,Powder
0910.30.90,Other
0910.9100,-- Mixtures referred to in Note 1 (b) to this Chapter
0910.99,Other
0910.99.11,Celery
0910.99.12,Fenugreek
0910.99.13,Dill
0910.99.14,Ajwain
0910.99.15,Cassia torea
0910.99.19,Other
0910.99.21,Cassia
0910.99.23,Celery
0910.99.24,Fenugreek
0910.99.25,Dill
0910.99.26,Poppy
0910.99.27,Mustard
0910.99.29,Other
0910.99.39,Other
0910.99.90,Other
1001,Wheat and meslin.
1001.11.00,Seed
1001.1900,Other
1001.91.00,Seed
100199,Other
1001.99.10,Wheat
1001.99.20,Meslin :
1002,Rye.
1002.1000,Seed
1002.90.00,Other
1003,Barley.
10031000,Seed
1003.9000,Other
1004,Oats.
10041000,Seed
1004.9000,Other
1005,Maize (corn).
1005.10.00,Seed
1005.90.00,Other
1006,Rice.
1006.10,Rice in the husk (paddy or Rough)
1006.10.10,Of seed quality
1006.10.90,Other
1006.20,Husked (brown) Rice
1006.20.00,Husked rice
1006.30,"Semi-milled or wholly milled Rice, whether or Not polished or glazed"
1006.30.10,"Rice, parboiled"
1006.30.20,Basmati rice
1006.30.90,Other
1006.40,Broken Rice
1006.40.00,Broken rice
1007,Grain sorghum.
10071000,Seed
1007.9000,Other
1008,"Buckwheat, millet and canary seed; other cereals."
1008.10,Buckwheat
1008.10.10,Of seed quality
1008.10.90,Other
100821,Seed:
10082110,Jawar
10082120,Bajra :
10082130,Ragi
100829,Other
10082910,Jawar
10082920,Bajra :
10082930,Ragi
100830,Conary seeds
10083010,Of seed quality
10083090,Other
10084000,Fino (Digitaria spp.)
10085000,Quinoa (Chenopodium quinoa)
10086000,Triticale
100890,Other cereals
10089010,Of seed quality
10089090,Other
1101.00.00,Wheat or meslin flour.
1102,Cereal flours other than of wheat or meslin.
1102.20.00,maize (corn) flour
1102.90,Other
1102.9010,Rye flour
1102.90.90,Other
1103,"Cereal groats, meal and pellets."
1103.11,of wheat
1103.11.10,Groat
1103.11.20,Meal
1103.13,of maize (corn)
1103.13.00,Of maize (corn)
1103.19,of Other cereals
1103.19.00,Of other cereals
1103.20,pellets
1103.20.00,Pellets
1104,"pearled, sliced or kibbled), except rice of heading 1006; germ of"
1104.12,of oats
1104.12.00,Of oats
1104.19,of Other cereals
1104.19.00,Of other cereals
1104.22,of oats
1104.22.00,Of oats
1104.23,of maize (corn)
1104.23.00,Of maize (corn)
1104.29,of Other cereals
1104.29.00,Of other cereals
1104.30,"Germ of cereals, whole, Rolled, flaked or ground"
1104.30.00,"Germ of cereals, whole, rolled, flaked or ground"
1105,"Flour, meal, powder, flakes, granules and pellets of potatoes."
1105.10,"flour, meal and powder"
1105.10.00,"Flour, meal and powder"
1105.20,"Flakes, granules and pellets"
1105.20.00,"Flakes, granules and pellets"
1106,"heading 0713, of sago or of roots or tubers of heading 0714 or of the"
1106.10,Of the dried leguminous vegetables of heading 0713
1106.10.00,Of the dried leguminous vegetables
1106.20,Of sago or of roots or tubers of heading 0714
1106.20.10,Of sago
1106.20.20,Of manioc
1106.20.90,Of other roots and tubers
1106.30,- Of the products of Chapter 8
1106.30.10,Of tamarind
1106.30.20,Of singoda
1106.30.30,Mango flour
1106.30.90,Other
1107,"Malt, whether or not roasted."
1107.10,Not roasted
1107.10.00,Not roasted
1107.20,roasted
1107.20.00,Roasted
1108,Starches; inulin.
1108.11,wheat starch
1108.11.00,Wheat starch
1108.12,maize (corn) starch
1108.12.00,Maize starch
1108.13,Potato starch
1108.13.00,Potato starch
1108.14,Manioc (cassava) starch
1108.14.00,Manioc
1108.19,Other starches
1108.19.10,Sago
1108.19.90,Other
1108.20,Inulin
1108.20.00,Inulin
1109,"Wheat gluten, whether or not dried."
1109.00,"Wheat gluten, whether or not dried."
1109.00.00,"Wheat gluten, whether or not dried"
1201,"Soya beans, whether or not broken."
12011000,Seed
1201.9000,Other
1202.30,Seed
12023010,H.P.S :
1202.3090,Other
120241,In shell
1202.4110,H.P.S :
1202.4190,Other
1202.42,"Shelled, whether or Not Broken"
1202.42.10,"Kernels, H.P.S."
12024220,"Kernels, other"
1202.4290,Other
1203,Copra.
1203.00.00,Copra.
1204,"Linseed, whether or not broken."
1204.00,"Linseed, whether or not broken."
1204.00.10,Of seed quality
1204.00.90,Other
1205,"Rape or colza seeds, whether or not broken."
1205.10,low erucic acid rape or colza Seeds
1205.10.00,Of seed quality
1205.90,Other
1205.90.00,Other
1206,"Sunflower seeds, whether or not broken."
1206.00,"Sunflower seeds, whether or not broken."
1206.00.10,Of seed quality
1206.00.90,Other
1207,"Other oil seeds and oleaginous fruits, whether or not broken."
1207.10,Palm nuts and kernels
1207.10.10,Palm nuts
1207.10.90,Palm Kernels
1207.2100,seed
1207.2900,Other
1207.30,Castor oil seeds:
1207.3010,Of seed quality
1207.30.90,Other
120740,Sesamum seeds
1207.4010,Of seed quality
1207.4090,Other
1207.50,Mustard seeds:
1207.50.10,Of seed quality
1207.5090,Other
120760,Saffower (Carthamus tinctorius) seeds:
12076010,Of seed quality
12076090,Other
120770,Melon seeds:
12077010,Of seed quality
12077090,Other
12079100,Poppy seeds
120799,Other
1207.99.10,Ajams
1207.99.20,Mango kernel
1207.99.30,Niger seed
1207.99.40,Kokam
1207.99.90,Other
1208.10,of soya Beans
1208.10.00,Of soya beans
1208.90,Other
1208.90.00,Other
1209,"Seeds, fruit and spores, of a kind used for sowing."
1209.10.00,Sugar beet seed
1209.2100,Lucerne (alfalfa) Seed
1209.2200,Clover (Trifolium spp.) Seed
1209.23.00,Fescue seed
1209.2400,Kentucky Blue grass (Poa pratensis L.) Seed
1209.2500,"Rye grass (Lolium multiflorum Lam., Lolium perenne L.) Seed"
1209.29,Other
1209.29.10,Australian lupin seeds
1209.29.90,Other
1209.30.00,Seeds of herbaceous plants cultivated principally for their flowers
1209.91,Vegetable Seeds
1209.91.10,Of cabbage
1209.91.20,Of cauliflower
1209.91.30,Of onion
1209.91.40,Of pea
1209.91.50,of radish
1209.91.60,Of Tomato
1209.91.90,Other
1209.99,Other
1209.99.10,Fruit seeds for planting or sowing
1209.99.90,Other
1210.10,"Hop cones, Neither ground nor powdered nor in the form of pellets"
1210.10.00,"Hop cones, neither ground nor powdered nor in the form of pellets"
1210.20,"- Hop cones, ground, powdered or in the form of pellets; lupulin"
1210.20.00,"Hop cones,ground ,powdered or in the form of pellets"
1211,"PHARMACY OR FOR INSECTICIDAL, FUNGICIDAL OR SIMILAR"
1211.20,Ginseng roots
1211.20.00,Ginseng roots
1211.30,Coca leaf
1211.30.00,Coca leaf
1211.40,Poppy straw
1211.40.00,Poppy straw
12115000,Ephedra
1211.90,Other
1211.90.11,Ambrette seeds
1211.90.12,"Nuxvomica,dried ripe seeds"
1211.90.13,Psyllium seed
1211.90.14,Neem seed
1211.90.15,Jojoba seed
1211.90.19,Other
1211.90.21,Belladona leaves
1211.90.22,Senna leaves and pods
1211.90.23,"Neem leaves, powder"
1211.90.24,Gymnema powder
1211.90.25,cubeb powder
1211.90.26,Pyrethrum
1211.90.29,Other
1211.90.31,Cascara sagrada bark
1211.90.32,Psyllium husk
1211.90.33,Camboge fruit rind
1211.90.39,Other
1211.90.41,Belladona roots
1211.90.42,Galangal rhizomes and roots
1211.90.43,lpecec dried rhizome and roots
1211.90.44,Serpentina roots
1211.90.45,Zedovary roots
1211.90.46,Kuth root
1211.90.47,Sarasaparilla roots
1211.90.48,Sweet flag rhizomes
1211.90.49,Other
1211.90.50,Sandalwood chips and dust
1211.90.60,Vinca rosea herbs
1211.90.70,Mint including leaves
1211.90.80,Agarwood
1211.90.91,Chirata
1211.90.92,Tukmaria
1211.90.93,Unab
1211.90.94,"Basil,hyssop,rosemary,sage and savory"
1211.90.95,Lovage
1211.90.96,Garcenia
1211.90.99,Other
121221,Fit for human consumption
1212.21.10,Seaweeds
1212.21.90,Other algae
121229,Other :
12122910,Seaweeds
12122990,Other algae
1212.91.00,Sugar beet
12129200,Locust beans (carob)
1212.9300,Sugar cane
12129400,Chicory roots
121299,Other
12129910,Kokam (cocum) flowers
1212.99.20,Mohua flowers
1212.99.90,Other
1214,"sainfoin, forage kale, lupines, vetches and similar forage products,"
1214.10,Lucerne (alfalfa) meal and pellets
1214.10.00,Lucerne meal and pellets
1214.90,Other
1214.90.00,Other
1301.20,Gum Arabic
1301.20.00,Gum Arabic
1301.90,Other
1301.90.11,Asian gum
1301.90.12,African gum
1301.90.13,Asafoetida
1301.90.14,Benjamin ras
1301.90.15,Benjamin cowrie
1301.90.16,Karaya gum hastab
1301.90.17,Tragacanth
1301.90.18,Storax
1301.90.19,Other
1301.90.21,Copal
1301.90.22,Dammar batu
1301.90.29,Other
1301.90.31,Myrrh
1301.90.32,Oilbanum or frankincense
1301.90.33,Mastic gum
1301.90.34,Xanthium gum
1301.90.39,Other
1301.90.41,Of seeds
1301.90.42,Of fruits
1301.90.43,Of leaves
1301.90.44,Of spices
1301.90.45,Of flowers
1301.90.46,Of roots
1301.90.49,Other
1301.90.99,Other THAN LAC
1302,"pectates; agar-agar and other mucilages and thickeners, whether or"
1302.11,Opium
1302.11.00,Opium
1302.12,of liquorice
1302.12.00,Of liqourice
1302.13,of hops
1302.13.00,Of hops
13021400,Of Ephedra
1302.19,Other
1302.19.11,Of belladona
1302.19.12,Of cascara sagrada
1302.19.13,Of nuxvomica
1302.19.14,Of ginseng
1302.19.15,Of agarose
1302.19.16,Of neem
1302.19.17,Of gymnema
1302.19.18,Of garacenia or cambodge
1302.19.19,Other
1302.19.20,"Cashew shell liquid , crude"
1302.19.30,Purified and distilled CNSL
1302.19.90,Other
1302.20,"Pectic substances, pectinates and pectates"
1302.20.00,"Pectic substances, pectinates and pectates"
1302.31,Agar-Agar
1302.31.00,Agar-agar
1302.32.10,Guar meal
1302.32.20,Guargum refined split
1302.32.30,Guargum treated and pulverised
1302.32.40,Kappa carrageenan
1302.32.90,Other
1302.39,Other
1302.39.00,Other
1401,"example, bamboos, rattans, reeds, rushes, osier, raffia, cleaned,"
1401.10,Bamboos
1401.10.00,Bamboos
1401.20,Rattans
1401.20.00,Rattans
1401.90,Other
1401.90.10,Canes
1401.90.90,Other
1404,Vegetable products not elsewhere specified or included.
1404.20,cotton linters
1404.20.00,Cotton linters
1404.90,Other
1404.90.10,Bidi wrappper leaves
1404.90.21,Powder
1404.90.29,Other
1404.90.30,"Hard seeds,pips,hulls and nuts, of a kind used primarily for carving"
1404.90.40,Betel leaves
1404.90.50,Indian katha
1404.90.60,"Coconut shell , unworked"
1404.90.70,Rudraksha seeds
1404.90.90,Other
1501.1000,Lard
1501.2000,Other pig fat
15019000,Other
150210,Tallow:
1502.10.10,Mutton tallow
1502.1090,Other
1502.9,Other
1502.9010,Unrendered fats
15029020,Rendered fats or solvent extraction fats
15029090,Other
1504.10,fish-liver oils and their fractions
1504.10.10,cod liver oil
1504.10.91,squid liver oil
1504.10.99,other
1504.20,"Fats and oils and their fractions, of fish, Other than liver oils"
1504.20.10,fish body oil
1504.20.20,fish lipid oil
1504.20.30,sperm oil
1504.20.90,Other
1504.30,"Fats and oils and their fractions, of marine mammals"
1504.30.00,"Fats and oils and their fractions, of marine mammals"
1505.00.10,Wood alcohol (including lanolin alcohol)
1505.00.20,"wool grease,crude"
1505.00.90,other
1506.00.10,Neats Foot oil and fats from bone or waste
1506.00.90,Other
1507.10,"Crude oil, whether or Not degummed"
1507.10.00,"crude oil, whether or not degummed"
1507.90,Other
1507.90.10,Edible grade
1507.90.90,Other
1508.10,Crude oil
1508.10.00,crude
1508.90,Other
1508.90.10,Deodorized (Salad Oil)
1508.90.91,Edible grade
1508.90.99,Other
1509.10,Virgin
1509.10.00,Olive oil Virgin
1509.90,Other
1509.90.10,olive oil Edible grade
1509.90.90,Other
1510,"or not refined, but not chemically modified, including blends of"
1510.00,"or not refined, but not chemically modified, including blends of"
1510.00.10,Crude oil
1510.00.91,Edible grade
1510.00.99,Other
1511.10,Crude oil
1511.10.00,Crude oil
1511.90,Other
1511.90.10,Refined bleached deoderised palm oil
1511.90.20,Refined bleached deoderised palmolein
1511.90.90,Other
1512.11,Crude oil
1512.11.10,Sunflower seed oil
1512.11.20,Safflower seed oil (kardi seed oil)
1512.19,Other
1512.19.10,"Sunflower oil, edible grade"
1512.19.20,"Sunflower oil, non-edible grade (othe than crude oil)"
1512.19.30,"Saffola oil, edible grade"
1512.19.40,"Saffola oil, non-edible grade"
1512.19.90,Other
1512.21,"Crude oil, whether or Not gossypol has been removed"
1512.21.00,"Crude oil, whether or not gossypol has been removed"
1512.29,Other
1512.29.10,Edible grade
1512.29.90,Other
1513.11,Crude oil
1513.11.00,Crude oil
1513.19,Other
1513.19.00,Other
1513.21,Crude oil
1513.21.10,Palm kernel oil
1513.21.20,Babbasu oil
1513.29,Other
1513.29.10,Palm kernel oil and its fractions
1513.29.20,Babbasu oil and its fractions edible grade
1513.29.30,"Babbasu oil and its fractions, other than edible grade"
1513.29.90,Other
1514.11,Crude oil
1514.11.10,Colza oil
1514.11.20,Rape oil
1514.11.90,Other
1514.19,Other
1514.19.10,Refined colza oil of edible grade
1514.19.20,Refined rapeseed oil of edible grade
1514.19.90,Other
1514.91,Crude oil
1514.91.10,Colza oil
1514.91.20,Musatrd oil
1514.91.90,Rapeseed oil
1514.99,Other
1514.99.10,Refined colza oil of edible grade
1514.99.20,Refined mustard oil of edible grade
1514.99.30,Refined rapeseed oil of edible grade
1514.99.90,Other
1515.11,Crude oil
1515.11.00,Linseed Crude oil
1515.19,Other
1515.19.10,Edible grade
1515.19.90,Other
1515.21,Crude oil
1515.21.00,Crude oil
1515.29,Other
1515.29.10,Edible grade
1515.29.90,Other
1515.30,Castor oil and its fractions
1515.30.10,Edible grade
1515.30.90,Other
1515.50,Sesame oil and its fractions
1515.50.10,Crude oil
1515.50.91,Edible grade
1515.50.99,other
1515.90,Other
1515.90.20,"cotton seed oil, khkon oil, water melon oil, kusum oil, rubber seed oil,"
1515.90.91,Edible grade
1515.90.99,Other
1516,"hydrogenated, inter-esterified, re-esterified or elaidinised, whether"
1516.10,animal Fats and oils and their fractions
1516.10.00,Animal fats and oils and their fractions
1516.20,Vegetable Fats and oils and their fractions
1516.20.11,"vegetable fats and oils, Edible grade"
1516.20.19,Other
1516.20.21,Edible grade
1516.20.29,Other
1516.20.31,Edible grade
1516.20.39,Other
1516.20.91,Edible grade
1516.20.99,Other
1517,"fats or oils or of fractions of different fats or oils of this Chapter,"
1517.10,"Margarine, excluding liquid Margarine"
1517.10.10,Of animal origin
1517.10.21,Edible grade
1517.10.22,Linoxyn
1517.10.29,Other
1517.90,Other
1517.90.10,Sal fat (processed or refined)
1517.90.20,Omitted
1517.90.30,Imitation lard of animal origin
1517.90.40,Imitation lard of vegetables origin
1517.90.90,Other
1518.00.11,Edible grade
1518.00.19,Other
1518.00.21,Edible grade
1518.00.29,Other
1518.00.31,Edible grade
1518.00.39,Other
1518.00.40,Other
1520,"Glycerol, crude; glycerol waters and glycerol lyes."
1520.00,"Glycerol, crude; glycerol waters and glycerol lyes."
1520.00.00,"Glycerol , crude; glycerol waters and glycerol lyes"
1521.10,Vegetable waxes
1521.10.11,Edible wax for waxing fresh fruits and vegetables
1521.10.19,Other
1521.10.90,Other
1521.90,Other
1521.90.10,Beewax whether or not coloured
1521.90.20,Shellac wax whether or not coloured
1521.90.90,Other
1522.00.10,Degras
1522.00.20,Soap stocks
1522.00.90,Other
1602,"Other prepared or preserved meat, meat offal or blood."
1602.10,Homogenised Preparations
1602.10.00,Homogenised preparations
1602.20,of liver of any animal
1602.20.00,of liver of any animal
1602.31,of Turkeys
1602.31.00,Of turkeys
1602.32,of Fowls of the species Gallus domesticus
1602.32.00,Of fowls of the species Gallus domesticus
1602.39,Other
1602.39.00,Other
1602.41,Hams and cuts thereof
1602.41.00,Hams and cuts thereof
1602.42,shoulders and cuts thereof
1602.42.00,Shoulders and cuts thereof
1602.49,"Other, including Mixtures"
1602.49.00,"Other, including mixtures"
1602.50,of bovine animals
1602.50.00,O bovine animals
1602.90,"Other, including Preparations of blood of any animal"
1602.90.00,"Other, including preparations of blood of any animal"
1603.00.10,Extracts and juices of meat
1603.00.20,Extracts of fish
1603.00.90,Other
1604.11.00,salmon
1604.12,Herrings
1604.12.10,pickled
1604.12.90,other
1604.13,"Sardines, sardinella and brisling or sprats"
1604.13.10,"sardines,sardinella and brisling"
1604.13.20,sprats
1604.14,"tunas, Skipjack and bonito (Sarda spp.)"
1604.14.10,Tunas
1604.14.90,others
1604.15.00,mackerel
1604.16.00,anchovies
1604.1700,Eels
16041800,Shark fins
1604.19.00,other
1604.20.00,Other prepared or preserved fish
16043100,Caviar
1604.3200,Caviar substitutes
1605.10.00,Crab
16052100,Not in airtight container
1605.2900,Other
1605.30.00,Lobster
1605.40.00,Other crustaceans
1605.5100,Oysters
1605.5200,Scallops. Including queen scallops
1605.5300,Mussels
1605.5400,Cuttle fish and squid
1605.5500,Octopus
1605.5600,"Clams, cockles and arkshells"
1605.5700,Abalone
1605.5800,"Snails, other than sea snails"
1605.5900,Other
1605.6100,Sea cucumbers
1605.6200,Sea urchins
1605.6300,Jellyfish
1605.6900,Other
1701,"Cane or beet sugar and chemically pure sucrose, in solid form."
17011200,beet sugar
1701.13,Cane sugar specified in Subheading Note 2 to this Chapter:
1701.13.10,Cane jaggery
1701.13.20,Khandasari sugar
1701.13.90,other
1701.14,Other cane sugar:
1701.14.10,Cane jaggery
17011420,Khandasari sugar
17011490,Other :
1701.91.00,Refined sugar containing added flavouring or colouring matter
1701.99,Other
1701.99.10,Sugar cubes
1701.99.90,Other
1702.11.10,In solid form
1702.11.90,other
1702.19,Other
1702.19.10,In solid form
1702.19.90,Other
1702.20,maple sugar and maple syrup
1702.20.10,In solid form
1702.20.90,Other
1702.30.10,"Glucose, liquid"
1702.30.20,"Glucose, solid"
1702.30.31,In solid form
1702.30.39,Other
1702.40.10,"Glucose, liquid"
1702.40.20,"Glucose, solid"
1702.40.31,In solid form
1702.40.39,Other
1702.50,Chemically Pure fructose
1702.50.00,Chemically pure fructose
1702.60.10,In solid form
1702.60.90,Other
1702.90.10,Palmyra sugar
1702.90.20,Chemically pure maltose
1702.90.30,"Artificial honey, whether or not mixed with natural honey"
1702.90.40,Caramel
1702.90.50,Insulin syrup
1702.90.90,Other
1703,Molasses resulting from the extraction or refining of sugar.
1703.10,Cane molasses
1703.10.00,Cane molasses
1703.90,Other
1703.90.10,"Molasses, edible"
1703.90.90,other
1704.10,"Chewing Gum, whether or Not sugar-coated"
1704.10.00,"Chewing gum, whether or not sugar coated"
1704.90,Other
1704.90.10,Jelly confectionary
1704.90.20,"Boiled sweets, whether or not filled"
1704.90.30,"Toffees, caramels and similar sweets"
1704.90.90,other
1801,"Cocoa beans, whole or broken, raw or roasted."
1801.00,"Cocoa beans, whole or broken, raw or roasted."
1801.00.00,"Cocoa Beans, whole or broken, raw, or roasted"
1802,"Cocoa shells, husks, skins and other cocoa waste."
1802.00,"Cocoa shells, husks, skins and other cocoa waste."
1802.00.00,"Cocoa shells, husks, skins and other cocoa waste"
1803,"Cocoa paste, whether or not defatted."
1803.10,Not defatted
1803.10.00,Not defatted
1803.20,wholly or partly defatted
1803.20.00,Wholly or partly defatted
1804,"Cocoa butter, fat and oil."
1804.00,"Cocoa butter, fat and oil."
1804.00.00,"Cocoa Butter, Fat and Oil"
1805.00.00,"Cocoa Powder, not containing added sugar or other sweetening matter"
1806,Chocolate and other food preparations containing cocoa.
1806.10,"Cocoa powder, containing added sugar or Other sweetening matter"
1806.10.00,"Cocoa powder, containign added sugar or other sweetening matter"
1806.202,"kg or in liquid, paste, powder, granular or other bulk form in"
1806.20.00,"liquid, paste, powder, granular or other bulk form in containers or"
1806.31,Filled
1806.31.00,Filled
1806.32,Not Filled
1806.32.00,Not filled
1806.90,Other
1806.90.10,Chocolate and chocolate products
1806.90.20,Sugar confectionary containing cocoa
1806.90.30,Spreads containing cocoa
1806.90.40,Preparations containing cocoa for making beverages
1806.90.90,Other
1901,specified or included; food preparations of goods of heading 0401 to
1901.10,"Preparations suitable for infants or young children, put up for retail sale"
1901.10.10,Malted milk (including powder)
1901.10.90,Other
1901.20.00,Mixes and doughs for the preparation of bakers' wares of heading 1905
1901.90,Other
1901.90.10,Malt extract
1901.90.90,Other
1902.11,containing eggs
1902.11.00,Containing eggs
1902.19,Other
1902.19.00,Other
1902.20,"Stuffed pasta, whether or Not cooked or otherwise prepared"
1902.20.10,Cooked
1902.20.90,Other
1902.30,Other pasta
1902.30.10,Dried
1902.30.90,Other
1902.40,Couscous
1902.40.10,Unprepared
1902.40.90,Other
1903.00.00,"STARCH, IN THE FORM OF FLAKES, GRAINS, PEARLS, SIFTINGS"
1904,(corn)) in grain form or in the form of flakes or other worked grains
1904.10.10,Corn flakes
1904.10.20,"Paws, mudi and the like"
1904.10.30,Bulgur wheat
1904.10.90,Other
1904.20,Mixtures of unroasted cereal Flakes and roasted cereal Flakes or
1904.30,Bulgur wheat
1904.30.00,Bulgur wheat
1904.90,Other
1904.90.00,Other
1905.10,Crispbread
1905.10.00,Crisbread
1905.20,Gingerbread and the like
1905.20.00,Gingerbread and the like Sweet biscuits; waffles and wafers:
1905.31,Sweet biscuits
1905.31.00,Sweet biscuits
1905.32,Waffles and wafers
1905.32.11,Coated with chocolate or containing chocolate
1905.32.19,Other
1905.32.90,Other
1905.40,"Rusks, toasted bread and similar toasted Products"
1905.40.00,"Rusks, toasted bread and similar toasted products"
1905.90,Other
1905.90.10,Pastries and cakes
1905.90.20,Biscuits not elsewhere specified or included
1905.90.30,"Extruded or expanded products, savoury or salted"
1905.90.40,Papad
1905.90.90,Other
2001.10,Cucumbers and gherkins
2001.10.00,Cucumbers and gherkins
2001.90,Other
2001.90.00,Other
2002.10,"Tomatoes, whole or in pieces"
2002.10.00,"Tomatoes, whole or in pieces"
2002.90,Other
2002.90.00,Other
2003.10.00,Mushrooms of the genus Agaricus
2003.90,Other
2003.9010,Truffles
2003.90.90,Other
2004.10,Potatoes
2004.10.00,Potatoes
2004.90,Other vegetables and Mixtures of vegetables
2004.90.00,Other vegetables and mixtures of vegetables
2005.10,Homogenised vegetables
2005.10.00,Homogenised vegetables
2005.20,Potatoes
2005.20.00,Potatoes
2005.40,Peas (Pisum sativum)
2005.40.00,"Peas (pisum, sativum)"
2005.51,"Beans, Shelled"
2005.51.00,"Beans, shelled"
2005.59,Other
2005.59.00,Other
2005.60,Asparagus
2005.60.00,Asparagus
2005.70,Olives
2005.70.00,Olives
2005.80,Sweet corn (Zea mays var. saccharata)
2005.80.00,Sweet corn (Zea mays var. saccharata)
2005.91,Bamboo shoots
2005.91.00,Other vegetables and mixtures of vegetables-Bamboo shoots
2005.99,Other
2005.99.00,Other
2006.00.00,"PLANTS, PRESERVED BY SUGAR (DRAINED, GLACE OR"
2007,"pastes, obtained by cooking, whether or not containing added sugar"
2007.10,Homogenised Preparations
2007.10.00,Homogenised preparations
2007.91,Citrus fruit
2007.91.00,Citrus fruit
2007.99,Other
2007.99.10,mango
2007.99.20,Guava
2007.99.30,Pine apple
2007.99.40,Apple
2007.99.90,Other
2008,"preserved, whether or not containing added sugar or other"
2008.11.00,Ground-nuts
2008.19,"Other, including Mixtures"
2008.19.10,"Cashew nut, roasted, salted or roasted and salted"
2008.19.20,Other roasted nuts and seeds
2008.19.30,"Other nuts, otherwise preparted or preserved"
2008.19.40,Other roasted and fried vegetable products
2008.19.90,Other
2008.20.00,Pineapple
2008.30,Citrus fruit
2008.30.10,Orange
2008.30.90,Other
2008.40.00,Pears
2008.50.00,Apricots
2008.60.00,Cherries
2008.70.00,"Peaches, including nectarines"
2008.80.00,Strawberries
2008.91.00,Palm hearts
2008.93,00
20089700,Mixtures
2008.99,Other
2008.99.11,Mango
2008.99.12,Lemon
2008.99.13,Orange
2008.99.14,Pineapple
2008.99.19,Other
2008.99.91,Fruit cocktail
2008.99.92,Grapes
2008.99.93,Apples
2008.99.94,Guava
2008.99.99,Other
2009,"unfermented and not containing added spirit, whether or not"
2009.11.00,Frozen
2009.12.00,"Not frozen, or a Brix value not exceeding 20"
2009.1900,Other
2009.2100,-- Of a Brix value not exceeding 20
2009.29.00,Other
2009.3100,-- Of a Brix value not exceeding 20
2009.39.00,Other
2009.4100,-- Of a Brix value not exceeding 20
2009.49.00,Other
2009.50.00,Tomato juice
2009.6100,-- Of a Brix value not exceeding 30
2009.69.00,Other
2009.7100,-- Of a Brix value not exceeding 20
2009.79.00,Other
2009.8100,"Cranberries(Vaccinium macrocarpon, Vaccinium oxycoccos"
200989,Other
2009.89.10,Mango juice
2009.89.90,other
2009.90.00,Mixtures of juices
2101.11,"Extracts, essences and concentrates"
2101.11.10,"Instant coffee, flavoured"
2101.11.20,"Instant coffee, not flovered"
2101.11.30,Coffee aroma
2101.11.90,Other
2101.20,Bellies (streaky) and cuts thereof
2101.20.10,Instant tea
2101.20.20,Quick brewing black tea
2101.20.30,Tea aroma
2101.20.90,Other
2101.30.10,Roasted chicory
2101.30.20,Roasted coffee substitutes
2101.30.90,Other
2102,(but not including vaccines of heading 3002); prepared baking
2102.10,active yeasts
2102.10.10,Culture yeast
2102.10.20,Baker's yeast
2102.10.90,Other
2102.20,"- Inactive yeasts; other single-cell micro-organisms, dead"
2102.20.00,"Inactive yeasts, other single-cell micro-organisms, dead"
2102.30,prepared baking Powders
2102.30.00,Preparted baking powders
2103.10,soya sauce
2103.10.00,Soya sauce
2103.20,Tomato ketchup and Other Tomato sauces
2103.20.00,Tomato ketchup and other tomato sauces
2103.30,Mustard flour and meal and prepared Mustard
2103.30.00,Mustard flour and meal and prepared mustard
2103.90,Other
2103.90.10,Curry paste
2103.90.20,Chilli sauce
2103.90.30,Majonnaise and salad dressings
2103.90.40,"Mixed, condiments and mixed seasoning"
2103.90.90,Other
2104.10,Soups and broths and Preparations therefor
2104.10.10,Dried
2104.10.90,Other
2104.20,Homogenised composite food Preparations
2104.20.00,Homogenised composite food preparations
2105,"Ice cream and other edible ice, whether or not containing cocoa."
2105.00,"Ice cream and other edible ice, whether or not containing cocoa."
2106,Food preparations not elsewhere specified or included.
2106.10,Protein concentrates and textured Protein substances
2106.10.00,Protein concentrates and textured protein substances.
2106.90,Other
2106.90.11,Sharbat
2106.90.19,Other
2106.90.20,Pan masala
2106.90.30,"Betel nut product known as ""Supari"""
2106.90.40,elsewhere specified or included; lactose syrup; glucose syrup and malto
2106.90.50,Compound preparations for making non-alcoholic beverages
2106.90.60,Food flavouring material
2106.90.70,Churna for pan
2106.90.80,Custard powder
2106.90.91,Diabetic foods
2106.90.92,Sterilized or pasteurized millstone
2106.90.99,Other
2201,"waters, not containing added sugar or other sweetening matter nor"
2201.10,mineral waters and aerated waters
2201.10.10,Mineral waters
2201.10.20,Aerated waters
2201.90,Other
2201.90.10,Ice and snow
2201.90.90,Other
2202.10.10,Aerated waters
2202.10.20,Lemonade
2202.10.90,Other
22029100,Non alcoholic beer
220299,Other:
22029910,"Soya milk drinks, whether or not sweetened or flavoured"
22029920,Fruit pulp or fruit juice based drink
22029930,Beverages containing milk
22029990,Other
2203,Beer made from malt.
2203.00,Beer made from malt.
2203.00.00,BEER MADE FROM MALT
2204.10,Sparkling wine
2204.10.00,Sparkling wine
2204.21,-- In containers holding 2 l or less
2204.21.10,Port and other red wines
2204.21.20,Sherry and other white wines
2204.21.90,other
220422,In containers holding more than 2 l but not more than 10 l
22042210,Port and other red wines
22042220,Sherry and other white wines
22042290,Other
2204.29,Other
2204.29.10,Port and other red wines
2204.29.20,Sherry and other white wines
2204.29.90,Other
2204.30,Other grape must
2204.30.00,Other grape must
2205.10,- In containers holding 2 l or less
2205.10.00,In containers holding 21 or less
2205.90,Other
2205.90.00,Other
2207,"80% vol or higher; ethyl alcohol and other spirits, denatured, of any"
2207.10.11,Concentrates of alcoholic beverages
2207.10.19,Other
2207.10.90,Other
2207.20,"ethyl alcohol and Other spirits, denatured, of any strength"
2207.20.00,"Ethyl alcohol and other spirits, denatured, of any strength"
2208.20,spirits obtained by distilling grape wine or grape marc
2208.20.11,Brandy
2208.20.12,Liquors
2208.20.19,Other
2208.20.91,Brandy
2208.20.92,Liquors
2208.20.99,Other
2208.30,Whiskies
2208.30.11,Bourbon whiskey
2208.30.12,Scotch
2208.30.13,Blended
2208.30.19,other
2208.30.91,Bourbon whiskey
2208.30.92,Scotch
2208.30.93,Blended
2208.30.99,other
2208.40.11,Rum
2208.40.12,Other
2208.40.91,Rum
2208.40.92,Other
2208.50,Gin and Geneva
2208.50.11,Gin
2208.50.12,Geneva
2208.50.13,Vodka
2208.50.91,Gin
2208.50.92,Geneva
2208.50.93,Vodka
2208.70,Liqueurs and cordials
2208.70.11,Liqueurs
2208.70.12,Cordials
2208.70.91,Liqueurs
2208.70.92,Cordials
2208.90,Other
2208.90.11,Tequila
2208.90.12,Indentured ethyl alcohol
2208.90.19,Other
2208.90.91,Tequila
2208.90.92,Indentured ethyl alcohol
2208.90.99,Other
2209,Vinegar and substitutes for vinegar obtained from acetic acid.
2209.00,Vinegar and substitutes for vinegar obtained from acetic acid.
2209.00.10,Brewed vinegar
2209.00.20,Synthetic vinegar
2209.00.90,Other
2301,"crustaceans, molluscs or other aquatic invertebrates, unfit for"
2301.10,"- Flours, meals and pellets, of meat or meat offal; greaves"
2301.10.10,Meat meals and pellets (including tankage)
2301.10.90,Other (including greaves)
2301.20.11,In powder form
2301.20.19,Other
2301.20.90,Other
2302,"pellets, derived from the sifting, milling or other working of cereals"
2302.10,of maize (corn)
2302.10.10,Maize Bran
2302.10.90,Other
2302.30,of wheat
2302.30.00,Of wheat
2302.40,of Other cereals
2302.40.00,Of other cereals
2302.50,of leguminous plants
2302.50.00,Of leguminous plants
2303,"bagasse and other waste of sugar manufacture, brewing or distilling"
2303.10,Residues of starch manufacture and similar Residues
2303.10.00,Residues of starch manufacture and similar residues
2303.20,"beet-pulp, bagasse and Other Waste of sugar manufacture"
2303.20.00,"Beet-pulp, bagasse and other waste of sugar manufacture"
2303.30,Brewing or distilling dregs and Waste
2303.30.00,Brewing or distilling dregs and waste
2304.00.10,"Oil-cake and oil-cake meal of soyabean, expeller variety"
2304.00.20,"Oil-cake of soyabean, solvent extract (defatted) variety"
2304.00.30,"Meal of soyabean, solvent extracted (defatted)"
2304.00.90,Other
2305.00.10,"Oil-cake and oil-cake meal of ground nut, expeller variety"
2305.00.90,Other
2306,"form of pellets, resulting from the extraction of vegetable fats or oils,"
2306.10,of cotton Seeds
2306.10.10,"Oil-cake and oil-cake meal, decorticated expeller variety"
2306.10.20,"Oil-cake and oil-cake meal, decorticated, solvent extract (defatted)variety"
2306.10.30,"Oil-cake and oil-cake meal, undecorticated, expeller variety"
2306.10.90,Other
2306.20,of linseed
2306.20.10,"Oil-cake and oil-cake meal, expeller variety"
2306.20.20,"Oil-cake and oil-cake meal, solvent extracted (defatted) variety"
2306.20.90,Other
2306.30,of sunflower Seeds
2306.30.10,"Oil-cake and oil-cake meal, expeller variety"
2306.30.20,"Oil-cake and oil-cake meal, solvent extracted (defatted) variety"
2306.30.90,Other
2306.41,of low erucic acid rape or colza Seeds
2306.41.00,Of low erucic acid rape or colza seeds
2306.49,Other
2306.49.00,Other
2306.50,of coconut or copra
2306.50.10,"Oil-cake and oil-cake meal, expeller variety"
2306.50.20,"Oil-cake and oil-cake meal, solvent extracted (defatted) variety"
2306.50.90,Other
2306.60,of Palm nuts or kernels
2306.60.00,Of palm nuts or kernels
2306.90,Other
2306.90.11,Of mowra seeds
2306.90.12,Of mustard seeds
2306.90.13,Of niger seeds
2306.90.14,Of seasamum seed
2306.90.15,Of mango kernel
2306.90.16,Of sal (de-oiled)
2306.90.17,Of castor seeds
2306.90.18,Of neem seeds
2306.90.19,Of other seeds
2306.90.21,Of mustard seeds
2306.90.22,Of niger seeds
2306.90.23,Of cardi seeds
2306.90.24,Of seasamum seed
2306.90.25,Of mango kernel
2306.90.26,Of sal (de-oiled)
2306.90.27,Of castor seeds
2306.90.28,Of neem seeds
2306.90.29,Of other seeds
2306.90.30,Residues babool seed extraction
2306.90.90,Other
2307,Wine lees; argol.
2307.00,Wine lees; argol.
2307.00.00,WINE LESS; ARGOL
2308,"products, whether or not in the form of pellets, of a kind used in"
2308.00,"products, whether or not in the form of pellets, of a kind used in"
2309,Preparations of a kind used in animal feeding.
2309.10,"Dog or cat food, put up for retail sale"
2309.10.00,"Dog or cat food, put up for retail sale"
2309.90,Other
2309.90.10,Compounded animal feed
2309.90.20,Concentrates for compound animal feed
2309.90.31,Prawn and shrimps feed
2309.90.32,Fish meal in powdered form
2309.90.39,Other
2309.90.90,Other
2401,Unmanufactured tobacco; tobacco refuse.
2401.10,"tobacco, Not stemmed/stripped"
2401.10.10,Flue cured virginia tobacco
2401.10.20,Sun cured country(natu) tobacco
2401.10.30,Sun cured virginia tobacco
2401.10.40,burley tobacco
2401.10.50,"Tobacco for manufacture of biris, not stemmed"
2401.10.60,Tobacco for manufacture of chewing tobacco
2401.10.70,Tobacco for manufacture of cigar and cheroot
2401.10.80,Tobacco for manufacture of hookah tobacco
2401.10.90,Other
2401.20,"tobacco, partly or wholly stemmed/stripped"
2401.20.10,Flue cured virginia tobacco
2401.20.20,Sun cured country (natu) tobacco
2401.20.30,Sun cured virginia tobacco
2401.20.40,Burley tobacco
2401.20.50,"Tobacco for manufacture of biris,"
2401.20.60,Tobacco for manufacture of chewing tobacco
2401.20.70,Tobacco for manufacture of cigar and cheroot
2401.20.80,Tobacco for manufacture of hookah tobacco
2401.20.90,Other
2401.30,tobacco refuse
2401.30.00,Tobacco refuse
2402.10,"Cigars, cheroots and cigarillos, containing tobacco"
2402.10.10,Cigar and cheroots
2402.10.20,Cigarillos
2402.20,Cigarettes containing tobacco
2402.20.10,"Other than filter cigarettes, of length not exceeding 60 millimetres"
2402.20.30,"filter being 11 millimetres or its actual length, whichever is more) not"
2402.20.40,"filter beign 11 millimetres or its actual length, whichever is more)"
2402.20.50,"filter being 11 millimetres or its actual length, whichever is more"
2402.20.60,"filter being 11 millimetres or its actual length, whichever is more"
2402.20.90,Other
2402.90,Other
2402.90.10,Cigarettes of tobacco substitutes
2402.90.20,Cigarillos of tobacco substitutes
2402.90.90,Other
2403,“homogenised” or “reconstituted” tobacco; tobacco extracts and
240311,Water pipe tobacco specified in Sub heading Note to this Chapter:
2403.11.10,Hookah or gudaku tobacco
2403.1190,Other
2403.19,Other
2403.1910,Smoking mixtures for pipes and cigarettes
2403.19,21
2403.1929,Other
2403.1990,Other
24039100,Hmogenised or reconsitituted tobacco
240399,Other
24039910,Chewing tobacco
2403.99.20,Preparations containing chewing tobacco
2403.99.30,Jarda scented tobaco
2403.99.40,Snuff
2403.99.50,Preparations containing snuff
2403.99.60,Tobacco extracts and essence
2403.99.70,Cut-tobacco
2403.99.90,Other
2501,"chloride, whether or not in aqueous solution or containing added"
2501.00,"chloride, whether or not in aqueous solution or containing added"
2501.00.10,Common Salt (including iodised salt)
2501.00.20,Rock Salt
2501.00.90,Other
2502,Unroasted iron pyrites.
2502.00,Unroasted iron pyrites.
2502.00.00,Unroasted iron pyrites
2503.00.10,Sulphur recovered as by-product in refining of crude oil
2503.00.90,Other
2504,Natural graphite.
2504.10,in powder or in Flakes
2504.10.10,"Graphite, crystalline"
2504.10.20,"Graphite, amorphous"
2504.10.90,Other
2504.90,Other
2504.90.10,"Graphite, micronised"
2504.90.90,Other
2505.10,silica sands and quartz sands
2505.10.11,Processed (White)
2505.10.12,Processed (Brown)
2505.10.19,Other
2505.10.20,Quartz sands
2505.90,Other
2505.90.00,Other
2506,"trimmed or merely cut, by sawing or otherwise, into blocks or slabs"
2506.10,quartz
2506.10.10,In lumps
2506.10.20,In powder <br> Quartzite :
2506.20,Quartzite
2506.20.10,In lumps
2506.20.20,In powder
2506.20.90,Other
2507,"Kaolin and other kaolinic clays, whether or not calcined."
2507.00,"Kaolin and other kaolinic clays, whether or not calcined."
2507.00.10,Crude <br> Other:
2507.00.21,Pharmaceutical grade
2507.00.22,Ceramic grade
2507.00.29,Other
2508,"andalusite, kyanite and sillimanite, whether or not calcined; mullite;"
2508.10,Bentonite
2508.10.10,Crude
2508.10.90,"Other (includes processed, activated and ground)"
2508.30,Fire-clay
2508.30.10,Non-plastic
2508.30.20,Semi-plastic
2508.30.30,Plastic
2508.30.90,Other
2508.40,Other clays
2508.40.10,Ball Clay
2508.40.20,Earth Clay
2508.40.90,Other
2508.50,"Andalusite, kyanite and sillimanite"
2508.50.10,Andalusite <br> Kyanite:
2508.50.21,"Crude,other than calcined"
2508.50.23,Calcined <br> Sillimanite:
2508.50.31,Lumps
2508.50.32,Fines (including sand)
2508.50.39,Other
2508.60,Mullite
2508.60.00,Mullite
2508.70,Chamotte or dinas earths
2508.70.00,Chamotte or dinas earths
2509,Chalk.
2509.00,Chalk.
2509.00.00,Chalk
2510.10,Unground
2510.10.10,Natural calcium phosphates
2510.10.20,Natural aluminium calcium phosphate
2510.10.30,Natural calcium phosphate apatite
2510.10.90,Other
2510.20,ground
2510.20.10,Natural calcium phosphates
2510.20.20,Natural aluminium calcium phosphates
2510.20.30,Natural calcium phosphates apatite
2510.20.90,Other
2511,"(witherite), whether or not calcined, other than barium oxide of"
2511.10,Natural barium sulphate (barytes)
2511.10.10,Lumps
2511.10.20,Powder
2511.10.90,Other
2511.20,Natural barium carbonate (witherite)
2511.20.00,Natural barium carbonate (witherite)
2512,"diatomite) and similar siliceous earths, whether or not calcined, of"
2512.00,"diatomite) and similar siliceous earths, whether or not calcined, of"
2512.00.10,Kieselguhr
2512.00.20,Tripolite
2512.00.30,Diatomite
2512.00.90,Other
2513.10,Pumice stone
2513.10.00,"Crude or in irregular pieces, including crushed pumice (“bimskies”)"
2513.20.10,Emery
2513.20.20,Natural Corundum
2513.20.30,Natural garnet
2513.20.90,Other
2514,"otherwise, into blocks or slabs of a rectangular (including square)"
2514.00,"otherwise, into blocks or slabs of a rectangular (including square)"
2515,"alabaster, whether or not roughly trimmed or merely cut, by sawing"
2515.11,Crude or roughly trimmed
2515.11.00,Crude or roughly trimmed
2515.12.10,Blocks
2515.12.20,Slabs
2515.12.90,Other
2515.20.10,Alabaster
2515.20.90,Other
2516.11,Crude or roughly trimmed
2516.11.00,Crude or roughly trimmed
2516.20,Sandstone
2516.20.00,Crude or roughly trimmed
2516.90,Other monumental or Building stone
2516.90.10,Pakur stone
2516.90.20,Stone boulders
2516.90.90,Other
2517,"slag, dross or similar industrial waste, whether or not incorporating"
2517.10,"for Concrete aggregates, for road metalling or for railway or Other"
2517.10.10,"Pakur stone, crushed or broken"
2517.10.20,Flint
2517.10.90,Other
2517.30,Tarred macadam
2517.41,of marble
2517.41.00,Of marble
2517.49,Other
2517.49.00,Other
2518.10,"dolomite, Not calcined or sintered"
2518.10.00,"Dolomite, not calcined sintered"
2518.20,calcined or sintered dolomite
2518.20.00,Calcined or sintered dolomite
2518.30,dolomite ramming mix
2518.30.00,Dolomite ramming mix
2519.10,Natural magnesium carbonate (magnesite)
2519.10.00,Natural magnesium carbonate (magnesite)
2519.90,Other
2519.90.10,Fused magnesia (natural)
2519.90.20,Dead-burnt (sintered )magnesia
2519.90.40,Magnesium oxide
2519.90.90,Other
2520,"calcium sulphate) whether or not coloured, with or without small"
2520.10,- Gypsum; anhydrite
2520.10.10,Natural
2520.10.20,Marine
2520.10.90,Other
2520.20,Plasters
2520.20.10,Calcined
2520.20.90,Other
2521.00.10,Limestone flux (L.D. below 1% SiO2)
2521.00.90,Other
2522.10,Quicklime
2522.10.00,Quicklime
2522.20,Slaked lime
2522.20.00,Slaked lime
2522.30,hydraulic lime
2522.30.00,Hydraulic lime
2523,"cement and similar hydraulic cements, whether or not coloured or in"
2523.10,cement clinkers
2523.10.00,Cement Clinkers <br> Portland cement:
2523.21,"white cement, whether or Not artificially coloured"
2523.21.00,"White cement, whether or not artificially coloured"
2523.29,Other
2523.29.10,"Ordinary portland cement, dry"
2523.29.20,"Ordinary portland cement, coloured"
2523.29.30,Portland pozzolana Cement
2523.29.40,Portland slag cement
2523.29.90,Other
2523.30,Aluminous cement
2523.30.00,Aluminous cement :
2523.90,Other hydraulic cements
2523.90.10,"Sagol, ashmoh"
2523.90.20,High alumina refractory cement
2523.90.90,Other
2524,Asbestos.
2524.10,Crocidolite
2524.10.10,Crocidolite
2524.90,Other
2524.90.11,Chrysosotile
2524.90.12,Amphibole
2524.90.13,Chrysolite
2524.90.14,Amosite
2524.90.19,other
2524.90.21,Chrysosotile
2524.90.22,Amphibole
2524.90.23,Chrysolite
2524.90.24,Amosite
2524.90.29,other
2524.90.31,Chrysosotile
2524.90.32,Amphibole
2524.90.33,Chrysolite
2524.90.34,Amosite
2524.90.39,other
2524.90.91,Waste
2524.90.99,Other
2525,"Mica, including splitings; mica waste."
2525.10,Crude mica and mica rifted into sheets or splittings
2525.10.10,Mica blocks
2525.10.20,Condensor films trimmed but not cut to shape
2525.10.30,"Mica splittings, book form"
2525.10.40,"Mica splittings, loose"
2525.10.90,Other
2525.20,mica powder
2525.20.10,"Mica flakes, 2.20 mesh"
2525.20.20,"Mica powder, dry ground"
2525.20.30,"Mica powder, micronised"
2525.20.40,"Mica powder, wet ground"
2525.20.50,"Mica powder, calcined"
2525.20.90,Other
2525.30,mica Waste
2525.30.10,Mica mine scrap & waste
2525.30.20,Mica factory scrap
2525.30.30,Mica cuttings book form
2525.30.90,Other
2526,"sawing or otherwise, into blocks or slabs of a rectangular (including"
2526.10,"Not crushed, Not powdered"
2526.10.10,"Steatite (soap stone, etc.) block"
2526.10.20,"Steatite (soap stone, etc.) lumps"
2526.10.90,Other
2526.20,crushed or powdered
2526.20.00,Crushed or powdered
2528,00
2528.00,10
2528.00.20,Natural boric acid (containing not more than 85% of H3BO3 )
2528.00.30,Natural calcium borates & concentrates thereof (whether or not calcined)
2528.00.90,Other
2529,"Feldspar; leucite, nepheline and nepheline syenite; fluorspar."
2529.10,Feldspar
2529.10.10,Lumps
2529.10.20,Powder
2529.21.00,Containing by weight 97% or less of calcium flouride
2529.22.00,Containing by weight more than 97% of calcium fluoride
2529.30.00,Leucite; nepheline and nepheline syenite
2530,Mineral substances not elsewhere specified or included.
2530.10,"Vermiculite, perlite and chlorites, unexpanded"
2530.10.10,Vermiculite
2530.10.20,Perlite
2530.10.90,Others (including powder)
2530.20,"Kieserite, epsomite (Natural magnesium sulphates)"
2530.20.00,"Kieserite, epsomite (natural magnesium sulphates)"
2530.90,Other
2530.90.10,"meerachaum & agglomerated amber in plates, rods, etc. not worked after"
2530.90.20,Natural arsenic sulphides (e.g. orpiment)
2530.90.30,Calcite
2530.90.40,Ores & concentrates of rare earth metals
2530.90.50,Wollastonite
2530.90.60,"Earth colour ochre, crude"
2530.90.70,Other processed earth colour ochre.
2530.90.91,Strontium Sulphate (natural ore)
2530.90.99,Other
2601,"Iron ores and concentrates, including roasted iron pyrites"
2601.11,-- Non-agglomerated:
2601.11.11,---- 60% Fe or more but below 62% Fe
2601.11.12,---- 62% Fe or more but below 65% Fe
2601.11.19,---- 65% Fe and above
2601.11.21,---- Below 55% Fe
2601.11.22,---- 55% Fe or more but below 58% Fe
2601.11.29,---- 58% Fe or more but below 60% Fe
2601.11.31,---- 62% Fe or more but below 65% Fe
2601.11.39,---- 65% Fe and above
2601.11.41,---- Below 55% Fe
2601.11.42,---- 55% Fe or more but below 58% Fe
2601.11.43,---- 58% Fe or more but below 60% Fe
2601.11.49,---- 60% Fe or more but below 62% Fe
2601.11.50,Iron ore concentrates
2601.11.90,Other
2601.12,agglomerated
2601.12.10,Iron ore pellets
2601.12.90,Other
2601.20,roasted iron pyrites
2601.20.00,Roasted iron pyrites
2602,manganese ores and concentrates with a manganese content of 20%
2602.00,manganese ores and concentrates with a manganese content of 20%
2602.00.10,Manganese ore (46% and more)
2602.00.20,Manganese ore (44% and more but below 46%)
2602.00.30,Manganese ore (40% and more but below 44%)
2602.00.40,Manganese ore (35% or more but below 40%)
2602.00.50,Manganese ore (30% or more but below 35%)
2602.00.60,Ferruginous (10% or more but below 30%)
2602.00.70,"Manganese ore sinters, agglomerated"
2602.00.90,Other
2603,Copper ores and concentrates.
2603.00,Copper ores and concentrates.
2603.00.00,Copper ores and concertrates
2604,Nickel ores and concentrates.
2604.00,Nickel ores and concentrates.
2604.00.00,Nickel ores and concentrates
2605,Cobalt ores and concentrates.
2605.00,Cobalt ores and concentrates.
2605.00.00,Cobalt ores and concentrates
2606,Aluminium ores and concentrates.
2606.00,Aluminium ores and concentrates.
2606.00.10,"Bauxite (natural), not calcined"
2606.00.20,"Bauxite (natural), calcined"
2606.00.90,Other aluminium ores and concentrates
2607,Lead ores and concentrates.
2607.00,Lead ores and concentrates.
2607.00.00,Lead ores and concentrates
2608,Zinc ores and concentrates.
2608.00,Zinc ores and concentrates.
2608.00.00,Zinc ores and concentrates
2609,Tin ores and concentrates.
2609.00,Tin ores and concentrates.
2609.00.00,Tin ores and concentrates
2610,Chromium ores and concentrates.
2610.00,Chromium ores and concentrates.
2610.00.10,"Chrome ore lumps, containing 47% Cr2O3 and above"
2610.00.20,"Chrome ore lumps, containing 40% or more but less than 47% Cr2O3"
2610.00.30,Chrome ore lumps below 40% Cr2O3
2610.00.90,Other
2611,Tungsten ores and concentrates.
2611.00,Tungsten ores and concentrates.
2611.00.00,Tungsten ores and concentrates
2612,Uranium or thorium ores and concentrates.
2612.10,Uranium ores and concentrates
2612.10.00,Uranium ores and concentrates
2612.20,Thorium ores and concentrates
2612.20.00,Thorium ores and concentrates
2613,Molybdenum ores and concentrates.
2613.10,roasted
2613.10.00,Roasted
2613.90,Other
2613.90.00,Other
2614,Titanium ores and concentrates.
2614.00,Titanium ores and concentrates.
2614.00.10,Ilmenite unprocessed
2614.00.20,"Ilmenite, upgraded (beneficiated ilmenite including ilmenite ground)."
2614.00.31,Rare earth oxides including rutile sand
2614.00.39,Other
2614.00.90,Other
2615,"Niobium, tantalum, vanadium or zirconium ores and concentrates."
2615.10,Zirconium ores and concentrates
2615.10.00,Zirconium ores and concentrates
2615.90,Other
2615.90.10,Vanadium ores and concentrates
2615.90.20,Niobium tantalum ores anc concentrates
2616,Precious metal ores and concentrates.
2616.10,Silver ores and concentrates
2616.10.00,Silver ores and concentrates
2616.90,Other
2616.90.10,Gold ores and concentrates
2616.90.90,Other
2617,Other ores and concentrates.
2617.10,antimony ores and concentrates
2617.10.00,Antimony ores and concentrates
2617.90,Other
2617.90.00,Other
2618,Granulated slag (slag sand) from the manufacture of iron or steel.
2618.00,Granulated slag (slag sand) from the manufacture of iron or steel.
2618.00.00,Granulated slag (slag sand) from the manufacture of iron or steel
2619.00.10,Converted slag (scull) of blast furnace
2619.00.90,Other
2620.11,Hard zinc spelter
2620.11.00,Hard zinc spelter
2620.19,Other
2620.19.00,Other
2620.21,Leaded gasoline sludges and Leaded anti-knock compound sludges
2620.21.00,leaded gasoline sludges and leaded anti-knock compoundsludges
2620.29,Other
2620.29.00,Other
2620.30,containing Mainly copper
2620.30.10,Brass dross
2620.30.90,Other
2620.40,containing Mainly aluminium
2620.40.10,Aluminum dross
2620.40.90,Other
2620.60,used for the extraction of arsenic or those metals or for the
2620.60.00,the extraction of arsenic or those metals or for the manufacture of their
2620.91.00,"Containing antimony , beryllium, cadmium , chromium or their mixtures"
2620.99,Other
2620.99.00,other
2621.10,ash and Residues from the incineration of municipal Waste
2621.10.00,ash and residues from the incineration of municipal waste
2621.90,Other
2621.90.00,Other
2701.11.00,Anthracite
2701.12.00,Bituminous coal
2701.19,Other coal
2701.19.10,Coking coal
2701.19.20,Steam coal
2701.19.90,Other
2701.20,"Briquettes, ovoids and similar solid fuels manufactured from coal"
2701.20.10,Anthracite agglomerated
2701.20.90,Other
2702,"Lignite, whether or not agglomerated, excluding jet."
2702.10.00,"Lignite, whether or not pulverized, but not agglomerated"
2702.20.00,Agglomerated lignite
2703,"Peat (including peat litter), whether or not agglomerated."
2703.00,"Peat (including peat litter), whether or not agglomerated."
2703.00.10,Peat whether or not compressed into bales but not agglomerated
2703.00.90,Other
2704.00.10,Retort carbon (gas carbon)
2704.00.20,Coke and semi-coke of lignite or of peat
2704.00.30,Hard coke of coal
2704.00.40,Soft coke of coal
2704.00.90,Other
2706,"tars, whether or not dehydrated or partially distilled, including"
2706.00,"tars, whether or not dehydrated or partially distilled, including"
2706.00.10,Coal tar
2706.00.90,Other
2707,tar; similar products in which the weight of the aromatic
2707.10.00,Benzole (benzene)
2707.20.00,Toluole (toluene)
2707.30.00,Xylole (xylenes)
2707.40.00,Naphthelene
2707.50.00,10% - ”; by volume (including losses) distils at 250 °C by the ISO
2707.91.00,Creosote oils
2707.99.00,Other
2708.10,Pitch
2708.10.10,Obtained by blending with creosote oil or other coal tar distillates
2708.10.90,Other
2708.20.00,Pitch coke
2709.00.00,"Petroleum oils and oils obtained from bituminous minerals, crude."
2710,containing by weight 70% or more of petroleum oils or of oils
2710.12,Light oils and Preparations
2710.12,11
271012,12
271012,13
27101219,Other
2710.12.20,Natural gasoline liquid( NGL)
2710.12.90,Other
2710.19,Other
2710.19.10,Superior kerosene Oil(SKO)
2710.19.20,Aviation turbine fuel(ATF)
2710.19.30,High speed diesel (HSD)
2710.19.40,Light diesel oil(LDO)
2710.19.50,Fuel oil
2710.19.60,Base oil
2710.19.70,Jute batching oil and textile oil
2710.19.80,Lubricating oil
2710.19.90,Other
27102000,by weight 70% or more of petroleum oils or of oils obtained from
2710.99.00,Other
2711,Petroleum gases and other gaseous hydrocarbons.
2711.11.00,Natural gas
2711.12.00,Propane
2711.13.00,Butanes
2711.14.00,"Ethylene, propylene, butylene and butadiene"
2711.19.00,Other
2711.21.00,Natural gas
2711.29.00,Other
2712.10,petroleum Jelly
2712.10.10,Crude
2712.10.90,Other
2712.2000,- Paraffin wax containing by weight less than 0.75% of oil
2712.90,Other
2712.90.10,Micro-CrystallinePetroleum wax
2712.90.20,Lignite wax
2712.90.30,Slack wax
2712.90.40,Paraffin wax containing by weight less than 0.75% of oil:
2712.90.90,Other
2713.11.00,Not calcined
2713.12.00,Calcined
2713.20.00,Petroleum bitumen
2714.10.00,Bituminous or oil shale and tar sands
2714.90,Other
2714.90.10,"Asphalt, natural"
2714.90.20,"Bitumen, natural"
2714.90.30,Gilsonete
2714.90.90,Other
2715,"on petroleum bitumen, on mineral tar or on mineral tar pitch (for"
2715.00,"on petroleum bitumen, on mineral tar or on mineral tar pitch (for"
2715.00.10,"Cut back, bituminous or asphalt"
2715.00.90,Other
2716.00.00,Electrical Energy
2801,"Fluorine, chlorine, bromine and iodine."
2801.10.00,Chlorine
2801.20.00,Iodine
2801.30,- Fluorine; bromine
2801.30.10,Fluorine
2801.30.20,Bromine
2802,"Sulphur, sublimed or precipitated; colloidal sulphur."
2802.00,"Sulphur, sublimed or precipitated; colloidal sulphur."
2802.00.10,Sublimed sulphur
2802.00.20,Precipitated sulphur
2802.00.30,Colloidal sulphur
2803.00.10,Carbon black
2803.00.20,Acetylene black
2803.00.90,Other
2804,"Hydrogen, rare gases and other non-metals."
2804.10.00,Hydrogen
2804.21.00,Argon
2804.29,Other
2804.29.10,Helium
2804.29.90,Other
2804.30.00,Nitrogen
2804.40,Oxygen
2804.40.10,Medicinal grade
2804.40.90,Other
2804.50,- Boron; tellurium
2804.50.10,Boron
2804.50.20,Tellurium
2804.61.00,Containing by weight not less than 99.99% of silicon
2804.69.00,Other
2804.70,Phosphorus
2804.70.10,"Phosphorus, black"
2804.70.20,"Phosphorus, red"
2804.70.30,"Phosphorus, white or yellow"
2804.80.00,Arsenic
2804.90.00,Selenium
2805.11.00,Sodium
2805.12.00,Calcium
2805.19.00,Other
2805.40.00,Mercury
2806,Hydrogen chloride (hydrochloric acid); chlorosulphuric acid.
2806.10.00,Hydrogen chloride (hydrochloric acid)
2806.20.00,Chlorosulphuric acid
2807,Sulphuric acid; oleum.
2807.00,Sulphuric acid; oleum.
2807.00.10,Sulphurc acid
2807.00.20,Oleum
2808,Nitric acid; sulphonitric acids.
2808.00,Nitric acid; sulphonitric acids.
2808.00.10,Nitric acid
2808.00.20,Sulphonitric acids
2809.10.00,Diphosphorus pentaoxide
2809.20,Phosphoric acid and polyphosphoric acids
2809.20.10,Phosporic acid
2809.20.20,Polyphosphoric acids
2810,Oxides of boron; boric acids.
2810.00.10,Oxides of boron
2810.00.20,Boric acids
2811.11,Hydrogen fluoride (hydrofluoric acid)
2811.11.00,Hydrogen fluoride (hydrofluoric acid)
28111200,Hydrogen cyanide (hydrocyanic acid
2811.19,Other
2811.19.10,"Hydrocyanic acid (hydrogen cyanide, prussic acid)"
2811.19.20,Hypophosphorus acid (phosphinic acid))
2811.19.30,Acids of arsenic
2811.19.40,Sulphonic acid
2811.19.90,Other <br> Other inorganic oxygen compounds of non-metals:
2811.21,Carbon dioxide
2811.21.10,Dry ice
2811.21.90,Other
2811.22.00,Silicon dioxide
2811.29,Other
2811.29.10,Arsenic pentoxide
2811.29.20,Arsenic trioxide
2811.29.30,Nitrous oxide
2811.29.40,Carbon monoxide
2811.29.50,Sulphur trioxide (sulphuric anhydride)
2811.29.90,Other
2812,Halides and halide oxides of non-metals.
28121100,Carbonyl dichloride (phosgene)
28121200,Phosphorous oxychloride
28121300,Phosphorous trichloride
28121400,Phosphorous pentachloride
28121500,Sulphur monochloride
28121600,Sulphur dichloride
28121700,Thionyl chloride
281219,Other:
28121910,Sulpur oxychloride
28121920,Silicon tetrachloride
28121930,Arsenous trichloride
28121990,Other
28129000,Other
2813,Sulphides of non-metals; commercial phosphorus trisulphide.
2813.10.00,Carbon disulphide
2813.90,Other
2813.90.10,Arsenic disulphide (artificial)
2813.90.20,Commercial phosphorus trisulphide
2813.90.90,Other
2814,"Ammonia, anhydrous or in aqueous solution."
2814.10.00,Anhydrous ammonia
2814.20.00,Ammonia in aqueous solution
2815.11,solid
2815.11.10,Flakes
2815.11.90,Other
2815.12.00,In aqueous solution(soda lye or liquid soda)
2815.20.00,Potassium hydroxide (caustic potash)
2815.30.00,Peroxides of sodium or potassium
2816.10,hydroxide and peroxide of magnesium
2816.10.10,Hydroxide of magnesium
2816.10.20,Peroxide of magnesium
2816.40.00,"Oxides, hydroxides and peroxides, of strontium or barium"
2817,Zinc oxide; zinc peroxide.
2817.00,Zinc oxide; zinc peroxide.
2817.00.10,Zinc oxide
2817.00.20,Zinc peroxide
2818.10.00,"Artificial corundum, whether or not chemically defined"
2818.20,"aluminium oxide, Other than artificial corundum"
2818.20.10,"Alumina, calcined"
2818.20.90,Other
2818.30.00,Aluminium hydroxide
2819,Chromium oxides and hydroxides.
2819.10.00,Chromium trioxide
2819.90.00,Other
2820,Manganese oxides.
2820.10.00,Manganese dioxide
2820.90.00,Other
2821.10,iron oxides and hydroxides
2821.10.10,Iron oxides
2821.10.20,Iron hydroxides
2821.20.00,Earth colours
2822,Cobalt oxides and hydroxides; commercial cobalt oxides.
2822.00,Cobalt oxides and hydroxides; commercial cobalt oxides.
2822.00.10,Cobalt oxides
2822.00.20,Cobalt hydroxides
2822.00.30,Commercial cobalt oxides
2823,Titanium oxides.
2823.00,Titanium oxides.
2823.00.10,Titanium dioxide
2823.00.90,Other
2824,Lead oxides; red lead and orange lead.
2824.10,"lead monoxide (litharge, massicot)"
2824.10.10,Litharge
2824.10.20,Massicot
2824.90.00,Other
2825.10,Hydrazine and hydroxylamine and their inorganic salts
2825.10.10,Hydrazine anhydrous
2825.10.20,Hydrazine hydrate
2825.10.30,Hydrazine sulphate
2825.10.40,Hydroxylamine sulphate
2825.10.90,Other
2825.20.00,Lithium oxide and hydroxide
2825.30,vanadium oxides and hydroxides
2825.30.10,Vanadium pentoxide flakes
2825.30.90,Other
2825.40.00,Nickel oxides and hydroxides
2825.50.00,Copper oxides and hydroxides
2825.60,Germanium oxides and Zirconium dioxide
2825.60.10,Germanium oxides
2825.60.20,Zirconium dioxide
2825.70,molybdenum oxides and hydroxides
2825.70.10,Molybdenum trioxide
2825.70.20,Molybdic acid
2825.70.90,Other
2825.80.00,Antimony oxides
2825.90,Other
2825.90.10,Tin oxide
2825.90.20,Cadmium oxide
2825.90.40,Calcium hydroxide
2825.90.50,Ammonium hydroxide
2825.90.90,Other
2826.12.00,Of aluminium
2826.19,Other
2826.19.10,Magnesium fluoride
2826.19.90,Other
2826.30.00,Sodium hexafluoroaluminate (synthetic cryolite)
2826.90.00,Other
2827.10.00,Ammonium chloride
2827.20.00,Calcium chloride
2827.31.00,Of magnesium
2827.32.00,Of aluminium
2827.35.00,Of nickel
2827.39,Other
2827.39.20,Mercurous chloride
2827.39.30,Strontium chloride
2827.39.40,Cuprous chloride
2827.39.90,Other chlorides
2827.41,of copper
2827.41.10,Copper oxychloride
2827.41.90,Other
2827.49.00,Other
2827.51,Bromides of Sodium or of potassium
2827.51.10,Bromides of sodium
2827.51.20,Bromides of potassium
2827.59,Other
2827.59.10,Magnesium bromide
2827.59.90,Other
2827.60,Iodides and iodide oxides
2827.60.10,Potassium iodide
2827.60.20,Sodium iodide
2827.60.90,Other
2828.10,Commercial Calcium hypochlorite and Other Calcium hypochlorites
2828.10.10,Commercial calcium hypochlorite (Bleaching paste/powder)
2828.10.90,Other
2828.90,Other
2828.90.11,Bleaching paste/Powder
2828.90.19,Other
2828.90.20,Potassium hypochlorites
2828.90.30,Sodium chlorite
2828.90.40,Aluminium chlorite
2828.90.50,Hypobromites
2828.90.60,Bleaching paste/powder of other hypochlorites
2828.90.90,Other
2829.11.00,Of sodium
2829.19,Other
2829.19.10,Barium chlorate
2829.19.20,Potassium chlorate
2829.19.30,Magnesium chlorate
2829.19.90,Other
2829.90,Other
2829.90.10,Perchlorates
2829.90.20,Bromates and perbromates
2829.90.30,Iodates and periodates
2830,"Sulphides; polysulphides, whether or not chemically defined."
2830.10,Sodium sulphides
2830.10.00,Sodium sulphides
2830.90,Other
2830.90.10,Sulphides
2830.90.20,Polysulphides
2831,Dithionites and sulphoxylates.
2831.10,of Sodium
2831.10.10,Sodium dithionites (sodium hydrosulfite)
2831.10.20,Sodium sulphoxylates (including sodium formaldehyde sulphoxylate)
2831.90,Other
2831.90.10,Dithionites
2831.90.20,Sulphoxylates
2832,Sulphites; thiosulphates.
2832.10,Sodium sulphites
2832.10.10,Sodium bi-sulphite
2832.10.20,Sodium hydrosulphites
2832.10.90,Other
2832.20,Other sulphites
2832.20.10,Potassium metabisulphite
2832.20.20,Magnesium sulphite
2832.20.90,Other
2832.30,Thiosulphates
2832.30.10,Sodium thiosulphate (hypo)
2832.30.20,Magnesium thiosulphate
2832.30.90,Other
2833,Sulphates; alums; peroxosulphates (persulphates).
2833.11.00,Disodium sulphate
2833.19,Other
2833.19.10,Sodium hydrogen sulphate (acid sulphate)
2833.19.20,Sodium pyrosulphate
2833.19.90,Other
2833.21.00,Of magnesium
2833.22,of aluminium
2833.22.10,Aluminium sulphate (iron free)
2833.22.90,Other
2833.24.00,Of nickel
2833.25.00,Of copper
2833.27.00,Of barium
2833.29,Other
2833.29.10,Ferrous sulphate
2833.29.30,Quinidine sulphate
2833.29.40,Manganese sulphate
2833.29.50,Strontium sulphate
2833.29.90,Other
2833.30,Alums
2833.30.10,Ammonium alum
2833.30.20,Ferric ammonium alum
2833.30.30,Potash alum
2833.30.90,Other
2833.40.00,Peroxosulphates (persulphates)
2834,Nitrites; nitrates.
2834.10,Nitrites
2834.10.10,Sodium nitrite
2834.10.90,Other
2834.21.00,Of potassium
2834.29,Other
2834.29.10,Strontium nitrate
2834.29.20,Magnesium nitrate
2834.29.30,Barium nitrate
2834.29.90,Other
2835.10,Phosphinates (hypophosphites) and phosphonates (phosphites)
2835.10.10,Calcium hypophosphite
2835.10.20,Magnesium hypophosphite
2835.10.90,Other <br> Phosphates:
2835.22,of mono- or Disodium
2835.22.00,Of mono or disodium
2835.24,of potassium
2835.24.00,Of potassium
2835.25,Calcium hydrogenorthophosphate (“dicalcium phosphate”)
2835.25.00,"Calcium hydrogenorthophosphate (""dicalcium phosphate"")"
2835.26,Other phosphates of Calcium
2835.26.10,Calcium monobasic phosphate
2835.26.20,Calcium tribasic phosphate
2835.26.90,Other
2835.29,Other
2835.29.10,"Magnesium phosphate, monobasic"
2835.29.20,"Magnesium phosphate, dibasic"
2835.29.30,"Magnesium phosphate, tribasic"
2835.29.40,Sodium hexa meta phosphate
2835.29.90,Other
2835.31,Sodium triphosphate (Sodium tripolyphosphate)
2835.31.00,Sodium triphosphate (sodium tripoly phosphate)
2835.39,Other
2835.39.00,Other
2836.20,Disodium carbonate
2836.20.10,"Disodium carbonate, dense"
2836.20.20,"Disodium carbonate, light"
2836.20.90,Other
2836.30,Sodium hydrogencarbonate (Sodium bicarbonate)
2836.30.00,Sodium hydrogencarbonate (sodium bicarbonate)
2836.40,potassium carbonates
2836.40.00,Potassium carbonates
2836.50,Calcium carbonate
2836.50.00,Calcium carbonate
2836.60,barium carbonate
2836.60.00,Barium carbonate <br> Other
2836.91,Lithium carbonates
2836.91.00,Lithium carbonates
2836.92,Strontium carbonate
2836.92.00,Strontium carbonate
2836.99,Other
2836.99.10,Percarbonates
2836.99.20,Magnesium carbonate
2836.99.30,Aluminium bicarbonate
2836.99.90,Other
2837,"Cyanides, cyanide oxides and complex cyanides."
2837.11,of Sodium
2837.11.00,Of sodium
2837.19,Other
2837.19.10,Potassium cyanide
2837.19.20,Double cyanide of potassium and sodium
2837.19.90,Other
2837.20,Complex cyanides
2837.20.10,Ammonium sulphocyanide
2837.20.20,Potassium ferricyanide
2837.20.30,Potassium ferrocyanide
2837.20.40,Sodium ferrocyanide
2837.20.50,Sodium nitroprusside (sodium nitroferricyanide)
2837.20.90,Other
2839,Silicates; commercial alkali metal silicates.
2839.11,Sodium metasilicates
2839.11.00,Sodium metasilicates
2839.19,Other
2839.19.00,Other
2839.90,Other
2839.90.10,Magnesium trisilicate
2839.90.90,Other
2840,Borates; peroxoborates (perborates).
2840.11,Anhydrous
2840.11.00,Anhydrous
2840.19,Other
2840.19.00,Other
2840.20,Other borates
2840.20.10,Magnesium borates
2840.20.90,Other
2840.30,Peroxoborates (perborates)
2840.30.00,Peroxoborates (perborates)
2841,Salts of oxometallic or peroxometallic acids.
2841.30,Sodium dichromate
2841.30.00,Sodium dichromate
2841.50,- Other chromates and dichromates; peroxochromates
2841.50.10,Sodium chromates
2841.50.90,"Other <br> Manganites, manganates and permanganates:"
2841.61,potassium permanganate
2841.61.00,Potassium permanganate
2841.69,Other
2841.69.00,Other
2841.70,Molybdates
2841.70.10,Aluminium molybdate
2841.70.20,Sodium molybdate
2841.70.90,Other
2841.80,Tungstates (wolframates)
2841.80.10,Sodium tungstate
2841.80.20,Magnesium tungstate
2841.80.90,Other
2841.90,Other
2841.90.00,Other
2842,"aluminosilicates whether or not chemically defined), other than"
2842.90,Other
2842.90.10,Arsenites and arsenates
2842.90.20,Bichromates and dichromates
2842.90.90,Other
2843,"precious metals, whether or not chemically defined; amalgams of"
2843.10,Colloidal precious metals
2843.10.10,Of gold
2843.10.20,Of silver
2843.10.90,Other <br> Silver compounds:
2843.21,Silver nitrate
2843.21.00,Silver nitrate
2843.29,Other
2843.29.00,Other
2843.30,gold compounds
2843.30.00,Gold compounds
2843.90,Other compounds; amalgams <br> Other compounds:
2843.90.11,Sodium aurous thiosulphate
2843.90.12,"Noble metallutions of platinum, rhodium and palladinium"
2843.90.19,Other
2843.90.20,Amalgams
2844,the fissile or fertile chemical elements and isotopes) and their
2844.10,"cermets), ceramic products and mixtures containing natural uranium"
2844.10.00,"cermets), ceramic products and mixtures containing natural uranium or"
2844.30.10,wrought and compounds thereof <br> Compounds of thorium or of
2844.30.21,Thorium oxide
2844.30.22,Thorium hydroxide
2844.30.23,Thorium nitrate
2844.30.29,Other
2844.30.30,Waste and scrap of uranium depleted in U235 or of thorium
2844.30.90,Other
2844.50,Spent (irradiated) fuel elements (Cartridges) of nuclear reactors
2844.50.00,Spent (irradiated) fuel elements (cartridges) of nuclear reactors
2845.10,Heavy water (deuterium oxide)
2845.10.00,Heavy water (deuterium oxide)
2845.90,Other
2845.90.10,Nuclear fuels not elsewhere included or specified
2845.90.90,Other
2846.10,Cerium compounds
2846.10.10,Cerium oxides
2846.10.90,Other
2846.90,Other
2846.90.10,Rare earth oxides not elsewhere included or specified
2846.90.20,Rare earth fluorides not elsewhere included or specified
2846.90.30,Rare earth chlorides not elsewhere included or specified
2846.90.90,Other
2847,"Hydrogen peroxide, whether or not solidified with urea."
2847.00,"Hydrogen peroxide, whether or not solidified with urea."
2847.00.00,"Hydrogen peroxide, whether or not solidified with urea"
2848.00.10,Omitted
2848.00.20,Omitted
2848.00.90,Omitted
2849,"Carbides, whether or not chemically defined."
2849.10,of Calcium
2849.10.00,Of calcium
2849.20,of Silicon
2849.20.10,Carborandum
2849.20.90,Other
2849.90,Other
2849.90.10,Boron carbide
2849.90.20,Tungsten carbide
2849.90.90,Other
2850,"chemically defined, other than compounds which are also carbides"
2850.00,"chemically defined, other than compounds which are also carbides"
2850.00.10,Hydrides
2850.00.20,Nitrides
2850.00.30,Azides <br> Silicides:
2850.00.41,Of calcium
2850.00.49,Other
2850.00.50,Borides
2852.1000,Chemically defined
2852.9000,Other
28531000,Cyanogen chloride (chlorcyan)
285390,Other:
28539010,Distilled or conductivity water and water of similar purity
28539020,"Liquid air, whether or not rare gases have been removed"
28539030,Compressed air
28539040,"Amalgams, other than of precious metals"
28539090,Other
2901,Acyclic hydrocarbons.
2901.10,Saturated
2901.10.00,Saturated <br> unsaturated
2901.21,Ethylene
2901.21.00,Ethylene
2901.22,Propene (propylene)
2901.22.00,Propene (propylene)
2901.23,Butene (butylene) and isomers thereof
2901.23.00,Butene (butylene) and isomers thereof
2901.24,"-- Buta-1,3-diene and isoprene"
2901.24.00,"Buta-1,3-diene and isoprene"
2901.29,Other
2901.29.10,"Acetylene, whether or not in dissolved condition"
2901.29.20,Heptene (Heptylene)
2901.29.90,Other
2902,Cyclic hydrocarbons.
2902.11,Cyclohexane
2902.11.00,Cyclohexane
2902.19,Other
2902.19.00,Other
2902.20,benzene
2902.20.00,Benzene
2902.30,toluene
2902.30.00,Toluene <br> Xylenes :
2902.41,o-Xylene
2902.41.00,o-Xylene
2902.42,m-Xylene
2902.42.00,m-Xylene
2902.43,p-Xylene
2902.43.00,p-Xylene
2902.44,Mixed Xylene isomers
2902.44.00,Mixed xylene isomers
2902.50,styrene
2902.50.00,Styrene
2902.60,Ethylbenzene
2902.60.00,Ethylbenzene
2902.70,Cumene
2902.70.00,Cumene
2902.90,Other
2902.90.10,Dipentene
2902.90.20,Diphenyl methane
2902.90.30,Dodecycl benzenes(excluding mixed alkylarenes)
2902.90.40,Napthalene pure
2902.90.50,Isobutyl benzene
2902.90.90,Other
2903,Halogenated derivatives of hydrocarbons.
2903.11,Chloromethane (methyl chloride) and chloroethane (ethyl chloride)
2903.11.10,Chloromethane (methyl chloride)
2903.11.20,Chloromethane (ethyl chloride)
2903.12.00,Dichloromethane (methylene chloride)
2903.13.00,Chloroform (trichloro methane)
2903.1400,Carbon tetrachloride
2903.15.00,"Ethylene dichloride(ISO)(1,2-dichloroethane)"
2903.19,Other
2903.19.10,Tetrachloroethane
2903.19.20,Trichloroethane
2903.19.90,Other
2903.21.00,Vinyl chloride (chloroethylene)
2903.22.00,Trichloroethylene
2903.23.00,Tetrachloroethylene (perchloroethylene)
2903.29.00,Other
2903.31.00,"Ethylene dibromide(ISO) (1,2-dibromoethane)"
2903.39,Other
2903.39.11,"1-Propene,1,1,3,3,3 pentafluro-2-(trifluoromethyl) (PFIB)"
2903.39.19,Other
2903.39.20,Brominated derivatives
2903.39.30,Iodinated derivatives
2903.39.90,Other
2903.71.00,Chlorofluoromethane
2903.7200,Dichlorotrifluoroethanes
2903.7300,Dichlorofluoroethanes
2903.7400,Chlorodifluoroethanes
2903.7500,Dichloropentafluoropropanes
2903.76.10,Bromochlorodifluoromethane
29037620,Bromotrifluoromethane
29037630,Dibromotetra-fluoroethanes
2903.77,Other perhalogenated only with fluorine and chlorine
29037711,Chlorotrifluoromethane
2903.7712,Dichlorodifluoromethane
2903.7713,Trichlorofluoromethane
2903.77.21,Chlorpentafluoroethance
2903.77.22,"1,2-Dichlorotetrafluoroethane"
2903.77.23,Trichlorofluoroethane
2903.77.24,Tetrachlorodifluoroethane
2903.77.25,Pentachlorofluoroethane
2903.77.31,Chlorohepta-fluoropropane
2903.7732,Dichlorohexafluoropropane
2903.7733,Trichloropentafluoropropane
2903.7734,Tetrachlorotetrafluoropropane
2903.7735,Pentachlorotrifluoropropane
2903.7736,Hexachlorodifluoropropane
2903.7737,Heptachlorofluoropropane
2903.7790,"Other derivatives, perhalogenated only with fluorine and chlorine"
2903.7800,Other perhalogenated derivatives
29037900,Other
2903.8100,"1,2,3,4,5,6-Hexachlorocyclohexane(HCH(ISO)),including lindane(ISO,INN)"
2903.82.00,"Aldrin(ISO),chlordane(ISO) and heptachlor(ISO)"
29038300,Mirex (ISO)
2903.8900,Other
2903.91,"Chlorobenzene, o-dichlorobenzene and p-dichlorobenzene"
29039110,Chlorobenzene (Monochloro)
2903.91.20,Ortho-dichlorobenzene(Orthodichlorobenzene)
2903.91.30,Para-dichlorobenzene(Paradichlorobenzene)
2903.92.21,DDT-Technical 75 Wdp
2903.92.29,Other
29039300,Pentachlorobenzene (ISO)
29039400,Hexabromobiphenyls
2903.99,Other
2903.99.10,Chloro-fluoro benzene
2903.99.20,Benzal-chloride (benzyl dichloride)
2903.99.30,Benzo-trichloride
2903.99.40,Benzyl-chloride
2903.99.50,Para- chloro toluene (4-chloromethyl benzene)
2903.99.60,"Napthalene, chlorinated"
2903.99.70,Chlorofluoro aniline
2903.99.90,Other
2904.10.10,Benzene sulphonic acid
2904.10.20,"1,5 Napthelene disulphonic acid (Armsstrong’s acid)"
2904.10.30,Napthelene sulphonic acid
2904.10.40,Vinyl sulphone
2904.10.90,Other
2904.20,derivatives containing only nitro or only nitroso groups
2904.20.10,Nitrobenzene
2904.20.20,Meta dinitrobenzene
2904.20.30,Meta nitrotoluene
2904.20.40,Ortho nitrotoluene
2904.20.50,Para nitrotoluene
2904.20.60,Dinitrotoluene
2904.20.90,Other
29043100,Perfluorooctane sulphonic acid
29043200,Ammonium perfluorooctane sulphonate
29043300,Lithium perfluorooctane sulphonate
29043400,Potassium perfluorooctane sulphonate
29043500,Other salts of perfluorooctane sulphonic acid
29043600,Perfluorooctane sulphonyl fluoride
29049100,Trichloronitromethane (chloropicrin)
290499,Other:
29049910,"2, 5 dichloronitrobenzene"
29049920,Dinitrochlorebenzene
29049930,Meta nitrochlorobenzene
29049940,Ortho nitrochlorobenzene
29049950,Para nitrochlorobenzene
29049960,2-nitrochlorotoluene
29049970,Sodium meta nitrochlorobenzene sulphonate
29049990,Other
2905.11,Methanol (methyl alcohol)
2905.11.00,Methanol (methyl alcohol)
2905.12,-- Propan-1-ol (propyl alcohol) and propan-2-ol (isopropyl alcohol)
2905.12.10,Propyl alcohol
2905.12.20,Isopropyl alcohol
2905.13,-- Butan-1-ol (n-butyl alcohol)
2905.13.00,Butan-1-ol (n-butylalcohol)
2905.14,Other butanols
2905.14.10,"Ethambutol, ethambutol hcl"
2905.14.20,Salbutamol sulphate
2905.14.30,Amino butanol
2905.14.90,Other
2905.16,Octanol (octyl alcohol) and isomers thereof
2905.16.10,Dimethyl octanol
2905.16.20,2-ethyl hexanol
2905.16.90,Other
2905.19,Other
2905.19.10,"2-butanol, 3, 3-dimethyl"
2905.19.90,OTHER
2905.22,Acyclic terpene alcohols
2905.22.10,Citranellol
2905.22.20,Geraniol
2905.22.30,Linalool
2905.22.40,Rhodinol
2905.22.90,Other
2905.29,Other
2905.29.00,Other <br> Diols ;
2905.31,Ethylene glycol (ethanediol)
2905.31.00,Ethylene glycol(ethanediol)
2905.32,"-- Propylene glycol (propane-1,2-diol)"
2905.32.00,"Propylene glycol(propane-1,2-diol)"
2905.39,Other
2905.39.10,"1,4/1,3/2,3 butylene glycol"
2905.39.90,Other <br> other polyhydric alcohols :
2905.41,"-- 2-Ethyl-2-(hydroxymethyl)propane-1,3-diol (trimethylolpropane)"
2905.41.002,"Ethyl-2-(hydroxymethyl) propane-1,3-diol (trimethylopropane)"
2905.42,Pentaerythritol
2905.42.10,Dipentaerythritol
2905.42.90,Other
2905.43,Mannitol
2905.43.00,Mannitol
2905.44,-- D-glucitol (sorbitol)
2905.44.00,D-glucitol (sorbitol)
2905.45,Glycerol
2905.45.00,Glycerol (Glycerine)
2905.49,Other
2905.51,Ethchlorvynol (INN)
2905.51.00,Ethchlorvynol (INN)
2905.59,Other
2905.59.00,other
2906.11,Menthol
2906.11.00,Menthol
2906.12,"Cyclohexanol, methylcyclohexanols and dimethylcyclo-hexanols"
2906.12.00,"Cyclohexanol, methylcyclohexanols and dimethylcyclohexanols"
2906.13,Sterols and inositols
2906.13.10,Cholesterol
2906.13.90,Other
2906.19,Other
2906.19.10,Borneol
2906.19.90,Other <br> Aromatic:
2906.21,Benzyl alcohol
2906.21.00,Benzyl Alcohol
2906.29,Other
2906.29.10,Cinnamic alcohol
2906.29.20,Phenylethyl alcohol
2906.29.90,Other
2907,Phenols; phenol-alcohols.
2907.11,Phenol (hydroxybenzene) and its salts
2907.11.10,"Phenol, as pure carbolic acid"
2907.11.90,Other
2907.12,Cresols and their salts
2907.12.10,Para cresols (p-cresols)
2907.12.20,Cresylic acid
2907.12.90,Other
2907.13,"-- Octylphenol, nonylphenol and their isomers; salts thereof"
2907.13.00,"Octylphenol, nonylphenol and their isomers; salts thereof"
2907.15,Naphthols and their salts
2907.15.10,Alpha naphthols
2907.15.20,Beta naphthols
2907.15.90,Other
2907.19,Other
2907.19.10,o-Phenyl phenols
2907.19.20,p-Phenyl phenols
2907.19.30,Thymol
2907.19.40,Para tartiary butyl phenol
2907.19.50,Alkyl Phenols
2907.19.90,OTHER <br> Polyphenols; phenol-alcohols:
2907.21,Resorcinol and its salts
2907.21.00,Resorcinol and its salts
2907.22,Hydroquinone (quinol) and its salts
2907.22.00,Hydroquinone (quinol) and its salts
2907.29,Other
2907.29.10,"1,5 dihydroxy napthalene"
2907.29.90,Other
2908.1100,Pentachlorophenol (ISO)
2908.1900,Other
2908.9100,Dinoseb (ISO) and its salts
2908.92.00,"4,6-Dinitro-o-cresol [DNOC (ISO)] and its salts"
2908.99,Other
2908.99.10,Para nitrophenol
2908.99.20,Musk Xylol
2908.99.90,Other
2909.11,Diethyl ether
2909.11.00,Diethyl ether
2909.19,Other
2909.19.00,Other
2909.30.11,4-chloro-2-nitro anisole
2909.30.12,Ortho nitro anisole
2909.30.19,Other
2909.30.20,Diphenyl oxide
2909.30.30,Musk ambrette
2909.41,"-- 2,2'-Oxydiethanol (diethylene glycol, digol)"
2909.41.00,"2,2-Oxydiethanol (diethylene glycol, digol)"
2909.43,Monobutyl ethers of Ethylene glycol or of diethylene glycol
2909.43.00,Monobutyl ethers of ethylene glycol or of diethylene glycol
2909.44,Other monoalkylethers of Ethylene glycol or of diethylene glycol
2909.44.00,Other monoalkylethers of ethylene glycol or of diethylene glycol
2909.49,Other
2909.49.00,Other
2909.50.10,Guaiacol
2909.50.20,Isoeugenol
2909.50.30,Potassium guaiacol sulphonate
2909.50.90,Other
2910,"three-membered ring, and their halogenated, sulphonated, nitrated"
2910.10,oxirane (Ethylene oxide)
2910.10.00,Oxirane (ethylene oxide)
2910.20,Methyloxirane (propylene oxide)
2910.20.00,Methyloxirane (propylene oxide)
2910.30,"- 1-Chloro-2,3-epoxypropane (epichlorohydrin)"
2910.30.00,"1-chloro-2,3-expoxypropane (epichlorohydrin)"
2910.40.00,"Dieldrin (ISO, INN)"
29105000,Endrin (ISO)
2910.90.00,Other
2911,"and their halogenated, sulphonated, nitrated or nitrosated"
2911.00,"and their halogenated, sulphonated, nitrated or nitrosated"
2911.00.10,"Acetals and hemiacetals, whether or not with other oxygen function"
2911.00.90,Other
2912.11.00,Methanal (formaldehyde)
2912.12.00,Ethanal (acetaldehyde)
2912.19,Other
2912.19.10,Crotonaldehyde
2912.19.20,Heptaldehyde (heptanal)
2912.19.30,Glyoxal
2912.19.90,Other
2912.21.00,Benzaldehyde
2912.29,Other
2912.29.10,Cinnamic aldehyde
2912.29.20,Phenyl acetaldehyde
2912.29.90,Other
2912.41.00,Vanillin (4-hydroxy-3-methoxybenzaldehyde)
2912.42.00,Ethylvanillin (3-ethoxy-4-hydroxy-benzaldehyde)
2912.49,Other
2912.49.10,Anisic aldehyde (Anisaldehyde)
2912.49.20,Heliotropin (piperonyl aldehyde)
2912.49.30,Thiacetazone
2912.49.40,"3,4,5-trimethoxy-benzaldehyde"
2912.4991,Aldehyde-alcohols
29124999,Other
2912.50.00,Cyclic polymers of aldehydes
2912.60.00,Paraformaldehyde
2913.00.10,Ortho-chloro-benzaldehyde
2913.00.90,Other
2914,"and their halogenated, sulphonated, nitrated or nitrosated"
2914.11.00,Acetone
2914.12.00,Butanone (methyl ethyl ketone)
2914.13.00,4-methylpentan-2-one (methyl isobutyl ketone)
2914.19,Other
2914.19.10,Isophoron
2914.19.90,Other
2914.22.00,Cyclohexanone and methyl-cyclohexanones
2914.23,Ionones and methylionones
2914.23.10,Beta-ionone
2914.23.20,Pseudo ionone
2914.23.90,Other
2914.29,Other
2914.29.10,L-caravone
2914.2921,Natural
29142922,Synthetic
29142990,Other
2914.31.00,Phenylacetone (phenylpropan-2-one)
2914.39,Other
2914.39.10,Aceto phenone
2914.39.20,Benzanthrone
2914.39.30,Benzophenone
2914.39.40,Dibenzanthrone (violanthrone)
2914.39.90,Other
2914.40.00,Ketone-alcohols and ketone-aldehydes
2914.50.00,Ketone-phenols and ketones with other oxygen function
2914.61.00,Anthraquinone
29146200,Coenzyme Q10 (ubidecarenone (INN))
2914.69,Other
2914.69.10,1:4 dihydroxy anthraquinone (quinizarin)
2914.69.20,Methyl anthraquinone
2914.69.90,Other
29147100,Chlordecone (ISO)
291479,Other:
29147910,1-chloro anthraquinone
29147920,Musk ketone
29147990,Other
2915,"halides, peroxides and peroxyacids; their halogenated, sulphonated,"
2915.11,Formic acid
2915.11.00,Formic acid
2915.12,salts of Formic acid
2915.12.10,Sodium formate
2915.12.90,Other
2915.13,Esters of Formic acid
2915.13.00,Esters of formic acid <br> Acetic acid and its salts; acetic anhydride:
2915.21,Acetic acid
2915.21.00,Acetic acid
2915.24,Acetic anhydride
2915.24.00,Acetic anhydride
2915.29,Other
2915.29.10,Calcium acetate
2915.29.20,Magnesium acetate
2915.29.30,Manganese acetate
2915.29.90,Other <br> Esters of acetic acid:
2915.31,ethyl acetate
2915.31.00,Ethyl acetate
2915.32,Vinyl acetate
2915.32.00,Vinyl acetate
2915.33,-- n-Butyl acetate
2915.33.00,n-Butyl acetate
2915.36,Dinoseb (ISO) acetate
2915.39,Other
2915.39.10,Benzyl acetate
2915.39.20,Bornyl acetate and Iso bornyl acetate
2915.39.30,Linalyl acetate
2915.39.40,Methyl acetate
2915.39.50,Phenyl propyl acetate
2915.39.60,Terpinyl acetate
2915.39.90,Other
2915.40,"- Mono-, di- or trichloroacetic acids, their salts and esters"
2915.40.10,"Monochloroacetic acid, their salts and esters"
2915.40.20,"Dichloroacetic acid, their salts and esters"
2915.40.30,"Trichloroacetic acid, their salts and esters"
2915.50,"Propionic acid, its salts and Esters"
2915.50.00,"Propionic acid, its salts and esters"
2915.60,"Butanoic acids, pentanoic acids, their salts and Esters"
2915.60.10,"Butanoic acids, their salts and esters"
2915.60.20,"Pentanoic acids, their salts and esters"
2915.70,"Palmitic acid, Stearic acid, their salts and Esters"
2915.70.10,Palmitic acid
2915.70.20,Stearic acid
2915.70.30,Glycerol monostearate
2915.70.40,H.C.O.Fatty acid (including 12-hydroxy stearic acid)
2915.70.50,D.C.O. Fatty acid
2915.70.90,Other
2915.90,Other
2915.90.10,Acetyl chloride
2915.90.20,Octoic acid (caprylic acid)
2915.90.30,Hexoic acid (caproic acid)
2915.90.90,Other
2916,"acids, their anhydrides, halides, peroxides and peroxyacids; their"
2916.11,Acrylic acid and its salts
2916.11.00,Acrylic acid and its salts
2916.12,Esters of Acrylic acid
2916.12.10,Butyl acrylate
2916.12.90,Other
2916.13,Methacrylic acid and its salts
2916.13.10,Methacrylic acid
2916.13.20,Salts of methacrylic acid
2916.14,Esters of Methacrylic acid
2916.14.00,Esters of methacrylic acid
2916.15,"Oleic, linoleic or linolenic acids, their salts and Esters"
2916.15.10,Oleic acid
2916.15.90,Other
29161600,Binapacryl(ISO)
2916.19,Other
2916.19.10,Undecylenic acid
2916.19.20,Bismuth compounds of unsaturated acyclic monoacids
2916.19.30,Potassium compounds of unsaturated acyclic monoacids
2916.19.40,Sodium compounds of unsaturated acyclic monoacids
2916.19.50,Esters of unsaturated acyclic monoacids not elsewhere specified
2916.19.60,Sorbic acid
2916.19.90,Other
2916.31,"Benzoic acid, its salts and Esters"
2916.31.10,Benzoic acid
2916.31.20,Benzyl benzoate
2916.31.30,Methyl benzoate
2916.31.40,Sodium benzoate
2916.31.50,Benzocaine (ethylpara-amino benzoate)
2916.31.60,Orthochloro benzoic acid
2916.31.90,Other
2916.32,Benzoyl peroxide and Benzoyl chloride
2916.32.00,Benzoyl peroxide and benzoyl chloride
2916.34,Phenylacetic acid and its salts
2916.34.00,Phenylacetic acid and its salts
2916.39,Other
2916.39.10,Cinnamic acid
2916.39.20,Bismuth compounds of aromatic monoacids
2916.39.30,Potassium compounds of aromatic monoacids
2916.39.40,Sodium compounds of aromatic monoacids
2916.39.50,Esters of aromatic monoacids not elsewhere specified
2916.39.90,Other
2917,"peroxyacids; their halogenated, sulphonated, nitrated or nitrosated"
2917.11,"Oxalic acid, its salts and Esters"
2917.11.10,Oxalic acid
2917.11.20,Calcium oxalate
2917.11.30,Strontium oxalate
2917.11.40,Diethyl oxalate
2917.11.90,Other
2917.12,"Adipic acid, its salts and Esters"
2917.12.00,"Adipic acid, its salts and esters"
2917.13,"Azelaic acid, sebacic acid, their salts and Esters"
2917.13.00,"Azelaic acid, sebacic acid, their salts and esters"
2917.14,Maleic anhydride
2917.14.00,Maleic anhydride
2917.19,Other
2917.19.10,Maleic acid
2917.19.20,Malonic acid
2917.19.30,Succinic acid
2917.19.40,Ferrous fumarate
2917.19.50,Fumaric acid
2917.19.60,Itaconic acid
2917.19.70,"Ethoxy methylene malonate, diethyl malonate"
2917.19.90,Other
2917.32,Dioctyl orthophthalates
2917.32.00,Dioctyl orthophthalates
2917.33,Dinonyl or didecyl orthophthalates
2917.33.00,Dinonyl or didecyl orthophthalates
2917.34,Other Esters of orthophthalic acid
2917.34.00,Other esters of orthophthalic acid
2917.35,Phthalic anhydride
2917.35.00,Phthalic anhydride
2917.36,Terephthalic acid and its salts
2917.36.00,Terephthalic acid and its salts
2917.37,Dimethyl terephthalate
2917.37.00,Dimethyl terephthalate
2917.39,Other
2917.39.10,Dibutyl phthalate
2917.39.20,Dioctyl phthalate
2917.39.30,Phthalic acid
2917.39.40,Dimethyl phthalate
2917.39.50,Trimellitic Anhydride
2917.39.60,Isophthalic Acid
2917.39.90,Other
2918,"anhydrides, halides, peroxides and peroxyacids; their halogenated,"
2918.11,"Lactic acid, its salts and Esters"
2918.11.10,Lactic acid
2918.11.20,Calcium lactate
2918.11.90,Other
2918.12,Tartaric acid
2918.12.00,Tartaric acid
2918.13,salts and Esters of Tartaric acid
2918.13.10,Potassium bitartrate
2918.13.20,Metroprolol tartrate
2918.13.90,Other
2918.14,Citric acid
2918.14.00,Citric acid
2918.15,salts and Esters of Citric acid
2918.15.10,Potassium citrate
2918.15.20,Sodium citrate
2918.15.30,Bismuth citrate
2918.15.40,Disodium hydrogen citrate
2918.15.50,Ferric ammonium citrate
2918.15.90,Other
2918.16,"Gluconic acid, its salts and Esters"
2918.16.10,Calcium gluconate
2918.16.20,Ferrous gluconate
2918.16.90,Other
29181700,"2, 2-Diphenyl-2-hydroxyacetic acid (benzilic acid)"
2918.18,Chlorobenzilate (ISO)
2918.18.00,Chlorobenzilate(ISO)
2918.19,Other
2918.19.10,"Benzene acetic acid, alpha-hydroxy-alpha-phenyl-"
2918.19.90,"function, their anhydrides, halides, peroxides, peroxyacids and their"
2918.21,Salicylic acid and its salts
2918.21.10,Salicylic acid
2918.21.20,Sodium salicylate
2918.21.90,Other
2918.22,"-- O-Acetylsalicylic acid, its salts and esters"
2918.22.00,"O-Acetylsalicylic acid, its salts and esters"
2918.23,Other Esters of Salicylic acid and their salts
2918.23.10,Methyl salicylate
2918.23.20,Amino salicylate
2918.23.30,Salicylamide
2918.23.90,Other
2918.29,Other
2918.29.10,Gallic acid
2918.29.20,Beta hydroxy napthoic acid
2918.29.30,Propyl gallate
2918.29.90,Other
2918.30,"Oxygen function, their anhydrides, halides, Peroxides, peroxyacids"
2918.30.10,Levulinic acid
2918.30.20,Ethyl aceto acetate (acetoacetic ester)
2918.30.30,Nalidixic acid
2918.30.40,Methyl aceto acetate
2918.30.90,Other <br> Other
2918.91.00,"2,4,5-T(ISO)(2,4,5-trichlorophenoxyacetic acid),its salt and esters"
2918.99,Other
2918.99.00,Other
2919.10,"tris(2,3-dibromopropyl) phosphate"
2919.10.00,"Tris(2,3-dibromopropy) phosphate"
2919.90,Other
2919.90.10,Glycerophosphoric acid
2919.90.20,Calcium glycerophosphate
2919.90.30,Iron glycerophosphate
2919.90.40,Sodium glycerophosphate
2919.90.50,Tricresyl phosphate
2919.90.90,Other
2920,"hydrogen halides) and their salts; their halogenated, sulphonated,"
2920.11,-- Parathion (ISO) and parathion-methyl (ISO) (methyl-parathion)
2920.11.00,"halogenated, sulphonated, nitrated or nitorosated derivatives --"
2920.19,Other
2920.19.10,"Other-phosphorothiolic acid,S[2-(diethyl amino) ethyl]O,O-Diethyl ester"
2920.19.90,Other
29202100,Dimethyl phosphite
29202200,Diethyl phosphite
29202300,Trimethyl phosphite
29202400,Triethyl phosphite
292029,Other:
29202910,Dimethyl sulphate
29202920,Diethyl sulphate
29202930,"Tris (2, 3 Dibromopropyl) phosphate"
29202990,Other
29203000,Endosulfan (ISO)
2920.90.45,"O,O,Dimethyl Phosphonate"
2920.90.47,"Phosphonic acid,methly-compound with (aminoimino methyl) urea 1:1"
2920.90.53,"Phosphonic acid, propyl-dimethyl ester"
2920.90.54,"Phosphonous acid, methyl-diethyl ester"
2920.90.55,"Phosphonic acid,ethyl-"
2920.90.56,"Phosphonic acid,propyl-"
2920.90.57,"Phosphinic acid,methyl-"
2920.90.58,"Phosphono chloridic acid, methyl-,methyl ester"
2920.90.61,"Phosphono thioic dichloridic, ethyl-"
2920.90.62,"Phosphonic acid,methyl-"
2920.90.63,"Phosphonic acid,ethyl-,dimethyl ester"
2920.90.64,"Phosphonic dichloride, methyl-"
2920.90.65,"Phosphonous dichloride,methyl-"
2920.90.66,"Phosphonic acid,ethyl-,diethyl ester"
2920.90.99,Other
2921,Amine-function compounds.
2921.11,"-- Methylamine, di- or trimethylamine and their salts"
2921.11.10,Dimethyl formide
2921.11.90,Other
29211200,"2-(N, N-Dimethylamino)ethylchloride hydrochloride"
29211300,"2-(N, N-Diethylamino)ethylchloride hydrochloride"
29211400,"2-(N, N-Diisopropylamino)ethylchloride hydrochloride"
2921.19,Other
29211910,"2-Chloro N, N-Diisopropyl ethylamine"
29211920,"2-Chloro N, N-Dimethyl ethanamine"
29211990,Other
2921.21,Ethylenediamine and its salts
2921.21.00,Ethylenediamine and its salts
2921.22,Hexamethylenediamine and its salts
2921.22.00,Hexamethylenediamine and its salts
2921.29,Other
2921.29.10,Hexamethylene tetramine (hexamine) not put up as fuel or medicament
2921.29.20,Trimethylene triniframine
2921.29.90,Other
2921.30.10,Cyclohexylamine
2921.30.90,Other
2921.41,Aniline and its salts
2921.41.10,Aniline
2921.41.20,Aniline hydrochloride
2921.41.90,Other
2921.42,"paranitoaniline, dichloroaniline, 2,6-dichloro paranitroaniline, 2-4-5-"
2921.42.11,Para chloroaniline
2921.42.12,Ortho chloro paranitroaniline
2921.42.13,Dichloroaniline
2921.42.14,"2,6-dichloro paranitroaniline"
2921.42.21,Benzyl ethyl aniline
2921.42.22,Diethylaniline
2921.42.23,Dimethylaniline
2921.42.24,Ethyl aniline
2921.42.25,Meta nitroaniline
2921.42.26,"acid), Sulphanilic acid (para aminobenzene sulphonic acid para aniline"
2921.42.31,"2-amino 3,5 xylne sulphonic acid"
2921.42.32,Benzyl ethyl aniline sulphonic acid
2921.42.33,Metanillic acid (meta amino benzene sulphonic acid)
2921.42.35,Ethyl hydroxy ethylaniline
2921.42.36,"Methyl dopa (1-alpha methyl-3, 4-dihydroxyphenylaniline)"
2921.42.90,Other <br> Toluidines and their derivatives; salts thereof:
2921.43,-- Toluidines and their derivatives; salts thereof
2921.43.10,Diethyl toluidine
2921.43.20,Dimethyl toluidine
2921.43.30,Ortho toluidine
2921.43.40,Meta toluidine
2921.43.50,Para toluidine
2921.43.60,2-Chloro-5-toluidine-4-sulphonic acid
2921.43.70,2-Chloro-4-toluidine-5-sulphonic acid(sodium salt)
2921.43.80,4-Toluidine-3-sulphonic acid
2921.43.90,Other
2921.44,-- Diphenylamine and its derivatives; salts thereof
2921.44.10,Diphenylamine
2921.44.90,Other
2921.45,"naphthylamine, Phenyl alpha naphthylamine, Phenyl beta"
2921.45.11,Alpha naphthylamine
2921.45.12,Phenyl alpha naphthylamine
2921.45.13,Phenyl beta naphthylamine
2921.45.14,Amino F-acid
2921.45.15,Aminolineli-R-acid
2921.45.16,Sodium naphthionate
2921.45.21,Bronner’s acid (2-naphthylamine-6-sulphonic acid)
2921.45.22,Cleve’s acid(1-naphthylamine-6-sulphonic acid)
2921.45.23,"Epsilon acid (1-naphthylamine-3,8-disulphonic acid)"
2921.45.24,"Koch’s acid (1-naphthylamine-3,6,8-trisulphonic acid)"
2921.45.25,Laurent’s acid (1-naphthylamine-5-sulphonic acid)
2921.45.26,Tobias acid (2-naphthylamine-1-sulphonic acid )
2921.45.31,Naphthionic acid (1-naphthylamine-4-sulphonic acid)
2921.45.32,Para tolyl peri acid (para tolyl-1-naphthylamine-8-sulphonic acid)
2921.45.33,Phenyl peri acid (phenyl-1-naphthylamine-8-sulphonic acid)
2921.45.90,Other
2921.46.00,"(INN),etilamfetamine(INN)Fencamfamin(INN),Lefetamine(INN),Levamfeta"
2921.49,Other
2921.49.10,Xylidines
2921.49.90,Other
2921.51.10,O-phenylenediamine
2921.51.20,M-phenylenediamine (m-di aminobenzene
2921.51.30,P-phenylenediamine
2921.51.40,O-diaminotoluene
2921.51.50,M-diaminotoluene
2921.51.60,P-diaminotoluene
2921.51.70,Para-amino acetanilide
2921.51.80,Meta toluylene diamine
2921.51.90,Other
2921.59,Other
2921.59.10,Benzidine
2921.59.20,Benzidine dihydrochloride
2921.59.30,"3,3 dichlorobenzidine dihydrochloride sulphate"
2921.59.90,Other
2922,Oxygen-function amino-compounds.
2922.11,Monoethanolamine and its salts
2922.11.11,"2-hydroxy N,N-diisopropyl ethylamine"
2922.11.12,"N,N-diethyl amino ethyl chloride hydrocholoride"
2922.11.13,Di-ethyl amino ethanethiol hydrochloride
2922.11.14,Di-methyl amino ethanethiol hydrochloride
2922.11.15,Di-methyl amino ethanethiol
2922.11.16,Di-methyl amino ethanethiol hydrochloride
2922.11.90,Other
2922.12,Diethanolamine and its salts
29221200,Diethanolamine and its salts
2922.13.10,<br> Triethanolamine and its salts <br> Triethanolamine
2922.13.90,Other
2922.14,Dextropropoxyphene (INN) and its salts
2922.14.00,Dextropropoxyphene (INN) and its salts
29221500,Triethanolamine
29221600,Diethanolammonium perfluorooctane sulphonate
292217,Methyldiethanolamine and ethyldiethanolamine:
29221710,Methyldiethanolamine
29221720,Ethyldiethanolamine
29221800,"2-(N, N-Diisopropylamino) ethanol"
2922.19,Other
2922.19.10,Di-ethyl amino ethanethiol
2922.19.20,"Ethanol,2-(Bis[1-Methylethyl] amino)-"
2922.19.30,"Ethanethiol,2-(diethyl amino)-"
2922.19.90,Other
2922.21,Aminohydroxynaphthalenesulphonic acids and their salts
2922.21.10,Amino-g-acid
2922.21.20,Amino-j-acid
2922.21.30,1-amino-2-naphthol-4-sulphonic acid
2922.21.40,Gamma acid
2922.21.50,J acid (2-amino-5-naphthol-7-sulphonic acid)
2922.21.60,H acid
2922.21.70,Ortho phenyl sulphonyl H-acid
2922.21.80,Chicago acid
2922.21.90,Other
2922.29,Other
2922.29.11,2-amino 4-nitrophenol
2922.29.12,Meta aminophenol
2922.29.13,Para aminophenol
2922.29.14,Meta diethyl amino-phenol
2922.29.21,2-amino-1-phenol-4-sulphonic acid
2922.29.22,6-nitro-0-aminophenol-4-sulphonic acid
2922.29.23,Phenyl gamma acid (phenyl 2-amino-naphthol 1-6-sulphonic acid)
2922.29.24,Phenyl J acid (phenyl-2-amino-8 naphthol 1-7-sulphonic acid)
2922.29.26,Meta-phenylene diamine-4-sulphonic acid
2922.29.31,N-methyl-para-aminophenol sulphate (motol)
2922.29.32,"2,5 dimethoxy aniline"
2922.29.33,Para acetyl aminophenol (paracetamol)
2922.29.34,Para cresidine
2922.29.35,Picramic acid (T-grade)
2922.29.90,Other
2922.39,Other
2922.39.00,Other
2922.41,-- Lysine and its esters; salts thereof
2922.41.00,Lysine and its esters; salts thereof
2922.42,Glutamic acid and its salts
2922.42.10,Glutamic acid
2922.42.20,Monosodium glutamate (aginamoto)
2922.42.90,Other
2922.43,Anthranilic acid and its salts
2922.43.00,Anthranilic acid and its salts
2922.44,Tilidine (INN) and its salts
2922.44.00,Tilidine (INN) and its salts
2922.49,Other
2922.49.10,Amino acetic acid (glycine)
2922.49.20,N-methyl taurine
2922.49.90,Other
2922.50.11,Para-amino-salicylic acid
2922.50.12,Methyl anthranilate
2922.50.13,Procaine hydrochloride
2922.50.14,Amino anisic acid anilide
2922.50.21,Frusemide
2922.50.22,Aminodial
2922.50.23,N-acetyl anthranilic acid
2922.50.24,Domperidone
2922.50.90,Other
2923.10,Choline and its salts
2923.10.00,Choline and its salts
2923.20,Lecithins and Other phosphoaminolipids
2923.20.10,Lecithins
2923.20.90,Other
2923.30.00,Tetraethylammonium perfluorooctane sulphonate
2923.40.00,Didecyldimethylammonium perfluorooctane sulphonate
2923.90,Other
2923.90.00,Other
2924.11,Meprobamate (INN)
2924.11.00,Meprobamate (INN)
2924.12.00,"Fluoroacetamide(ISO),monocrotophos(ISO) and phosphamidon(ISO)"
2924.19,Other
2924.19.00,Others
2924.21,-- Ureines and their derivatives; salts thereof
2924.21.10,Diethyl diphenyl urea
2924.21.20,Dimethyl diphenyl urea (zentralin)
2924.21.30,Parachloro benzene sulphonyl urea
2924.21.90,Other
2924.23,-- 2-Acetamidobenzoic acid (N-acetylanthranilic acid) and its salts
2924.23.00,2-Acetamidobenzoic acid (N-acetylanthranilic acid) and its salts
2924.24,Ethinamate (INN)
2924.24.00,Ethinamate (INN)
29242500,Alachlor (ISO)
2924.29,Other
2924.29.10,Acetanilide
2924.29.20,Aceto acetanilide
2924.29.30,Aceto acetic ortho chloranilide
2924.29.40,Aceto acetic para chloranilide
2924.29.50,Phenyl acetamide
2924.29.60,Pyrazinamide (pyrazine carboxamide)
2924.29.90,Other
2925.11,Saccharin and its salts
2925.11.00,Saccharin and its salts
2925.12,Glutethimide (INN)
2925.12.00,Glutethimide (INN)
2925.19,Other
2925.19.00,Other
2925.21,Chlordimeform (ISO)
2925.21.00,Mines and their derivatives;salts thereof:Chlorodimeform(ISO)
2925.29,Other
2925.29.10,Other:Guanidine nitrate
2925.29.90,Other
2926,Nitrile-function compounds.
2926.10,Acrylonitrile
2926.10.00,Acrylonitrile
2926.20,- 1-Cyanoguanidine (dicyandiamide)
2926.20.00,I-Cyanoguanidine (dicyandiamide)
29264000,Alpha-phenylacetoacetonitrile
2926.90,Other
2926.90.00,Other
2927,"Diazo-, azo- or azoxy-compounds."
2927.00,"Diazo-, azo- or azoxy-compounds."
2927.00.10,Para amino-azo-benzene
2927.00.90,Other
2928,Organic derivatives of hydrazine or of hydroxylamine.
2928.00,Organic derivatives of hydrazine or of hydroxylamine.
2928.00.10,Isoniazid
2928.00.90,Other
2929,Compounds with other nitrogen function.
2929.10,Isocyanates
2929.10.10,Phenyl isocyanate
2929.10.20,Toluene di-isocyanate
2929.10.90,Other
2929.90,Other
2929.90.10,"N,N-Diethylphosphoramidic dichloride"
2929.90.20,"N,N-Diisopropylphosphoramidic dichloride"
2929.90.30,"N,N-Dipropylphosphoramidic dichloride"
2929.90.40,"N,N-Dimethylphosphoramidic dichloride"
2929.90.50,"Diethyl N,N-Dimethylphosphoramidate"
2929.90.60,"Phosphoramidic acid, diethyl, dimethylester"
2929.90.90,Other
2930,Organo-sulphur compounds.
2930.20,Thiocarbamates and dithiocarbamates
2930.20.00,Thiocarbamates and dithiocarbamates
2930.30,"- Thiuram mono-, di- or tetrasulphides"
2930.30.00,"Thiuram mono-, di or tetrasulphides"
2930.40,Methionine
2930.40.00,Methionine
29306000,"2-(N, N-Diethylamino)ethanethiol"
29307000,Bis(2-hydroxyethyl)sulfide (thiodiglycol (INN))
29308000,"Aldicarb (ISO), captafol (ISO) and methamidophos (ISO)"
2930.90,Other
2930.90.10,Thiourea (sulphourea)
2930.90.20,Calcium salts of methionine
2930.90.30,Thio sulphonic acid
2930.90.50,Sulphinic acid
2930.90.60,Sulphoxide
2930.90.70,Mercaptan
2930.90.80,Allyl isothiocyanate
2930.90.91,"Ethanol,2,2-thiobis-"
2930.90.92,Di-Methyl Amino ethanethiol
2930.90.93,Di-Methyl Amino ethanethiol Hydrochloride
2930.90.94,Diethyl amino ethanethiol
2930.90.95,Di-ethyl Amino ethanethiol hydrochloride
2930.90.96,O-Ethyl S-phenyl ethylphosphonothiolothionate kg. 10% - (fonofos)
2930.90.97,"Phosphorothioic acid, S[2-(diethyl amino) ethyl] O,O-Diethyl ester"
2930.90.99,Other
2931,Other organo-inorganic compounds.
2931.10,Tetramethyl lead and tetraethl lead
2931.1010,Tetra-methyl lead
2931.1020,Tetra-ethyl lead
29312000,Tributyltin compounds
29313100,Dimethyl methylphosphonate
29313200,Dimethyl propylphosphonate
29313300,Diethyl ethylphosphonate
29313400,Sodium 3-(trihydroxysilyl)propyl methylphosphonate
29313500,"2, 4, 6-Tripropyl-1, 3, 5, 2, 4, 6-trioxatriphosphinane 2, 4, 6-trioxide"
293136,00
293137,00
29313800,Salt of methylphosphonic acid and (aminoiminomethyl)urea (1: 1)
29313900,Other
293190,Other
29319010,Organo arsenic compounds
2931.90.90,Other
2932,Heterocyclic compounds with oxygen hetero-atom(s) only.
2932.11.00,Tetrahydrofuran
2932.12.00,2-Furaldehyde (furfuraldehyde)
2932.13.00,Furfuryl alcohol and tetrahydrofurfuryl alcohol
29321400,Sucralose
2932.19,Other
2932.19.10,Hydroxy dibenzfuran carboxylic acid
2932.19.90,Other
293220,lactones :
2932.2010,"Coumarin, methylcoumarins and ethylcoumarins"
2932.20.20,Phenolphthalein
2932.20.90,Other
2932.91.00,Isosafrole
2932.92.00,"1-(1,3-Benzodioxol-5-yl) propan-2-one"
2932.93.00,Piperonal
2932.94.00,Safrole
2932.95.00,Tetrahydrocannabinols (all isomers)
2932.99.00,Other
2933,Heterocyclic compounds with nitrogen hetero-atom(s) only.
2933.11,Phenazone (antipyrin) and its derivatives
2933.11.00,Phenazone (antipyrin) and its derivates
2933.19,Other
2933.19.10,3-carboxy (para sulpho-phenyl)-5 pyrazolone
2933.19.201,"(2,5 dichloro-4-sulpho phenyl)—3-methyl-5-pyrazolone"
2933.19.30,3-methyl-1(4-sulpho-O-toluyl-5-pyrazolone)
2933.19.40,Phenyl-methyl pyrazolone
2933.19.50,1-phenyl-5-pyrazolone-3-carboxylic acid ethylester
2933.19.60,1-(m-sulphophenyl)-3-pyrazolone
2933.19.70,Analgin
2933.19.80,Oxyphenbutazone
2933.19.90,Other
2933.21,Hydantoin and its derivatives
2933.21.00,Hydantoin and its derivatives
2933.29,Other
2933.29.10,Tinidazole
2933.29.20,"Metronidazole, metronidiazole benzoate"
2933.29.30,Mebendazole
2933.29.40,Dimetridazole
2933.29.50,Albendazole
2933.29.90,Other
2933.31,Pyridine and its salts
2933.31.00,Pyridine and its salts
2933.32,Piperidine and its salts
2933.32.00,Piperidine and its salts
2933.33,"pentazocine (INN), pethidine (INN), pethidine (INN) intermediat, A,"
2933.39,Other
2933.39.11,Amino pyridine
2933.39.12,Alpha picoline (2-methyl pyridine)
2933.39.13,Gamma picoline (4-methyl pyridine)
2933.39.14,Chloropheniramine maleate
2933.39.15,Diphenoxylate hydrochloride
2933.39.16,Beta picoline (3-methyl pyridine)
2933.39.17,Morpholine
2933.39.18,Lutidine (Dimethyl Pyridine)
2933.39.19,Other
2933.39.20,Piperidine and its derivatives
2933.39.30,1-Azabicyclo (2.2.2.) octan-3-ol or Quinuclidine-3-ol
2933.39.90,Other
2933.41,Levorphanol (INN) and its salts
2933.41.00,Levorphanol (INN) and its salts
2933.49,Other
2933.52,Malonylurea (barbituric acid) and its salts
2933.52.00,Malonylurea (barbituric acid) and its salts
2933.54,-- Other derivatives of malonylurea (barbituric acid); salts thereof
2933.54.00,Other derivatives of malonylurea (barbituric acid); salts thereof
2933.59,Other
2933.59.10,Aminophylline (cordophylin)
2933.59.20,Trimethoprim
2933.59.30,Diethyl carbamazine citrate
2933.59.40,1-Amino-4-Methyl piperazine
2933.61,Melamine
2933.61.00,Melamine
2933.69,Other
2933.69.10,Cyanuric acid and its salts
2933.69.90,Other <br> Lactams:
2933.71,-- 6-Hexanelactam (epsilon-caprolactam)
2933.71.00,6-Hexanelactam (epsilon-caprolactam)
2933.72,Clobazam (INN) and methyprylon (INN)
2933.72.00,Clobazam (INN) and methyprylon (INN)
2933.79,Other lactams
2933.79.00,Other lactams <br> other:
2933.91,"estazolam (INN), ethyl loflazepate (INN), fludiazepam (INN),"
29339200,Azinphos-methyl (ISO)
2933.99,Other
2933.99.00,Other
2934.99,Other
2934.99.00,Other
2935,SULPHONAMIDES
2935.00,Sulphonamides.
29351000,N-Methylperfluorooctane sulphonamide
29352000,N-Ethylperfluorooctane sulphonamide
29353000,N-Ethyl-N-(2-hydroxyethyl) perfluorooctane sulphonamide
29354000,N-(2-Hydroxyethyl)-N-methylperfluorooctane sulphonamide
29355000,Other perfluorooctane sulphonamides
293590,Other:
29359011,Sulphamethoxazole
29359012,Sulphafurazole
29359013,Sulphadiazine
29359014,Sulphadimidine
29359015,Sulphacetamide
29359021,Sulphamethoxypyridarine
29359022,Sulphamethiazole
29359023,Sulphamoxole
29359024,Sulphamide
29359090,Other
2936.21,Vitamins a and their derivatives
2936.21.00,Vitamins A and their derivatives
2936.22,Vitamin B1 and its derivatives
2936.22.10,"Vitamin B1 (Thiamine (INN), Aneurine) and its salts"
2936.22.90,Other
2936.23,Vitamin B2 and its derivatives
2936.23.10,"Vitamin B2 (Riboflavin(INN), lactoflavin) & its salts"
2936.23.90,Other
2936.24.00,D- or DL-Pantothenic acid (Vitamin B3 or Vitamin B5) and its derivatives
2936.25,Vitamin B3 and its derivatives
2936.25.00,Vitamin B6 and its derivatives
2936.26,Vitamin B12 and its derivatives
2936.26.10,Vitamin B12 (Cyanocobalamin (INN))
2936.26.90,Other
2936.27,-- Vitamin C and its derivatives
2936.27.00,Vitamin C (Ascorbic acid) and its derivatives
2936.28,Vitamin E and its derivatives
2936.28.00,Vitamin E and its derivatives
2936.29,Other Vitamins and their derivatives
2936.29.10,Folic acid (Vitamin B9)
2936.29.20,Nicotinic acid & nicotinamide (niacinamide/ niacine)
2936.29.30,Vitamin K (menaphthonum BP)
2936.29.40,Vitamin D
2936.29.50,Vitamin H (Biotin)
2936.29.90,Other
2936.90,"Other, including Natural concentrates"
2936.90.00,"Other, including natural concentrates"
2937.11.00,"Somatotropin, its derivatives and structural analogues"
2937.12.00,fd
2937.19.00,Other
2937.22.00,Halogenated derivatives of corticosteroidal harmones
2937.23.00,Oestrogens and progestogens
2937.2900,Other
29373100,Epinephrine
2937.90,Other
29379011,Epinethrine
29379019,Other
29379020,Amino-acid derivatives
29379090,Other
2938.10,Rutoside (rutin) and its derivatives
2938.10.00,Rutoside (rutin) and its derivatives
2938.90,Other
2938.90.10,Digoxin
2938.90.20,Digitalis Glycosides
2938.90.90,Other
2939.1100,"hydrocodone (INN), hydromorphone (INN), morphine, nicomorphine"
2939.19.00,Other
2939.20,- Alkaloids of cinchona and their derivatives; salts thereof
2939.20.10,Quinine alkaloids
2939.20.20,Quinine hydrochloride
2939.20.30,Quinine sulphate
2939.20.40,Chloroquine phosphate
2939.20.50,Omitted
2939.20.90,Other
2939.30.00,Caffeine and its salts <br> Ephedrines and their salts:
2939.41,Ephedrine and its salts
2939.41.10,Ephedrine alkaloids
2939.41.20,Ephedrine hydrochloride
2939.41.90,Other
2939.42.00,Pseudoephedrine (INN) and its salts
2939.43.00,Cathine (INN) and its salts
29394400,Norephedrine and its salts
2939.49,Other
2939.51.00,Fenetylline (INN) and its salts
2939.59.00,Other
2939.61,Ergometrine (INN) and its salts
2939.61.10,Ergometrine (INN)
2939.61.90,Other
2939.62,Ergotamine (INN) and its salts
2939.62.10,Ergotamine tartrate
2939.62.90,Other
2939.63.00,Lysergic acid and its salts
2939.69.00,Other
293971,00
29397900,Other
29398000,Other
2940,"glucose and fructose; sugar ethers, sugar acetals and sugar esters,"
2940.00,"glucose and fructose; sugar ethers, sugar acetals and sugar esters,"
2940.00.00,"and fructose; sugar ethers, sugar acetals and sugar esters, and their"
2941,Antibiotics.
2941.10.10,"Penicillins & its salts ( eg procaine penicillin, penicillin G-potassium)"
2941.10.20,Ampicilline & its salts
2941.10.30,Amoxycilline & its salts
2941.10.40,Cioxacilline & its salts
2941.10.50,6-APA
2941.10.90,Other
2941.20,- Streptomycins and their derivatives; salts thereof
2941.20.10,Streptomycin
2941.20.90,Other
2941.30,- Tetracyclines and their derivatives; salts thereof
2941.30.10,Doxycycline & its salts
2941.30.20,Tetracycline/oxytetra- cycline and their salts
2941.30.90,Other
2941.40,- Chloramphenicol and its derivatives; salts thereof
2941.40.00,Chloramphenicol and its derivatives; salts thereof
2941.50,- Erythromycin and its derivatives; salts thereof
2941.50.00,Erythromycin and its derivatives; salts thereof
2941.90,Other
2941.90.11,Rifampicin
2941.90.123,Formyl Rifa S V(Rifa int)
2941.90.13,Rifa S/Rifa S Sodium (Rifaint )
2941.90.14,1-Amino-4-Methyl piperazine (Rifaint)
2941.90.19,Other
2941.90.20,Cephalexin & its salts
2941.90.30,Ciprofloxacine & its salts
2941.90.40,Gentamycin & its salts
2941.90.50,Neomycin
2941.90.60,Norfloxacin & its salts
2941.90.90,Other
2942,Other organic compounds.
2942.00,Other organic compounds.
2942.00.11,Cefadroxil & its salts
2942.00.12,Ibuprofane
2942.00.13,Nifedipine
2942.00.14,Ranitidine
2942.00.15,Danes salt of D(-) phenyl glycine
2942.00.16,D(-) para hydroxy Dane’s salts
2942.00.21,Timolo maleate
2942.00.22,Terbutoline sulphate
2942.00.23,D(-) phenyl glycin chloride HCL (DPGCH)
2942.00.24,Imipramine HCl
2942.00.25,Amitryptyline HCl
2942.00.26,Cysteanune HCl
2942.00.31,Diloxanide furoate
2942.00.32,Cimetidine
2942.00.33,Oxyclozanide
2942.00.34,Famotidine
2942.00.90,Other
3001,their secretions for organo-therapeutic uses; heparin and its salts;
3001.20,Extracts of glands or Other organs or of their secretions
3001.20.10,Liquid extracts of liver
3001.20.20,"Liver extracts, dry"
3001.20.30,Snake Venom
3001.20.90,Other
3001.90,Other
3001.90.10,Of human origin
3001.90.91,Heparin and its salts
3001.90.99,Other
3002,"immunological products, whether or not obtained by means of"
30021100,Malaria diagnostic test kits
300212,Antisera and other blood fractions:
30021210,For diphtheria
30021220,For tetanus
30021230,For rabies
30021240,For snake venom
30021290,Other
3002,13
300213,10
3002,14
300214,10
300215,00
30021900,Other
3002.20,Vaccines for human medicine
3002.20.11,For Cholera and Typhoid
3002.20.12,For Hepatitis
3002.20.13,For Tetanus
3002.20.14,For Polio
3002.20.15,For tuberculosis
3002.20.16,For rabies
3002.20.17,For Japanese Encephalitis
3002.20.18,For whopping cough (pertusis)
3002.20.19,Other
3002.20.21,"For diphtheria, pertusis and tetanus (DPT)"
3002.20.22,For diphtheria and tetanus (DT)
3002.20.23,"For measles, mumps, and rubella(MMR)"
3002.20.24,For typhoid-paratyphoid (TAB) or typhoid- paratyphoid-cholera (TABC)
3002.20.29,Other
3002.30.00,Vaccines for veterinary medicine
3002.90,Other
3002.90.10,Human blood
3002.90.20,"Animal blood prepared for therapeutic, prophylactic or diagnostic uses"
3002.90.30,Cultures of microorganisms( excluding yeast)
3002.90.40,Toxins
3002.90.90,Other
3003.20,containing Other antibiotics
3003.20.00,"Other, containing antibiotics"
3003.31,containing Insulin
3003.31.00,Containing insulin
3003.39.00,Other
30034100,Containing ephedrine or its salts
30034200,Containing pseudoephedrine (INN) or its salts
30034300,Containing norephedrine or its salts
30034900,Other
300360,00
3003.90,Other
3003.90.11,Of Ayurvedic System
3003.90.12,Of Unani systems
3003.90.13,Of Siddha system
3003.90.14,Of Homoeopathic System
3003.90.15,Of bio-chemic system <br> Menthol crystals and Milk of Magnesia:
3003.90.21,Menthol crystals
3003.90.22,Milk of Magnesia
3003.90.31,Bovine Albumin and drugs of animal origin
3003.90.32,Merbromine National Formulary XII (Mercurochrome)
3003.90.33,Calcium Sennoside
3003.90.34,Anaesthetic agents used in human or veterinary medicine or surgery
3003.90.35,Aluminium hydroxide gel
3003.90.36,Ketamine
3003.90.90,Other
3004,"prophylactic uses, put up in measured doses (including those in the"
3004.10.10,Penicillins
3004.10.20,Ampicillin
3004.10.30,Amoxycillin
3004.10.40,Becampicillin
3004.10.50,Cloxacillin
3004.10.60,Ampicillin and Cloxacillin combinations
3004.10.70,Streptomycin
3004.10.90,Other
3004.20,"Other, containing antibiotics"
3004.20.11,Cefazolin
3004.20.12,Cephalexin
3004.20.13,Ciprofloxacin
3004.20.14,Cefoxitin
3004.20.19,Other
3004.20.20,Sulfonamides and Cotrimoxazole
3004.20.31,Norfloxacin
3004.20.32,Nalidixic acid
3004.20.33,Ciprofloxacin
3004.20.34,Ofloxacin
3004.20.39,Other <br> Tetracyclines:
3004.20.41,Chlortetracycline
3004.20.42,Oxytetracycline
3004.20.49,Other
3004.20.50,Chloramphenicol
3004.20.61,Erythromycin
3004.20.62,Roxithromycin
3004.20.63,Clarithromycin
3004.20.64,Azithromycin
3004.20.69,Other
3004.20.70,Cefadoxyl
3004.20.91,Isoniazid
3004.20.92,Rifampicin
3004.20.93,Pyrazinamide
3004.20.94,Ethambutol
3004.20.95,Clindamycin
3004.20.96,Vancomycin
3004.20.97,Polymyxin B and Colistin
3004.20.99,Other
3004.31,containing Insulin
3004.31.10,Insulin injection
3004.31.90,Other
3004.39,Other
3004.39.11,Pituitary hormones
3004.39.12,Prednisolone
3004.39.13,Dexamethasone
3004.39.14,Danazol
3004.39.19,Other progestogen and oestogen group hormones
3004.39.21,Gonadotrophins
3004.39.22,Luteinising hormone
3004.39.90,Other
30044100,Containing ephedrine or its salts
30044200,Containing pseudoephedrine (INN) or its salts
30044300,Containing norephedrine or its salts
300449,Other:
30044910,Atropin and salts thereof
30044920,Caffein and salts thereof
30044930,"Codeine and derivatives, with or without ephidrine hydrochloride"
30044940,"Ergot preparations, ergotamine and salts thereof"
30044950,Papavarine hydrochloride
30044960,Bromohexin and solbutamol
30044970,Theophylline and salts thereof
30044990,Other
3004.50,"Other, containing vitamins or other products of heading 2936"
3004.50.10,Heamatinics and Erythropoyetin preperations
3004.50.20,Preperations of minerals and their supplements
3004.50.31,Of vitamin A
3004.50.32,Of vitamin B1 and B2 and their salts thereof
3004.50.33,Of vitamin B9
3004.50.34,Of vitamin B12
3004.50.35,Of vitamin C
3004.50.36,Of vitamin D
3004.50.37,Of Vitamin E
3004.50.39,Other
3004.50.90,Other
3004.90,Other
3004.90.11,Of Ayurvedic System
3004.90.12,Of Unani systems
3004.90.13,OF Siddha system
3004.90.14,Of Homoeopathic System
3004.90.15,Of Bio-chemic system
3004.90.21,Anthelmintics and preperations thereof
3004.90.22,Metronidazole
3004.90.23,Tinidazole
3004.90.24,Secnidazole
3004.90.25,Diloxamide Furoate
3004.90.26,Sodium Stibogluconate
3004.90.27,Pentamidine
3004.90.29,Other
3004.90.31,"Promethazine, Chlorophenimiramine, Astemizole and Ceteirizine"
3004.90.32,"Magnesium carbonate, Magnesium trisilicate, Aluminium hydroxide gel,"
3004.90.33,"Cimetidine, Rantidine, Nizatidine and Roxatidine"
3004.90.34,Omeprazole and Lansoprazole
3004.90.35,"Dicyclomine, Metoclopramide and Dexamethasone and Ondansetron"
3004.90.36,Chenodiol and Ursodiol
3004.90.39,Other <br> Anticancer drugs:
3004.90.41,Cyclophosphamide
3004.90.42,"Methotrexate, 5-fluorouracil(5-FU) and Ftorafur"
3004.90.43,Bincristine and Vinblastine
3004.90.44,Paclitaxel and Docetaxel
3004.90.45,Etoposide
3004.90.46,Actimycin D Dactinomycin and Doxorubicin
3004.90.47,"L-Asparaginase, Cisplatin and Carboplatin"
3004.90.48,Tamoxifen
3004.90.49,Other
3004.90.51,Isoniazid
3004.90.52,Rifampin
3004.90.53,Pyrazimamide and Ethambutol
3004.90.54,Streptomycin
3004.90.55,"Dapsone(DDS), Acedapsone(DADDS),Solopsone and Clofazimine"
3004.90.57,Other Antitubercular drugs
3004.90.58,Other Antileprotic drugs
3004.90.59,Other Antimalarial drugs
3004.90.61,Analgin with or without other compounds such as paracetamol
3004.90.62,Acetyl salicylic acid(Aspirin) and formulations thereof
3004.90.63,Ibuprofen with or without paracetamol or other compunds
3004.90.64,"Oxyphen butazone, Phenyl butazone and formulations thereof"
3004.90.65,Indomethacin
3004.90.67,"Ketorolac, Nimesulide, Mabumetone and Nefopam"
3004.90.69,Other <br> Antihepertensive drugs:
3004.90.71,"Captopril, Enalapril, Lisimopril, Perimdopril and Ramipril"
3004.90.72,"Verapamil, Nifedipine, Amlodipine and Lacidipine"
3004.90.73,Losartam
3004.90.74,"Propranolol, Metoprolol, Atenolol and Labetalol"
3004.90.75,"Prazosin, Terazosin, Phentolamine and Phenoxybenzamime"
3004.90.76,"Clonidine, Methyldopa"
3004.90.77,"Hydralazine, Minoxidil and Diazoxide"
3004.90.79,Other
3004.90.82,Other Antiepileptic drugs
3004.90.83,Sulpha drugs not elsewhere specified or included
3004.90.84,Preparations of Enzymes
3004.90.86,Oral rehydration salts
3004.90.87,"Antibacterial formulations, not elsewhere specified or included"
3004.90.88,Sedatives
3004.90.89,Tranquilizers <br> Other:
3004.90.91,"Salbutamol, Terbutaline, Ephedrine, Salmeterol and Methyl xanthimes"
3004.90.92,Plasma expanders
3004.90.94,"Theophylline, Aminophylline and other Broncho dilators"
3004.90.95,Carcino-chenotherapeutic drugs not elsewhere specified or included
3004.90.96,Ketamine
3004.90.99,Other
3005.10,Adhesive dressings and Other articles having an Adhesive layer
3005.10.10,Adhesive guaze
3005.10.20,Adhesive tape
3005.10.90,Other
3005.90,Other
3005.90.10,"Cotton wool, medicated"
3005.90.20,Poultice of Kaolin
3005.90.30,"Lint, medicated"
3005.90.40,Bandages
3005.90.50,Burn therapy dressing soaked in protective gel
3005.90.60,Micro pores surgical tapes
3005.90.70,Corn removers and callous removers
3005.90.90,Other
3006,Pharmaceutical goods specified in Note 4 to this Chapter.
3006.10.10,absorbable surgical or dental yarns) and sterile tissue adhesives for
3006.10.20,"or dental haemostatics,sterile surgical or dental adhesion barriers,whether"
3006.20,blood-grouping reagents
3006.20.00,Blood grouping reagents
3006.40.00,Dental cements and other dental fillings; bone reconstruction cements
3006.50,First-aid boxes and kits
3006.50.00,First-aid boxes and kits
3006.60.10,Based on hormones
3006.60.20,Based on other products of heading 2937
3006.60.30,Based on spermicides
3006.91,Appliances identifiable for ostomy use
3006.91.00,Other: Appliances identifiable for ostomy use
3006.92,Waste pharmaceuticals
3006.92.00,Waste Pharmaceuticals
3101,chemically treated; fertilisers produced by the mixing or chemical
3101.00,chemically treated; fertilisers produced by the mixing or chemical
3101.00.10,Guano
3101.00.91,Animal dung
3101.00.92,Animal excreta
3101.00.99,Other
3102,"Mineral or chemical fertilisers, nitrogenous."
3102.10,"Urea, whether or Not in aqueous solution"
3102.10.00,"Urea, whether or not in aqueous solution"
3102.21,Ammonium sulphate
3102.21.00,Ammonium sulphate
3102.29,Other
3102.29.10,Ammonium sulphonitrate
3102.29.90,Other
3102.30,"Ammonium nitrate, whether or Not in aqueous solution"
3102.30.00,"Ammonium nitrate, whether or not in aqueous solution"
3102.50,Sodium nitrate
3102.50.00,Sodium nitrate
3102.60,Double salts and Mixtures of Calcium nitrate and Ammonium nitrate
3102.60.00,Double salts and mixtures of calcium nitrate and ammonium nitrate
3102.90,"Other, including Mixtures Not specified in the foregoing subheadings"
3102.90.10,Double salt or mixtures of calcium nitrate and magnesium nitrate
3102.90.90,Other
3103,"Mineral or chemical fertilisers, phosphatic."
3103.11.00,Containing by weight 35 % or more of diphosphorus pentaoxide (P O )
3103.19.00,Other
3103.90,Other
3103.90.00,Other
3104,"Mineral or chemical fertilisers, potassic."
3104.20,potassium chloride
3104.20.00,Potassium chloride
3104.30,potassium sulphate
3104.30.00,Potassium sulphate
3104.90,Other
3104.90.00,Other
3105.30,Diammonium hydrogenorthophosphate (Diammonium phosphate)
3105.30.00,Diammonium hydrogenortho phosphate (diammonium phosphate)
3105.40,phosphate) and Mixtures thereof with Diammonium
3105.51,containing nitrates and phosphates
3105.51.00,Containing nitrates and phosphates
3105.59,Other
3105.59.00,Other
3105.90,Other
3105.90.90,Other
3201.10,Quebracho extract
3201.10.00,Quebracho extract
3201.20,Wattle extract
3201.20.00,Wattle extract
3201.90,Other
3201.90.10,Gambier extracts
3201.90.20,Myrobalan fruit extract
3201.90.30,"Gallotannic acid (tannin, digallic acid)"
3201.90.90,Other
3202,"substances; tanning preparations, whether or not containing natural"
3202.10,synthetic organic tanning substances
3202.10.00,Synthetic organic tanning substances
3202.90,Other
3202.90.10,Inorganic tanning substances
3202.90.30,Enzymatic preparations for pre-tanning
3202.90.90,Other
3203.00.10,Cutch (Catechu) extracts
3203.00.20,Food colours other than synthetic
3203.00.30,Lac-dye
3203.00.40,Natural indigo
3203.00.90,Other
3204,on synthetic organic colouring matter; synthetic organic products of
3204.11,Disperse dyes and Preparations based thereon
3204.11.11,Disperse yellow 13 (Duranol Brill yellow 6 G)
3204.11.19,Other <br> Disperse orange:
3204.11.21,Disperse orange 11 (Duranol orange G)
3204.11.29,Other <br> Disperse Red:
3204.11.31,Disperse Red 3 (Serisol Fast Pink B)
3204.11.32,Disperse Red 4 (Celliton Fast Pink RF)
3204.11.33,Disperse Red 9 (Duranol Red GN)
3204.11.39,Other <br> Disperse Violet:
3204.11.41,Disperse Violet 1 (Duranol violet 2R)
3204.11.42,Disperse violet 4 (Duranol Brill Violet B)
3204.11.43,Disperse violet 8 (Duranol Brill violet BR)
3204.11.49,Other <br> Disperse Blue:
3204.11.51,Disperse Blue 1 (Duranol Brill Blue CB)
3204.11.52,Disperse Blue 3 (Duranol Brill Blue BBN)
3204.11.53,Disperse Blue 5 (Celliton Fast Blue FFB)
3204.11.54,Disperse Blue 6 (Celliton Fast Blue FFG)
3204.11.55,Disperse Blue 14 (Duranol Brill Blue G)
3204.11.56,Disperse Blue 24 (Duranol Blue 2G)
3204.11.59,Other <br> Other:
3204.11.91,Disperse Greens
3204.11.92,Disperse Browns
3204.11.93,Disperse Blacks
3204.11.94,Disperse Brown mixtures
3204.11.95,Disperse Grey mixtures
3204.11.96,Disperse Black mixtures
3204.11.99,Other
3204.12.11,Acid yellows
3204.12.12,Acid Oranges
3204.12.13,Acid Red
3204.12.14,Acid Violets
3204.12.15,Acid Blues
3204.12.16,Acid Greens
3204.12.17,Acid Brown
3204.12.18,Acid Blacks
3204.12.19,Other <br> Acid Greens (non-azo):
3204.12.21,Acid Green 17 (Solacet Fast Green 2G)
3204.12.22,Acid Green 27 (Carbolan Green G)
3204.12.23,Acid Green 28 (Carbolan Brill Green 5G)
3204.12.24,Acid Green 38 (Alizarine Cyanine Green 3G)
3204.12.25,Acid Green 44 (Alizarine Cyanine Green GWA)
3204.12.29,Other <br> Acid Black (non-azo):
3204.12.31,Acid Black 2 (nigrosine)
3204.12.32,Acid Black 48 (Coomasie Fast Grey 3G)
3204.12.39,"Other <br> Acid Blues 2, 14, 23, 25, 45, 51, 52 & 78 (non-azo):"
3204.12.41,Acid Blue 2 (Alizarine Brill Blue PFN)
3204.12.42,Acid Blue 14 (Solacet Fast Blue 4 G1)
3204.12.43,Acid Blue 23 (Alizarine Light Blue 4 G1)
3204.12.44,Acid Blue 25 (Solway Ultra Blue B)
3204.12.45,Acid Blue 45 (Solway Blue RN)
3204.12.46,Acid Blue 51 (Alizarine sky blue FFB
3204.12.47,Acid Blue 52 (Alizarine Light – 5GL)
3204.12.48,Acid Blue 78 (Solway Sky Blue B)
3204.12.51,Acid Blue 93 (Ink Blue)
3204.12.52,Acid Blue 112 (Coomasie Ultra sky SE)
3204.12.53,Acid Blue 127 (Brill Alizarine Milling Blue G)
3204.12.54,Acid Blue 138 (Carbolan Blue B)
3204.12.55,Acid Blue 140 (Carbolan Brill Blue 2R)
3204.12.59,Other
3204.12.61,Yellows
3204.12.62,Oranges
3204.12.63,Violets
3204.12.64,Blues
3204.12.65,Greens
3204.12.66,Browns
3204.12.67,Blacks
3204.12.68,Red II (Alizarine Red)
3204.12.69,"Other (Ingrain dyes, Reds, e tc )"
3204.12.91,Acid yellows
3204.12.92,Acid Oranges
3204.12.93,Acid Red
3204.12.94,Acid Violets
3204.12.95,Acid Browns
3204.12.99,Other
3204.13,Basic dyes and Preparations based thereon
3204.13.10,Basic azo dyes
3204.13.21,Yellow 2 (Auramine O)
3204.13.29,Other
3204.13.31,Red 1 (Rhodamine 6 G)
3204.13.39,Other
3204.13.41,Violet 1 (methyl Violet)
3204.13.42,Violet 10 (Rhodamine B)
3204.13.43,Violet 14 (magenta)
3204.13.49,Other
3204.13.51,Blue 9 (methylene Blue)
3204.13.52,Blue 16 (Victoria Blue B)
3204.13.59,Other
3204.13.61,Green 4 (Malachite green)
3204.13.69,Other
3204.13.91,Basic Oranges
3204.13.92,Basic Browns
3204.13.93,Basic Black
3204.13.99,Other
3204.14,Direct dyes and Preparations based thereon
3204.14.11,Yellow 12 (Chrysophenine G)
3204.14.19,Other
3204.14.21,Congo Red
3204.14.29,Other
3204.14.31,Blue 1 (Sky Blue FF)
3204.14.39,Other
3204.14.40,Direct Oranges (azo)
3204.14.50,Direct Greens (azo)
3204.14.60,Direct Browns (azo)
3204.14.70,Direct Blacks (azo)
3204.14.81,Yellows
3204.14.82,Oranges
3204.14.83,Reds
3204.14.84,Violets
3204.14.85,Blues
3204.14.86,Greens
3204.14.87,Browns
3204.14.88,Blacks
3204.14.89,Other
3204.14.90,Other
3204.15.11,Vat yellow 2 (GC)
3204.15.12,Vat Yellow 4 (Indathrene Golden yellow GK)
3204.15.19,Other
3204.15.21,Vat Oranges 3 (Brill orange RK)
3204.15.22,Vat Oranges 15 (Golden Orange 3G)
3204.15.29,Other
3204.15.31,Vat Red (Brill Pink)
3204.15.39,Other
3204.15.41,Vat Violet 1 (Brill Violet 2R)
3204.15.42,Vat Violet 3 (Magenta B)
3204.15.49,Other
3204.15.51,Vat Blue 1 (Synthetic Indigo)
3204.15.52,Vat Blue 4
3204.15.53,Vat Blue 5 (Blue 2B)
3204.15.54,Vat Blue 6 (Blue BC)
3204.15.55,Vat Blue 20 (Dark Blue 30)
3204.15.56,Vat Blue 29 (Indanthrene Brill Blue 4G)
3204.15.57,Vat Blue 43 (Carbazole Blue)
3204.15.58,Reduced Vat Blues
3204.15.59,Other <br> Vat Green:
3204.15.61,Vat Green 1 (Indanthrene Brill Green BFFB)
3204.15.62,Vat Green 2 (Indanthrene Brill Green GG)
3204.15.63,Vat Green 4 (Indanthrene Brill Green 3B)
3204.15.64,Vat Green 9 (Black BB)
3204.15.69,Other <br> Vat Brown:
3204.15.71,Vat Brown 1 (Brown BR)
3204.15.72,Vat Brown 3 (Brown RGR)
3204.15.73,"Vat Brown 5 (Brown RRD,G)"
3204.15.79,Other <br> Vat Black:
3204.15.81,Vat Black 9 (Black RB)
3204.15.82,Vat Black 25 (Olive T)
3204.15.83,Vat Black 27 (Olive R)
3204.15.84,Vat Black 29 (Grey BG)
3204.15.89,Other <br> Other :
3204.15.91,Solubilised Vat yellows
3204.15.92,Solubilised Vat Oranges
3204.15.93,Solubilised Vat reds
3204.15.94,Solubilised Vat violets
3204.15.95,Solubilised Vat blues
3204.15.96,Solubilised Vat greens
3204.15.97,Solubilised Vat blacks
3204.15.99,Other
3204.16,Reactive dyes and Preparations based thereon
3204.16.10,Yellows
3204.16.20,Oranges
3204.16.30,Reds
3204.16.40,Violets
3204.16.50,Blues
3204.16.60,Greens
3204.16.70,Browns
3204.16.80,Blacks
3204.16.90,Other
3204.17,pigments and Preparations based thereon
3204.17.11,Yellow 1 (Hansa Yellow)
3204.17.19,Other
3204.17.20,Pigment Oranges <br> Pigment Red:
3204.17.31,Toluidine Red
3204.17.39,Other
3204.17.40,Pigment Violets <br> Pigment Blues:
3204.17.51,Blue 15 (Pathalocyanine Blue)
3204.17.59,Other <br> Pigment Greens:
3204.17.61,Green 7 (Pathalovyanine Green)
3204.17.69,Other
3204.17.70,Pigment Browns
3204.17.80,Pigment Blacks
3204.17.90,Other
3204.19.11,Azoic Coupling Component 2 (Naphthol AS)
3204.19.12,Azoic Coupling Component 4 (Naphthol As-BO)
3204.19.13,Azoic Coupling Component 5 (Naphthol ASG)
3204.19.14,Azoic Coupling Component 7 (Naphthol ASSW)
3204.19.15,Azoic Coupling Component 8 (Naphthol ASTR)
3204.19.21,Azoic Coupling Component 14 (Naphthol ASPH)
3204.19.22,Azoic Coupling Component 15 (Naphthol ASLB)
3204.19.23,Azoic Coupling Component 17 (Naphthol ASBS)
3204.19.24,Azoic Coupling Component 18 (Naphthol ASD)
3204.19.25,Azoic Coupling Component 20 (Naphthol ASOL)
3204.19.29,"Other <br> Azoic Diazo Component 1,2,3,4,5,6,10,11:"
3204.19.31,Azoic Diazo Component 1 (Fast Bordeaux GP Base)
3204.19.32,Azoic Diazo Component 2 (Fast Orange G/GC Base)
3204.19.33,Azoic Diazo Component 3 (Fast scarlet GGIGGS Base)
3204.19.34,Azoic Diazo Component 4 (Fast Garment GBC Base)
3204.19.35,Azoic Diazo Component 5 (Fast Red B Base)
3204.19.36,Azoic Diazo Component 6 (Fast Orange GR Base
3204.19.37,Azoic Diazo Component 10 (Fast Red R Base)
3204.19.41,Azoic Diazo Component 12 (Fast Scarlet G Base)
3204.19.42,Azoic Diazo Component 13 (Fast scarlet R Base)
3204.19.43,Azoic Diazo Component 20 (Fast Blue BB Base)
3204.19.44,Azoic Diazo Component 24 (Fast Blue RR Base)
3204.19.45,Azoic Diazo Component 32 (Fast Red KB Base)
3204.19.46,Azoic Diazo Component 41 (Fast Violet B Base)
3204.19.47,Azoic Diazo Component 48 (Fast Blue B Base
3204.19.49,Other <br> Azoic colours:
3204.19.51,Yellows
3204.19.52,Oranges
3204.19.53,Reds
3204.19.54,Violets
3204.19.55,Blues
3204.19.56,Greens
3204.19.57,Browns
3204.19.58,Blacks
3204.19.59,Other <br> Sulphur based colouring matters:
3204.19.61,Yellows
3204.19.62,Oranges
3204.19.63,Reds
3204.19.64,Blues
3204.19.65,Greens
3204.19.66,Browns
3204.19.67,Blacks
3204.19.69,Other <br> Solvent based colouring matters:
3204.19.71,Yellows
3204.19.72,Oranges
3204.19.73,Reds
3204.19.74,Violets
3204.19.75,Blues
3204.19.76,Greens
3204.19.77,Browns
3204.19.78,Blacks
3204.19.79,Other <br> Food colouring matters:
3204.19.81,Yellow 3 (sunset yellow)
3204.19.82,Yellow 4 (Tartrazine)
3204.19.83,Reds 5 to 8 (Poncean)
3204.19.84,Red 9 (Amaranth)
3204.19.85,Oranges
3204.19.86,Violets
3204.19.87,Greens
3204.19.88,Browns
3204.19.89,Other
3204.19.90,Other
3204.20.10,Optical whitening agents
3204.20.90,Other
3204.90,Other
3204.90.00,Other
3206.11.90,Other
3206.19,Other
3206.19.00,Other
3206.20,pigments and Preparations based on chromium compounds
3206.20.00,Pigments and preparations based on chromium compounds
3206.41,Ultramarine and Preparations based thereon
3206.41.00,Utramarine and preparations based thereon
3206.42.00,Lithopone and other pigments and preparations based on zinc sulphide
3206.49,Other
3206.49.10,Red oxide
3206.49.20,Persian red
3206.49.30,Yellow ocher
3206.49.40,Bronze powder
3206.49.90,OTHER
3206.50,inorganic Products of a kind used as luminophores
3206.50.00,Inorganic products of a kind used as luminophores
3207.10.10,"Prepared organic dye-stuff pigments, dry"
3207.10.20,"Prepared organic dye-stuff pigments, paste"
3207.10.30,Prepared inorganic pigments
3207.10.40,Prepared opacifiers prepared colours and similar preparations
3207.10.90,Other
3207.20.10,Vitrifiable enamels and glazes
3207.20.20,Engobes (Slips) and similar preparations
3207.30,liquid lustres and similar Preparations
3207.30.00,Liquid lustres and similar preparations
3207.40,"glass frit and Other glass, in the form of powder, granules or Flakes"
3207.40.00,"Glass frit and other glass, in the form of powder, granules or flakes"
3208.10,based on polyesters
3208.10.10,Enamels
3208.10.20,Lacquers
3208.10.30,Varnishes
3208.10.90,Other
3208.20,based on Acrylic or Vinyl polymers
3208.20.10,Enamels
3208.20.20,Lacquers
3208.20.30,Varnishes
3208.20.90,Other
3208.90,Other
3208.90.11,Nitrocellulose lacquers
3208.90.19,Other <br> Enamel:
3208.90.21,"Synthetic enamel, ultra white paints"
3208.90.22,"Synthetic enamel, other colours"
3208.90.29,Other
3208.90.30,Lacquers <br> Varnishes:
3208.90.41,Insulating varnish
3208.90.49,Other
3208.90.50,Slip agents
3208.90.90,Other
3209,"synthetic polymers or chemically modified natural polymers,"
3209.10,based on Acrylic or Vinyl polymers
3209.10.10,Acrylic emulsion
3209.10.90,Other
3209.90,Other
3209.90.10,Dispersion paints
3209.90.20,Emulsion paints not elsewhere specified or included
3209.90.90,Other
3210,distempers); prepared water pigments of a kind used for finishing
3210.00,distempers); prepared water pigments of a kind used for finishing
3210.00.11,"Dry distemper, including cement based water paints"
3210.00.12,Oil bound distemper
3210.00.19,Other
3210.00.20,Prepared water pigments of a kind used for finishing leather
3210.00.30,Metallic powder or flakes prepared as paints
3210.00.40,Poly Tetra Fluoro Ethylene (PTFE)/Silicon resin based coating materials
3210.00.90,Other
3211,Prepared driers.
3211.00,Prepared driers.
3211.00.00,Prepared driers
3212.10,Stamping foils
3212.10.00,Stamping foils
3212.90,Other
3212.90.30,Aluminium paste
3212.90.90,Other
3213,"amusement colours and the like, in tablets, tubes, jars, bottles, pans"
3213.10,colours in sets
3213.10.00,Colours in sets
3213.90,Other
3213.90.00,Other
3214,and other mastics; painters' fillings; non-refractory surfacing
3214.90,Other
3214.90.10,Non-refractory surfacing preparations
3214.90.20,Resin cement
3214.90.90,Other
3215.11,black
3215.11.10,Lithographic ink and jelly
3215.11.20,Newspaper ink
3215.11.30,Rotary ink
3215.11.40,Screen printing ink
3215.11.90,Other
3215.19,Other
3215.19.10,Lithographic ink and jelly
3215.19.20,Newspaper ink
3215.19.30,Rotary ink
3215.19.40,Screen printing ink
3215.19.90,Other
3215.90,Other
3215.90.10,Fountain pen ink
3215.90.20,Ball pen ink
3215.90.30,Indelible ink
3215.90.40,Drawing ink
3215.90.90,Other
3301.12,of orange
3301.12.00,Of orange
3301.13,of lemon
3301.13.00,Of lemon
3301.19,Other
3301.19.10,Citronella oil
3301.19.90,OTHER
3301.24,of peppermint (Mentha piperita)
3301.24.00,Of peppermint (Mentha piperita)
3301.25,of Other mints
3301.25.10,Spearmint oil (Ex-mentha spicata)
3301.25.20,Water mint-oil (Ex-mentha aquatic)
3301.25.30,Horsemint oil (Ex-mentha sylvestries)
3301.25.40,Bergament oil (Ex-mentha citrate)
3301.25.90,Other
3301.29,Other
3301.29.11,Anise oil (aniseed oil)
3301.29.12,Cajeput oil
3301.29.13,Cananga oil
3301.29.14,Caraway oil
3301.29.15,Cassia oil
3301.29.16,Cedarwood oil
3301.29.17,Cinnamon bark oil
3301.29.18,Cinnamon leaf oil
3301.29.21,Clove leaf/stem oil
3301.29.22,Coriander seed oil
3301.29.23,Dill oil (anethum oil)
3301.29.24,Eucalyptus oil
3301.29.25,Fennel seed oil
3301.29.26,Ginger oil
3301.29.27,Ginger grass oil
3301.29.28,Clove bud oil
3301.29.31,Tuberose concentrate
3301.29.32,Nutmeg oil
3301.29.33,Palmarosa oil
3301.29.34,Patchouli oil
3301.29.35,Pepper oil
3301.29.36,Petitgrain oil
3301.29.37,Sandalwood oil
3301.29.38,Rose oil
3301.29.41,Camphor oil
3301.29.42,Lemon grass oil
3301.29.43,Ylang ylang oil
3301.29.44,Davana oil
3301.29.45,Cumin oil
3301.29.46,Celery seed oil
3301.29.47,Garlic oil
3301.29.48,Paprika oil
3301.29.49,Turmeric oil
3301.29.50,Spices oils not else where specified or included
3301.29.90,Other
3301.30,Resinoids
3301.30.10,Agar oil
3301.30.91,Flavouring essences all types (including those for liquors)
3301.30.99,Other
3301.90,Other
3301.90.11,Fenugreek Oleoresins
3301.90.12,Ginger Oleoresins
3301.90.13,Pepper Oleoresins
3301.90.14,Turmeric Oleoresins
3301.90.15,Cardamom Oleoresins
3301.90.16,Celery seed Oleoresins
3301.90.17,Nutmeg Oleoresins
3301.90.21,Clove Oleoresins
3301.90.22,Capsicum Oleoresins
3301.90.23,Coriander Oleoresins
3301.90.24,Cumin Oleoresins
3301.90.25,Fennel Oleoresins
3301.90.29,Oleoresins of spices not elsewhere specified or included
3301.90.31,Attars of all kinds in fixed oil base
3301.90.32,Mustard oil aroma
3301.90.33,Essence of ambrettolide (ambrette seed oil essence)
3301.90.41,Flavouring essences all types (including those for liquors)
3301.90.49,Other
3301.90.51,Flavouring essences all types (including those for liquors)
3301.90.59,Other
3301.90.60,"Aqueous distillates of essential oil, not elsewhere specified"
3301.90.71,Flavouring essences all types (including those for liquors)
3301.90.79,Other
3301.90.90,Other
3302,"substances, of a kind used as raw materials in industry; other"
3302.10,of a kind used in the food or drink industries
3302.10.10,Synthetic flavouring essences
3302.10.90,Other
3302.90,Other
3302.90.11,Synthetic perfumery compounds
3302.90.12,Synthetic essential oil
3302.90.19,Other
3302.90.20,Aleuritic acid
3302.90.90,Other
3303,Perfumes and toilet waters.
3303.00,Perfumes and toilet waters.
3303.00.10,Eau-de-cologne
3303.00.20,Rose water
3303.00.30,Keora water
3303.00.50,Perfumes containing spirit
3303.00.60,Spirituous toilet preparations not elsewhere specified
3303.00.90,Other
3304,"skin (other than medicaments), including sunscreen or sun tan"
3304.10,Lip make-up Preparations
3304.10.00,Lip make-up preparations
3304.20,Eye make-up Preparations
3304.20.00,Eye make-up preparations
3304.30,Manicure or pedicure Preparations
3304.30.00,Manicure or pedicure preparations <br> Other:
3304.91,"Powders, whether or Not compressed"
3304.91.10,Face powders
3304.91.20,Talcum powders
3304.91.90,Other
3304.99,Other
3304.99.10,Face creams
3304.99.20,Nail polish/lacquers
3304.99.30,Moisturising lotion
3304.99.40,"Sindur, Bindi, Kum Kum"
3304.99.50,Turmeric preparations all type
3304.99.90,Other
3305,Preparations for use on the hair.
3305.10,Shampoos
3305.10.10,Containing spirit
3305.10.90,Other
3305.20,Preparations for permanent waving or straightening
3305.20.00,Preparations for permanent waving or straightening
3305.30,hair lacquers
3305.30.00,Hair lacquers
3305.90,Other
3305.90.11,Perfumed
3305.90.19,Other
3305.90.20,Brilliantines (spirituous)
3305.90.30,Hair cream
3305.90.40,"Hair dyes (natural, herbal or synthetic)"
3305.90.50,Hair fixers
3305.90.90,Other
3306,pastes and powders; yarn used to clean between the teeth (dental
3306.10,Dentifrices
3306.10.10,In powder
3306.10.20,In paste
3306.10.90,Other
3306.20,yarn used to clean between the teeth (Dental floss)
3306.20.00,Yarn used to clean between the teeth (dental floss)
3306.90,Other
3306.90.00,Other
3307,"cosmetic or toilet preparations, not elsewhere specified or included;"
3307.10,"Pre-shave, shaving or after-shave Preparations"
3307.10.10,Shaving cream
3307.10.90,Others
3307.20,Personal deodorants and antiperspirants
3307.20.00,Personal deodorants and anti-perspirants
3307.30,Perfumed bath salts and Other bath Preparations
3307.30.10,Bath oil (thailam)
3307.41.00,“Agarbatti” and other odoriferous preparations which operate by burning
3307.49,Other
3307.49.00,Other:
3307.90,Other
3307.90.10,Depilatories
3307.90.20,Sterile contact lens care solution
3307.90.90,Other
3401,"preparations for washing the skin, in the form of liquid or cream and"
3401.11,for toilet use (including medicated Products)
3401.11.10,edicated toilet soaps
3401.11.20,Shaving soaps other than shaving cream
3401.11.90,Other
3401.19,Other
3401.19.11,Industrial soap
3401.19.19,Other
3401.19.20,"Flakes, chips and powder:"
3401.19.41,Household soaps
3401.19.42,Laundry soaps
3401.19.90,Other
3401.20,Soap in Other forms
3401.20.00,Soap in other forms
3401.30,"skin, in the form of liquid or Cream and put up for retail sale,"
3401.30.11,Medicated toilet soaps
3401.30.12,Shaving cream and shaving gel
3401.30.19,Other
3401.30.90,Other
3402.11,Anionic
3402.11.10,Silicone surfactant
3402.11.90,Other
3402.12,Cationic
3402.12.00,Cationinc
3402.13,-- Non-ionic
3402.13.00,Non-ionic
3402.19,Other
3402.19.00,Other
3402.20,Preparations put up for retail sale
3402.20.10,"cleaning preparations, having a basis of soap or other organic surface"
3402.20.90,Other
3402.90,Other
3402.90.11,"cleaning preparations, having a basis of soap or other organic surface"
3402.90.19,Other:
3402.90.30,Penetrators <br> Wetting agents:
3402.90.41,"cleaning preparations, having a basis of soap or other organic surface"
3402.90.49,Other <br> Washing preparations whether or not containing soaps :
3402.90.51,"cleaning preparations, having a basis of soap or other organic surface"
3402.90.59,Other <br> Other:
3402.90.91,"cleaning preparations, having a basis of soap or other organic surface"
3402.90.99,Other
3403.19,Other
3403.19.00,Other <br> Other:
3403.99,Other
3403.99.00,Other
3404,Artificial waxes and prepared waxes.
3404.20,of poly(oxyethylene) (polyethylene glycol)
3404.20.00,Of poly(oxyethylene) (polyethylene glycol)
3404.90,Other
3404.90.10,"Sealing wax (including bottle sealing wax) in sticks, cakes or similar forms"
3404.90.31,Poly Brominated Biphenyls
3404.90.32,Poly Chlorinated Biphenyls
3404.90.33,Poly Chlorinated Terphenyls
3404.90.39,Other
3404.90.90,Other
3405.10,"Polishes, creams and similar Preparations for footwear or leather"
3405.10.00,"Polishes, creams and similar preparations for footwear or leather"
3405.40,scouring pastes and Powders and Other scouring Preparations
3405.40.00,Scouring pastes and powders and other scouring preparations
3405.90,Other
3405.90.90,Other
3406,"Candles, tapers and the like."
3406.00,"Candles, tapers and the like."
3406.00.10,Candles
3406.00.90,Other
3407.00.10,Modelling pastes including those put up for children’s amusement
3407.00.90,Other
3501,"Casein, caseinates and other casein derivatives; casein glues."
3501.10,Casein
3501.10.00,Casein
3501.90,Other
3501.90.00,Other
3502,"containing by weight more than 80% whey proteins, calculated on"
3502.11,dried
3502.11.00,Dried
3502.19,Other
3502.19.00,Other
3502.20,"Milk albumin, including concentrates of two or more Whey proteins"
3502.20.00,"Milk albumin, including concentrates of two or more whey proteins"
3502.90,Other
3502.90.00,Other
3503.00.10,Isinglass
3503.00.20,"Gelatin, edible grade and not elsewhere specified"
3503.00.30,"Glues derived from bones, hides and similar items and fish flues"
3503.00.90,Other
3504,"derivatives, not elsewhere specified or included; hide powder,"
3504.00,"derivatives, not elsewhere specified or included; hide powder,"
3504.00.10,Peptones
3504.00.91,Isolated Soya protein
3504.00.99,Others
3505,"esterified starches); glues based on starches, or on dextrins or"
3505.10,Dextrins and Other modified starches
3505.10.10,Esterified starches
3505.10.90,Other
3505.20,Glues
3505.20.00,Glues
3506.91.90,Other
3506.99,Other
3506.99.10,component <br> Prepared glues and other prepared adhesives not
3506.99.91,"Based on starch, gum, latex, PF, UF and PVA"
3506.99.99,Other
3507,Enzymes; prepared enzymes not elsewhere specified or included.
3507.10,Rennet and concentrates thereof
3507.10.11,Animal rennet
3507.10.19,Other <br> Other:
3507.10.91,Animal rennet
3507.10.99,Other
3507.90,Other
3507.90.10,Industrial enzymes (textile assistant)
3507.90.20,Pancretin pure (excluding medicament)
3507.90.30,Pepsin (excluding medicament)
3507.90.40,Pectin esterases pure
3507.90.50,Pectolytic enzyme (pectimase) <br> Other enzymes of microbial origin:
3507.90.61,Streptokinase
3507.90.62,Amylases enzymes
3507.90.69,"Other <br> Enzymes for pharmaceutical use, other than streptokinase:"
3507.90.71,"Papain, pure, of pharmaceutical grade"
3507.90.79,Other <br> Other:
3507.90.91,Enzymatic preparations containing food stuffs
3507.90.99,Other
3601,Propellent powders.
3601.00,Propellent powders.
3601.00.10,Blasting powder
3601.00.20,Gun powder
3601.00.90,Other
3602,"Prepared explosives, other than propellent powders."
3602.00,"Prepared explosives, other than propellent powders."
3602.00.10,Industrial explosives
3602.00.90,Other
3603.00.11,For Mine blasting
3603.00.19,Other
3603.00.20,Detonating fuses <br> Percussion and detonating caps:
3603.00.31,Non-ordnance
3603.00.39,Other <br> Igniters:
3603.00.41,Non-ordnance
3603.00.49,Other <br> Electric Detonators:
3603.00.51,"Containing explosives electrically ignited, non-ordnance"
3603.00.59,Other
3604.10,Fireworks
3604.10.00,Fireworks
3604.90,Other
3604.90.10,Ship signals
3604.90.90,Other
3605,"Matches, other than pyrotechnic articles of heading 3604."
3605.00,"Matches, other than pyrotechnic articles of heading 3604."
3605.00.10,Safety matches
3605.00.90,Other
3606.10,or refilling cigarette or similar lighters and of a capacity not
3606.10.00,refilling cigarette or similar lighters and of a capacity not exceeding 300
3606.90,Other
3606.90.10,Combustible preparations <br> Other:
3606.90.91,"Ferro-cerium, in all forms"
3606.90.92,"Pyrophoric alloys, in all forms"
3606.90.93,DNPT (Dinitroso penta-methylene tetramine)
3606.90.99,Others
3701,"any material other than paper, paperboard or textiles; instant print"
3701.10,for x-ray
3701.10.10,Medical
3701.10.90,Other
3701.20,Instant print film
3701.20.00,Instant print film
3701.30,"- Other plates and film, with any side exceeding 255 mm"
3701.30.00,"Other plates & film, with any side exceeding 255mm <br> Other:"
3701.91,for colour photography (polychrome)
3701.91.10,Cinematographic film
3701.91.90,Other
3701.99,Other
3701.99.10,Cinematographic film
3701.99.90,Other
3702,"other than paper, paperboard or textiles; instant print film in rolls,"
3702.10.00,For X-ray
3702.31,for colour photography (polychrome)
3702.31.10,Cinematographic film
3702.31.90,Other
3702.32,"Other, with Silver halide emulsion"
3702.32.10,Cinematographic film
3702.32.90,Other
3702.39,Other
3702.39.10,Cinematographic film
3702.39.90,Other
3702.41.10,Cinematographic film
3702.41.90,Other
3702.42.10,Photographic film of a width 620mm in rolls
3702.42.20,Cinematographic film
3702.42.90,Other
3702.43,-- Of a width exceeding 610 mm and of a length not exceeding 200 m
3702.43.10,Photographic films (B&W) of a width 620mm
3702.43.20,Cinematographic film
3702.43.90,Other
3702.44,-- Of a width exceeding 105 mm but not exceeding 610 mm
3702.44.10,Photographic Films of a width 120mm in rolls
3702.44.20,Cinematographic film
3702.44.90,Other
3702.52,-- Of a width not exceeding 16 mm and of a length exceeding 14 m
3702.52.10,Finished rolls of cinematographic positive
3702.52.20,Other cinematographic film
3702.52.90,Other
3702.54.10,Finished rolls of cinematographic positive
3702.54.20,Other cinematographic film
3702.54.90,Other
3702.55.10,Finished rolls of cinematographic positive
3702.55.20,Other cinematographic film
3702.55.90,Other
3702.56,-- Of a width exceeding 35 mm
3702.56.10,Finished rolls of cinematographic positive
3702.56.20,Other cinematographic film
3702.56.90,Other
370296,Of a width not exceeding 35 mm and of a length not exceeding 30m
37029611,Not exceeding 16 mm
37029619,Other
3702,97
3702.9711,Not exceeding 16 mm
3702.9719,Other
3702.98,Of a width exceeding 35 mm
3702.9810,Cinematographic film
3702.9890,Other
3703,"Photographic paper, paperboard and textiles, sensitised, unexposed."
3703.10,- In rolls of a width exceeding 610 mm
3703.10.10,Photographic paper or paperboard
3703.10.20,Textiles
3703.20,"Other, for colour photography (polychrome)"
3703.20.10,Photographic paper or paperboard
3703.20.20,Textiles
3703.90,Other
3703.90.10,Photographic paper or paperboard
3703.90.20,Textiles
3704.00.10,"Photographic paper, or paperboard."
3704.00.20,Cinematographic plates and film
3704.00.30,Sensitised Textiles
3704.00.90,Other
370500,00
3706.10,- Of a width of 35 mm or more
3706.10.12,"Made wholly in black and white and of a length exceeding 4,000 metres."
3706.10.14,"Made wholly or partly in colour and of a length exceeding 4,000 metres."
3706.10.30,"News Reels and clippings <br> Advertisement Shorts, and Films:"
3706.10.41,Made wholly in black and white
3706.10.42,Made wholly or partly in colour <br> Other Children’s Film:
3706.10.59,"Other <br> Educational Shorts, and Films:"
3706.10.63,Teaching aids including film strips of educational nature
3706.10.69,Other
3706.10.70,Short films not elsewhere specified or included <br> other
3706.10.99,Other
3706.90,Other
3706.90.12,"Made wholly in black and white and of a length exceeding 4,000 metres."
3706.90.14,"Made wholly or partly in colour and of a length exceeding 4,000 metres."
3706.90.30,"News Reels and clippings <br> Advertisement Shorts, and Films:"
3706.90.41,Made wholly in black and white
3706.90.42,Made wholly or partly in colour <br> Other Children’s Film:
3706.90.59,"Other <br> Educational Shorts, and Films:"
3706.90.63,Teaching aids including film strips of educational nature
3706.90.69,Other
3706.90.70,Short film not elsewhere specified <br> Other:
3706.90.99,Other
3707.10,Sensitising emulsions
3707.10.00,Sensitising Emulsions
3707.90,Other
3707.90.90,Other
3801,"based on graphite or other carbon in the form of pastes, blocks,"
3801.10,artificial graphite
3801.10.00,Artificial graphite
3801.20,Colloidal or Semi-Colloidal graphite
3801.20.00,Colloidal or semi-colloidal graphite
3801.30.00,Carbonaceous pastes for electrodes and similar pastes for furnace linings
3801.90,Other
3801.90.00,Others
3802.10,Activated Carbon
3802.10.00,Activated carbon
3802.90,Other
3802.90.11,Activated alumina
3802.90.12,Activated bauxite
3802.90.19,Other
3803,"Tall oil, whether or not refined."
3803.00,"Tall oil, whether or not refined."
3803.00.00,"Tall oil, whether or not refined"
3804,"concentrated, desugared or chemically treated, including lignin"
3804.00,"concentrated, desugared or chemically treated, including lignin"
3804.00.10,Lignin sulphonates
3804.00.20,Concentrated sulphate lye
3804.00.90,Other
3805.10,"Gum, Wood or sulphate turpentine oils"
3805.10.10,Wood turpentine oil and spirit of turpentine
3805.10.20,Gum turpentine oil
3805.10.30,Sulphate turpentine oil
3805.90,Other
3805.90.20,Crude dipentene
3805.90.30,Sulphite turpentine
3805.90.90,Other
3806.10,Rosin and resin acids
3806.10.10,Gum rosin
3806.10.90,Other
3806.30,Ester gums
3806.30.00,Easter gums
3806.90,Other
3806.90.10,Run gums
3806.90.90,Other
3807,"pitch; brewers' pitch and similar preparations based on rosin, resin"
3807.00,"pitch; brewers' pitch and similar preparations based on rosin, resin"
3807.00.10,Wood Tar
3807.00.20,"Wood Tar oils, wood creosote, wood naphtha"
3808,"products, put up in forms or packings for retail sale or as"
3808.50,Goods specified in Sub-heading Note 1 to this Chapter
380852,00
38085900,Other
38086100,In packings of a net weight content not exceeding 300 g
380862,00
38086900,Other
3808.91,Insecticides
3808.91.11,Aluminium phosphite ( for example Phostoxin)
3808.91.12,Calcium cyanide
3808.91.13,D.D.V .P (Dimethyl-dichloro-vinyl-phosphate)
3808.91.21,Diaginal
3808.91.22,Methyl bromide
3808.91.23,"Dimethoate, technical grade"
3808.91.24,Melathion
3808.91.31,"Endosulphan, technical grade"
3808.91.32,Quinal phos
3808.91.33,Isoproturon
3808.91.34,Fenthion
3808.91.35,"Cipermethrin, technical grade"
3808.91.36,Allethrin
3808.91.37,Synthetic pyrethrum <br> Other:
3808.91.91,"Repellant for insects such as flies, mosquito"
3808.91.92,Paper impregnated with insecticide such as DDT coated paper
3808.91.99,Other
3808.92,Fungicides
3808.92.10,Maneb
3808.92.20,Sodium penta chlorophenate (santobrite)
3808.92.30,Thiram (tetramethyl thiuram disulphide)
3808.92.40,Zineb
3808.92.50,Copper oxychloride
3808.92.90,Other
3808.93,"Herbicides, anti-sprouting Products and plant-growth regulators"
3808.93.10,Chloromethyl phenozy acetic acid (M C.P.A.)
3808.93.20,2:4 Dichlorophenozy acetic acid and its esters
3808.93.30,Gibberellic acid
3808.93.40,Plant growth regulators
3808.93.50,Weedicides and weed killing agents
3808.93.90,Other
3808.94,Disinfectants
3808.94.00,Disinfectants
3808.99,Other
3808.99.10,"Pesticides, not elsewhere specified or included"
3808.99.90,Other
3809.10,with a basis of amylaceous substances
3809.10.00,With a basis of amylaceous substances
3809.91,of a kind used in the textile or like industries
3809.91.10,Textile assistant mordanting agents
3809.91.20,Textile assistants desizing agents
3809.91.30,Textile assistants dispersing agents
3809.91.40,Textile assistants emulsifying agents
3809.91.60,Textile assistants – textile preservatives
3809.91.70,Textile assistants water proofing agents
3809.91.80,"Prepared textile glazings, dressings and mordants"
3809.91.90,Other
3809.92,of a kind used in the paper or like industries
3809.92.00,Of a kind used in the paper or like industries
3809.93,of a kind used in the leather or like industries
3809.93.10,Fatty oil or pull up oil
3809.93.90,Other
3810,welding powders and pastes consisting of metal and other
3810.10.20,Thermite portion for welding (alumina thermic heat generators)
3810.10.90,Other
3810.90,Other
3810.90.90,Other
3811.11,based on lead compounds
3811.11.00,Based on lead compounds
3811.19,Other
3811.19.00,Other <br> Additives for lubricating oils:
3811.21,containing petroleum oils or oils obtained from Bituminous minerals
3811.21.00,Containing petroleum oils or oils obtained from bituminous minerals
3811.29,Other
3811.29.00,Other
3811.90,Other
3811.90.00,Other
3812,"plastics, not elsewhere specified or included; anti-oxidising"
3812.10,prepared rubber accelerators
3812.10.00,Prepared rubber accelerators
3812.20,compound plasticisers for rubber or plastics
3812.20.10,Phthalate plasticisers
3812.20.90,Other
38123100,"Mixtures of oligomers of 2, 2, 4-trimethyl-1, 2-dihydroquinoline (TMQ)"
381239,Other:
38123910,Anti-oxidants for rubber
38123920,Softeners for rubber
38123930,Vulcanizing agents for rubber
38123990,Other
3814.00.10,Composite solvents and thinners not elsewhere specified or included
3814.00.20,Prepared paint or varnish removers
3815.11,with nickel or nickel compounds as the active substance
3815.11.00,With nickel or nickel compounds as the active substance
3815.12.10,Platinum or palladium catalysts with a base of activated carbon
3815.12.90,Other
3815.19,Other
3815.19.00,Other
3815.90,Other
3815.90.00,Other
3817.00.11,Linear alkylbenzenes
3817.00.19,Other
3817.00.20,Mixed alkylnaphthalenes
3818,wafers or similar forms; chemical compounds doped for use in
3818.00,wafers or similar forms; chemical compounds doped for use in
3818.00.10,Undefused silicon wafers
3818.00.90,Other
3819,"transmission, not containing or containing less than 70% by weight"
3819.00,"transmission, not containing or containing less than 70% by weight"
3819.00.10,Hydraulic brake fluids
3819.00.90,Other
3820,Anti-freezing preparations and prepared de-icing fluids.
3820.00,Anti-freezing preparations and prepared de-icing fluids.
3820.00.00,Anti-freezing preparations and prepared de-icing fluids
3821,"micro-organisms (including viruses and the like) or of plant, human"
3821.00,"micro-organisms (including viruses and the like) or of plant, human"
3822,"or laboratory reagents whether or not on a backing, other than those"
3822.00,"or laboratory reagents whether or not on a backing, other than those"
3822.00.11,Pregnancy confirmation reagent
3822.00.12,Reagent for diagnosing AIDS
3822.00.19,Other
3822.00.90,Other
3823.11,Stearic acid
3823.11.11,Crude
3823.11.12,RBD
3823.11.19,Other
3823.11.90,Other stearic acid/ stearin
3823.12,Oleic acid
3823.12.00,Oleic acid
3823.13,Tall oil Fatty acids
3823.13.00,Tall oil fatty acids
3823.19,Other
3823.19.00,Other
3823.70,industrial Fatty alcohols
3823.70.10,Cetyl alcohol
3823.70.20,Lauryl alcohol
3823.70.30,Oleyl alcohol
3823.70.40,Stearyl alcohol
3823.70.90,Other
3824.10,prepared binders for foundry moulds or cores
3824.10.00,Prepared binders for foundry moulds or cores
3824.30.00,Non-agglomerated metal carbides mixed together or with metallic binders
3824.40,"prepared additives for cements, mortars or concretes"
3824.40.10,Damp proof or Water proof compounds
3824.40.90,Other
3824.50,Non-refractory mortars and concretes
3824.50.10,Concretes ready to use known as “Ready-mix concrete(RMC)”
3824.50.90,Other
3824.60,- Sorbitol other than that of subheading 2905.44
3824.60.10,In aqueous solution
3824.60.90,Other
3824.71,"hydrochlorofluorocarbons (HCFCs), perfluorocarbons (PFCs) or"
3824.71.00,"hydrochlorofluoro-carbons(HCFCs),perfluorocarbons(PFCs)or"
3824.73,containing hydrobromofluorocarbons (HBFCs)
3824.73.00,Containing hydrobromofluorocarbons(HBFCs)
3824.74,"containing perfluorocarbons (PFCs) or hydrofluorocarbons (HFCs),"
3824.74.00,"perfluorocarbons(PFCs)or hydrofluorocarbons(HFCs),but not containing"
3824.75,containing Carbon tetrachloride
3824.75.00,Containing carbon tetrachloride
3824.76,"-- Containing 1,1,1-trichloroethane (methyl chloroform)"
3824.76.00,"Containing 1,1,1-trichloroethane(methyl chloroform"
3824.77,containing bromomethane (methyl bromide) or bromochloromethane
3824.77.00,Containing bromomethane(methylbromide)or bromochloromethane
3824.78,but Not containing chlorofluorocarbons (CFCs) or
3824.78.00,containing chlorofluorocarbons(CFCs)or
3824.79,Other
3824.79.00,Other
3824.81.00,Containing oxirane(ethylene oxide)
3824.83.00,"Containing tris 2,3-dibromopropyl phosphate"
382484,00
382485,00
38248600,Containing pentachlorobenzene (ISO) or hexachlorobenzene (ISO)
382487,00
38248800,"Containing tetra-, penta-, hexa- hepta- or octabromodiphenyl ethers"
38249100,"ethyl-2-methyl-2-oxido-1, 3, 2- dioxaphosphinan-5-yl) methyl]"
382499,other
38249911,Ammoniacal gas liquors and spent oxide produced in coal gas purification
38249912,Case hardening compound
38249913,Heat transfer salts
38249914,Mixture of diphenyl and diphenyl oxide as heat transfer medium
38249915,Mixed polyethylene glycols
38249916,Salts for curing or salting
38249917,Surface tension reducing agents
38249921,Electroplating salts
382499,22
38249923,Gramaphone records making material
38249924,Correcting fluid
38249925,Precipitated silica and silica gel
38249926,Oil well chemical
382499,31
38249932,Ferrite powder
38249933,Capacitor fluids - PCB type
38249934,Dipping oil for treatment of grapes
382499,35
38249936,Goods of a kind known as “hazardous waste”
38249937,Phosphogypsum
38249938,"Phosphonic Acid, Methyl-compound with (aminoimino methyl) urea (1: 1)"
38249990,Other
3825,specified or included; municipal waste; sewage sludge; other
3825.10,municipal Waste
3825.10.00,Municipal waste
3825.20.00,Sewage sludge
3825.30.00,Clinical waste
3825.41,Halogenated
3825.41.00,Halogenated
3825.49,Other
3825.49.00,Other
3825.61,Mainly containing organic constituents
3825.61.00,Mainly containing organic constituents
3825.69,Other
3825.69.00,Other
3825.90,Other
3825.90.00,Other
3826.00.00,than 70% by weight of petroleum oils and oils obtained from
3901,"Polymers of ethylene, in primary forms."
3901.10,- Polyethylene having a specific gravity of less than 0.94
3901.10.10,Linear low density polyethylene (LLDPE)
3901.10.90,Other
3901.20,- Polyethylene having a specific gravity of 0.94 or more
3901.20.00,Polyethylene having a specific gravity of 0.94 or more
3901.30,Ethylene-Vinyl acetate Copolymers
3901.30.00,Ethylene-vinyl acetate copolymers
390140,00
3901.90,Other
3901.90.10,Linear medium density polyethylene (LMDPE)
3901.90.90,Other
3902,"Polymers of propylene or of other olefins, in primary forms."
3902.10,polypropylene
3902.10.00,Polypropylene
3902.20,Polyisobutylene
3902.20.00,Poly iso- butylene
3902.30,propylene Copolymers
3902.30.00,Propylene copolymers
3902.90,Other
3902.90.00,Other
3903,"Polymers of styrene, in primary forms."
3903.11,Expansible
3903.11.00,Expansible
3903.19,Other
3903.19.10,Moulding Powder
3903.19.90,Other
3903.20,styrene-Acrylonitrile (SAN) Copolymers
3903.20.00,Styrene-acrylonitrile (SAN) copolymers
3903.30,Acrylonitrile-butadiene-styrene (ABS) Copolymers
3903.30.00,Acrylonitrile-butadine-styrene (ABS) copolymers
3903.90,Other
3903.90.20,"than 71% of bromine, in one of the forms mentioned in Note 6(b) to this"
3903.90.90,Other
3904.10,"poly(Vinyl chloride), Not Mixed with any Other substances"
3904.10.10,Binders for pigments
3904.10.90,Other
3904.21,Non-plasticised
3904.21.10,Poly(vinyl Chloride) resins
3904.21.90,Other
3904.22,plasticised
3904.22.10,Poly(vinyl Chloride) (PVC) Resins (emulsion grade)
3904.22.90,Other
3904.30,Vinyl chloride-Vinyl acetate Copolymers
3904.30.10,Poly(vinyl derivatives)
3904.30.90,Other
3904.40,Other Vinyl chloride Copolymers
3904.40.00,Other Vinyl chloride copolymers <br> Vinylidene chloride polymers:
3904.50,Vinylidene chloride polymers
3904.50.10,expansible beads of a diameter of 4 micrometers or more but not more
3904.50.90,Other <br> Fluro-polymers:
3904.61,Polytetrafluoroethylene
3904.61.00,Polytetrafluroethylene <br> Other:
3904.69,Other
3904.69.90,Other
3904.90,Other
3904.90.00,Other
3905.12,in aqueous dispersion
3905.12.10,"Poly(vinyl acetate) (PVA), moulding material"
3905.12.20,Poly(vinyl acetate) resins
3905.12.90,Other
3905.19,Other
3905.19.10,Poly(vinyl Acetate) (PVA) moulding material
3905.19.20,Poly(vinyl Acetate) and resins
3905.19.90,Other <br> Vinyl acetate copolymers :
3905.21,in aqueous dispersion
3905.21.00,In aqueous dispersion
3905.29,Other
3905.29.00,Other
3905.91,Copolymers
3905.91.00,Copolymers
3905.99,Other
3905.99.10,Poly(vinyl pirolidone) (p alcohol)
3905.99.90,Other
3906,Acrylic polymers in primary forms.
3906.10,poly(methyl methacrylate)
3906.10.10,Binders for pigments or inks
3906.10.90,Other
3906.90,Other
3906.90.10,Acrylic resins
3906.90.20,Polyacrylate moulding powder
3906.90.30,Copolymers of acrylonitrile
3906.90.90,Other
3907,"polycarbonates, alkyd resins, polyallyl esters and other polyesters,"
3907.10,Polyacetals
3907.10.00,Polyacetals
3907.20,Other polyethers
3907.20.10,Poly (ether alcohols)
3907.20.90,Other
3907.30,Epoxide resins
3907.30.10,Epoxy resins
3907.30.90,Others
3907.40,polycarbonates
3907.40.00,Polycarbonates
3907.50,Alkyd resins
3907.50.00,Alkyd resins
39076100,Having a viscosity number of 78 ml/g or higher
390769,Other:
39076910,Having a viscosity number less than 78 ml/g but not less than 72 ml/g
39076920,Having a viscosity number less than 72 ml/g but not less than 64 ml/g
39076990,Other
3907.70,poly(Lactic acid)
3907.70.00,Poly(lactic acid)
3907.91,Unsaturated
3907.91.10,Maleic resins
3907.91.20,Polyester or contract resins
3907.91.30,Fumeric Resins
3907.91.40,Diallylphthalate resins
3907.91.50,Poly (butylene terepthalate)
3907.91.90,Other
3907.99,Other
3907.99.10,Diallyl phthalate resins
3907.99.20,Poly(butylene Terepthalate)
3907.99.90,Other
3908,Polyamides in primary forms.
3908.10,"- Polyamide-6, -11, -12, -6,6, -6,9, -6,10 or -6,12"
3908.10.10,Nylon moulding powder
3908.10.90,Other
3908.90,Other
3908.90.10,Nylon moulding powder
3908.90.20,Nylon in other primary forms
3908.90.90,Other
3909,"Amino-resins, phenolic resins and polyurethanes, in primary forms."
3909.10,- Urea resins; thiourea resins
3909.10.10,Urea formaldehyde moulding powder
3909.10.90,Other
3909.20,Melamine resins
3909.20.10,Melamine formaldehyde resins
3909.20.90,Other
39093100,"Poly(methylene phenyl isocyanate) (crude MDI,polymeric MDI)"
390939,Other:
39093910,Poly(phenylene oxide)
39093990,Other
3909.40,phenolic resins
3909.40.10,Cresol formaldehyde oxide
3909.40.20,Phenol formaldehyde moulding powder
3909.40.30,Alkyl Phenol formaldehyde resins
3909.40.40,Ketonic resins
3909.40.50,Phenoxi resins
3909.40.60,Terpene phenolic resins
3909.40.90,Other
3909.50,polyurethanes
3909.50.00,Polyurethanes
3910,Silicones in primary forms.
3910.00,Silicones in primary forms.
3910.00.10,Silicone resins
3910.00.20,Silicone oil
3910.00.90,Other
3911.10.10,Coumarone-indene resins
3911.10.90,Other
3911.90,Other
3911.90.10,Polysulphones
3911.90.90,Other
3912.11,Non-plasticised
3912.11.10,Cellulose acetate flakes
3912.11.20,Cellulose acetate moulding powder
3912.11.30,Cellulose acetobutyrate moulding powder
3912.11.40,"Cellulose nitrate, dynamic grade"
3912.11.90,Other
3912.12,plasticised
3912.12.10,Cellulose acetate flakes
3912.12.20,Cellulose acetate moulding powder
3912.12.30,Cellulose acetobutyrate moulding powder
3912.12.90,Other
3912.20,cellulose nitrates (including collodions)
3912.20.11,Moulding powders
3912.20.19,Other <br> Plasticised :
3912.20.21,Moulding powders
3912.20.29,Other <br> Cellulose ethers:
3912.31,Carboxymethylcellulose and its salts
3912.31.00,Carboxymethyl cellulose and its salts
3912.39,Other <br> Non-plascised:
3912.39.11,"Ethyl cellulose,"
3912.39.12,Methyl cellulose
3912.39.19,Other cellulose ethers
3912.39.21,Ethyl cellulose
3912.39.22,Methyl cellulose
3912.39.29,Other cellulose ether
3912.90,Other
3912.90.10,Cellulose Propionate and aceto propionate non plasticised
3912.90.20,Viscose sponge
3912.90.90,Other
3913.10,"Alginic acid, its salts and Esters"
3913.10.10,Sodium Alginate
3913.10.90,Other
3913.90,Other
3913.90.11,Chlorinated Rubber
3913.90.19,Other
3913.90.20,"Hardened proteins (such as hardened casein, gelatin etc)"
3913.90.30,Dextran
3913.90.90,Other
3914.00.20,Ion-exchangers of polymerisation or co-polymerisation type
3915,"Waste, parings and scrap, of plastics."
3915.10,of polymers of Ethylene
3915.10.00,Of polymers of ethylene
3915.20,of polymers of styrene
3915.20.00,Of polymers of styrene
3915.30,of polymers of Vinyl chloride
3915.30.10,Of co-polymers of vinyl chloride
3915.30.90,Other
3915.90,of Other plastics
3915.90.10,Of polypropylene <br> Of polymers of vinyl acetate :
3915.90.21,Of co-polymers of vinyl acetate
3915.90.29,Other
3915.90.30,Of acrylic polymers and methyacrylic co-polymers
3915.90.41,Of alkyds and polyesters
3915.90.42,Of Bottles
3915.90.49,Of epoxide resins
3915.90.61,Of phenoplast
3915.90.62,Of aminoplast
3915.90.63,Of polyurethanes <br> Of cellulose and its chemical derivatives :
3915.90.71,Of regenerated cellulose
3915.90.73,Cellulose plastic waste such as cellulose nitrates plasticised
3915.90.75,Cellulose plastic waste film as such cellulose acetate plasticised
3915.90.90,Other
3916,"mm, rods, sticks and profile shapes, whether or not surface-worked"
3916.10,of polymers of Ethylene
3916.10.10,Rods of polyethylene
3916.10.20,Canes
3916.10.90,Other
3916.20,of polymers of Vinyl chloride
3916.20.11,Canes
3916.20.19,Other <br> Other:
3916.20.91,Canes
3916.20.99,Other
3916.90,of Other plastics
3916.90.10,"polyamides, polyurethanes, epoxide-resisn (including waste and scrap),"
3916.90.21,Of Phenoplast
3916.90.22,Of Aminoplast
3916.90.23,Of Alkyds and polysters
3916.90.24,Of Polyamides
3916.90.25,Of Polyurethanes
3916.90.26,Of Epoxide-resins (including waste and Scrap)
3916.90.27,Of Polypropylene
3916.90.28,Of Acrylicmethacrylic and acrylomethcrylic polymers
3916.90.31,Of polymerisation and copolymerisation products of polystyrene
3916.90.32,Of polymethyl methacrylate
3916.90.40,Of regenerated cellulose
3916.90.50,"Of cellulose nitrate and celluloid, whether or not plasticized"
3916.90.60,Of Vulcanized fibre
3916.90.70,"Of Cellulose acetate and acetate butyrate, whether or not plasticized"
3916.90.80,Of Vinyl plastic
3916.90.90,Of other polymerisation and copolymerisation products
3917.10.10,Of hardened protein
3917.10.20,"Of cellulosic materials <br> Tubes, pipes and hoses, rigid:"
3917.21,of polymers of Ethylene
3917.21.10,Tubes of polyethylene
3917.21.90,Other
3917.22,of polymers of propylene
3917.22.00,Of polymers of propylene
3917.23,of polymers of Vinyl chloride
3917.23.10,Seamless tubes
3917.23.90,Other
3917.29,of Other plastics
3917.29.10,Seamless tubes of copolymers of vinyl acetate and vinyl chloride
3917.29.20,Seamless tubes of polymers and copolymers of polystyrene
3917.29.30,"Tubes of cellulose nitrate and celluloid, whether or not plasticised"
3917.29.40,Tubes of cellulose acetate or acetate butyrate
3917.29.50,Tubes of vinyl plastics
3917.29.90,"Other <br> Other tubes, pipes and hoses:"
3917.32.20,Of addition polymerisation products
3917.32.90,Other
3917.39,Other
3917.39.20,Of addition polymerisation products
3917.39.90,Other
3917.40,fittings
3917.40.00,Fittings
3918,"in the form of tiles; wall or ceiling coverings of plastics, as defined"
3918.10,of polymers of Vinyl chloride
3918.10.90,Other
3918.90,of Other plastics
3918.90.10,Floor coverings of linoxyn
3918.90.90,Other
3919.10,- In rolls of a width not exceeding 20 cm
3919.10.00,In rolls of width not exceeding 20 cm
3919.90,Other
3919.90.10,"Plastic stickers, whether or not printed, embossed, and or impregnated."
3919.90.20,Cellulose adhesive tape
3919.90.90,Other
3920,"not reinforced, laminated, supported or similarly combined with"
3920.10,of polymers of Ethylene
3920.10.11,"Rigid, plain"
3920.10.12,"Flexible, plain"
3920.10.19,Other <br> Other :
3920.10.91,"Rigid, plain"
3920.10.92,"Flexible, plain"
3920.10.99,Other
3920.20,of polymers of propylene
3920.20.10,"Rigid, plain"
3920.20.20,"Flexible, plain"
3920.20.90,Other
3920.30,of polymers of styrene
3920.30.10,"Rigid, plain"
3920.30.20,"Flexible, plain"
3920.30.90,Other <br> Of polymers of vinyl chloride:
3920.43,-- Containing by weight not less than 6 % of plasticisers
3920.43.00,Containing by weight not less than 6% of plasticizers
3920.49,Other
3920.49.00,Other <br> Of acrylic polymers:
3920.51,of poly(methyl methacrylate) <br> Sheets:
3920.51.11,"Rigid, plain"
3920.51.12,"Flexible, plain"
3920.51.19,Other <br> Other :
3920.51.91,"Rigid, plain"
3920.51.92,"Flexible, plain"
3920.51.99,Other
3920.59,Other <br> Polyacrylate sheets:
3920.59.11,"Rigid, plain"
3920.59.12,"Flexible, plain"
3920.59.19,Other <br> Other :
3920.59.91,"Rigid, plain"
3920.59.92,"Flexible, plain"
3920.61,of polycarbonates
3920.61.10,"Rigid, plain"
3920.61.20,"Flexible, plain"
3920.61.90,Other
3920.62,of poly(Ethylene terephthalate)
3920.62.10,"Rigid, plain"
3920.62.20,"Flexible, plain"
3920.62.90,Other
3920.63,of Unsaturated polyesters
3920.63.10,"Rigid, plain"
3920.63.20,"Flexible, plain"
3920.63.90,Other
3920.69,of Other polyesters
3920.69.11,"Rigid, plain"
3920.69.12,"Flexible, plain"
3920.69.19,Other <br>Sun and/or dust control film:
3920.69.21,"Rigid, plain"
3920.69.22,"Flexible, plain"
3920.69.29,Other <br> Other film :
3920.69.31,"Rigid, plain"
3920.69.32,"Flexible, plain"
3920.69.39,Other <br> Other:
3920.69.91,"Rigid, plain"
3920.69.92,"Flexible, plain"
3920.69.99,Other <br> Of cellulose or its chemical derivatives:
3920.71,of regenerated cellulose
3920.71.11,Film
3920.71.21,Plain
3920.71.29,Other <br> Other:
3920.71.91,"Rigid, plain"
3920.71.92,"Flexible, Plain"
3920.71.99,Other
3920.73,of cellulose acetate
3920.73.11,"Rigid, plain"
3920.73.12,"Flexible, plain"
3920.73.19,Other <br> Sheet of cellulose acetate plasticized :
3920.73.21,"Rigid, plain"
3920.73.22,"Flexible, plain"
3920.73.29,Other <br> Other :
3920.73.91,"Rigid, plain"
3920.73.92,"Flexible, plain"
3920.73.99,Other
3920.79,of Other cellulose derivatives
3920.79.11,"Rigid, plain"
3920.79.12,"Flexible, plain"
3920.79.19,Other <br> Other :
3920.79.91,"Rigid , plain"
3920.79.92,"Flexible, plain"
3920.79.99,Other
3920.91,of Other plastics
3920.91.11,"Rigid, plain"
3920.91.12,"Flexible, plain"
3920.91.19,Other
3920.92,of polyamides
3920.92.11,"Rigid, plain"
3920.92.12,"Flexible, plain"
3920.92.19,Other <br> Other :
3920.92.91,"Rigid, plain"
3920.92.92,"Flexible, plain"
3920.92.99,Other
3920.93,of amino-resins
3920.93.10,"Rigid, plain"
3920.93.20,"Flexible, plain"
3920.93.90,Other
3920.94,of phenolic resins
3920.94.10,"Rigid, plain"
3920.94.20,"Flexible, plain"
3920.94.90,Other
3920.99,of Other plastics
3920.99.11,"Rigid, plain"
3920.99.12,"Flexible, plain"
3920.99.19,"Other <br> Film sheets, strip of vinyl plastics:"
3920.99.21,"Rigid, plain"
3920.99.22,"Flexible, plain"
3920.99.31,"Rigid, plain"
3920.99.32,"Flexible, plain"
3920.99.39,Other <br> Sheet of Poly(tetrafluoro-ethylene) (PTFE) :
3920.99.41,"Rigid, plain"
3920.99.42,"Flexible, plain"
3920.99.49,Other <br> Retro reflective sheeting
3920.99.51,"Rigid, plain"
3920.99.52,"Flexible, plain"
3920.99.59,Other
3920.99.60,Clicking boards for leather machinery
3920.99.91,"Rigid, plain"
3920.99.92,"Flexible, plain"
3920.99.99,Other
3921,"Other plates, sheets, film, foil and strip, of plastics."
3921.11,of polymers of styrene
3921.11.00,Of polymers of styrene
3921.12,of polymers of Vinyl chloride
3921.12.00,Of polymers of vinyl chloride
3921.13,of polyurethanes
3921.13.10,Flexible
3921.13.90,Other
3921.14,of regenerated cellulose
3921.14.00,Of regenerated cellulose
3921.19,of Other plastics
3921.19.00,Of other plastics
3921.90,Other
3921.90.10,Thermocol <br> Of polymers of vinyl chloride
3921.90.21,"Rigid, lacquered"
3921.90.22,"Flexible, lacquered"
3921.90.23,"Rigid, metallised"
3921.90.24,"Flexible, metallised"
3921.90.25,"Rigid, laminated"
3921.90.26,"Flexible, laminated"
3921.90.29,Other <br> Of regenerated cellulose :
3921.90.31,"Rigid, lacquered"
3921.90.32,"Flexible, lacquered"
3921.90.33,"Rigid, metallised"
3921.90.34,"Flexible, metallised"
3921.90.35,"Rigid, laminated"
3921.90.36,"Flexible, laminated"
3921.90.39,Other <br> Other :
3921.90.91,"Rigid, lacquered"
3921.90.92,"Flexible, lacquered"
3921.90.93,"Rigid, metallised"
3921.90.94,"Flexible, metallised"
3921.90.95,"Rigid, laminated"
3921.90.96,"Flexible, laminated"
3921.90.99,Other
3922,"seats and covers, flushing cisterns and similar sanitary ware, of"
3922.10,"Baths, shower-Baths, sinks and wash-basins"
3922.10.00,"Baths, shower-baths, sinks and wash basins"
3922.20,Lavatory seats and covers
3922.20.00,Lavatory seats and covers
3922.90,Other
3922.90.00,Other
3923.10,"boxes, cases, crates and similar articles"
3923.10.20,"Watch-box, jewellery box and similar containers of plastics"
3923.10.30,Insulated ware
3923.10.40,Packing for accommodating connectors
3923.10.90,Other <br> Sacks and bags (including cones):
3923.21,of polymers of Ethylene
3923.21.00,Of polymers of ethylene
3923.29,of Other plastics
3923.29.10,Of poly (vinyl chloride)
3923.29.90,Other
3923.30,"Carboys, bottles, flasks and similar articles"
3923.30.10,Insulated ware
3923.30.90,Other
3923.40,"Spools, cops, bobbins and similar supports"
3923.40.00,"Spools, cops, bobbins and similar supports"
3923.50,"Stoppers, lids, caps and Other closures"
3923.50.10,Caps and closures for bottles
3923.50.90,Other
3923.90,Other
3923.90.10,Insulated ware
3923.90.20,Aseptic bags
3923.90.90,Other
3924.10,Tableware and kitchenware
3924.10.10,Insulated ware
3924.10.90,Other
3924.90,Other
3924.90.10,Toilet articles
3924.90.20,Insulated ware
3924.90.90,Other
3925,"Builders' ware of plastics, not elsewhere specified or included."
3925.20,"Doors, windows and their frames and thresholds for Doors"
3925.20.00,"Doors, windows and their frames and thresholds for doors"
3925.90,Other
3925.90.10,Of polyurethane
3925.90.90,Other
3926.10,office or school supplies
3926.10.11,Of polyurethane foam
3926.10.19,Other <br> Other :
3926.10.91,Of polyurethane foam
3926.10.99,Other
3926.20.11,Disposable
3926.20.19,Non disposable <br> Approns:
3926.20.21,Of polyurethane foam
3926.20.29,Other <br> Plastic stickers for garments
3926.20.31,Of polyurethane foam
3926.20.39,"Other <br> Collar stays, patties, butterfly, shoulder-pads and other stays :"
3926.20.41,Of polyurethane foam
3926.20.49,Other <br> Other:
3926.20.91,Of polyurethane foam
3926.20.99,Other
3926.30,"fittings for furniture, coachwork or the like"
3926.30.10,Of polyurethane foam
3926.30.90,Other
3926.40,Statuettes and Other Ornamental articles <br> bangles
3926.40.11,Of polyurethane foam
3926.40.19,Other <br> beads
3926.40.21,Of polyurethane foam
3926.40.29,Other <br> Statuettes
3926.40.31,Of polyurethane foam
3926.40.41,Of polyurethane foam
3926.40.49,Other <br> decorative sheets
3926.40.51,Of polyurethane foam
3926.40.59,Other
3926.40.60,Sequine <br> Other :
3926.40.91,Of polyurethane foam
3926.40.99,Other
3926.90,Other
3926.90.10,"PVC belt conveyor <br> Couplers, packing rings, O rings and the like."
3926.90.21,Of polyurethane foam
3926.90.31,Of polyurethane foam
3926.90.39,Other
3926.90.41,Of polyurethane foam
3926.90.49,Other <br> Retro reflective sheeting of other than of heading 3920.
3926.90.51,Of polyurethane foam
3926.90.59,Other <br> Hangers
3926.90.61,Of polyurethane foam
3926.90.71,Of polyurethane foam
3926.90.79,Other
3926.90.80,"Polypropylene articles, not elsewhere specified or included <br> Other:"
3926.90.91,Of polyurethane foam
3926.90.99,Other
4001.10,"Natural rubber Latex, whether or Not Pre-vulcanised"
4001.10.10,Prevulcanised
4001.10.20,Other than prevulcanised <br> Natural rubber in other forms :
4001.21,smoked sheets
4001.21.00,Smoked sheets
4001.22,Technically specified Natural rubber (TSNR)
4001.22.00,Technically specified natural rubber (TSNR)
4001.29,Other
4001.29.10,Hevea
4001.29.20,Pale Crepe
4001.29.30,Estate Brown Crepe
4001.29.40,Oil extended natural rubber
4001.29.90,Other
4001.30,"- Balata, gutta-percha, guayule, chicle and similar natural gums"
4001.30.00,"Balata, gutta-percha, guayule, chicle, and similar natural gums"
4002,"plates, sheets or strip; mixtures of any product of heading 4001 with any"
4002.11,Latex
4002.11.00,Latex
4002.19,Other
4002.19.10,Oil extended styrene butadiene rubber
4002.19.20,Styrene butadiene rubber with styrene content of over 50%
4002.19.30,Styrene butadiene styrene oil bound copolymer
4002.19.90,Other
4002.20,butadiene rubber (BR)
4002.20.00,Butadiene rubber (BR)
4002.31,-- Isobutene-isoprene (butyl) rubber (IIR)
4002.31.00,Isobutene-isoprene(butyl) rubber (IIR)
4002.39,Other
4002.39.00,Other <br> Chlorprene (Chlorobutadiene) rubber (CR) :
4002.41,Latex
4002.41.00,Latex
4002.49,Other
4002.49.00,Other <br> Acrylonitrile-butadiene rubber (NBR) :
4002.51,Latex
4002.51.00,Latex
4002.59,Other
4002.59.00,Other
4002.60,Isoprene rubber (IR)
4002.60.00,Isoprene rubber (IR)
4002.70,Ethylene-propylene-Non-conjugated diene rubber (EPDM)
4002.70.00,Ethylene-propylene-non-conjugated diene rubber (EPDM)
4002.80.10,Latex
4002.80.20,Chemically modified form of natural rubber including graft rubber
4002.80.90,Other <br> Other :
4002.91,Latex
4002.91.00,Latex
4002.99,Other
4002.99.10,Factice (rubber substitute derived from oil)
4002.99.90,Other
4003,"Reclaimed rubber in primary forms or in plates, sheets or strip."
4003.00,"Reclaimed rubber in primary forms or in plates, sheets or strip."
4003.00.00,"Reclaimed rubber in primary forms or in plates, sheets or strip"
4005.10,Compounded with Carbon black or silica
4005.10.00,Compounded with carbon black or silica
4005.20,- Solutions; dispersions other than those of subheading 4005.10
4005.20.10,Can sealing compound
4005.20.90,Other <br> Other :
4005.91,"Plates, sheets and strip"
4005.91.10,Hospital Sheeting
4005.91.90,Other
4005.99,Other
4005.99.90,Other
4006.10,“Camel-back” strips for retreading rubber tyres
4006.10.00,Camel-back strips for retreading rubber tyres
4006.90,Other
4006.90.10,"Thread, not covered"
4006.90.90,Other
4007,Vulcanised rubber thread and cord.
4007.00,Vulcanised rubber thread and cord.
4007.00.10,"Thread, not covered"
4007.00.20,"Cord, not covered"
4007.00.90,Other
4008.11,"Plates, sheets and strip"
4008.11.10,Of micro-cellular rubber
4008.11.90,Other
4008.19,Other
4008.19.90,Other <br> Of non-cellular rubber :
4008.21,"Plates, sheets and strip"
4008.21.20,For resoling or repairing or retreading rubber typres
4008.21.90,Other
4008.29,Other
4008.29.10,Rubber sheets and Resin rubber sheets for soles and heels
4008.29.30,Latex foam sponge
4008.29.90,Other
4009,"rubber, with or without their fittings (for example, joints, elbows,"
4009.11,without fittings
4009.11.00,Without fittings
4009.12,with fittings
4009.12.00,With fittings <br> Reinforced or otherwise combined only with metal:
4009.21,without fittings
4009.21.00,Without fittings
4009.22,with fittings
4009.31,without fittings
4009.31.00,Without fittings
4009.32,with fittings
4009.32.00,with fittings <br> Reinforced or otherwise combined with other materials:
4009.41,without fittings
4009.41.00,without fittings
4009.42,with fittings
4009.42.00,with fittings
4010,"Conveyor or transmission belts or belting, of vulcanised rubber."
4010.11,reinforced only with metal
4010.11.10,Where the rubber compound content is less than 25% by weight
4010.11.90,Other
4010.12,reinforced only with textile materials
4010.12.10,Where the rubber compound content is less than 25% by weight
4010.12.90,Other
4010.19,Other
4010.19.10,Where the rubber compound content is less than 25% by weight
4010.19.90,Other <br> Transmission belts or belting:
4010.31,"V-ribbed, of an outside circumference exceeding 60 cm but not"
4010.31.10,Where the rubber compound content is less than 25% by weight
4010.31.90,Other
4010.32,"other than V-ribbed, of an outside circumference exceeding 60 cm"
4010.32.10,Where the rubber compound content is less than 25% by weight
4010.32.90,Other
4010.33,"V-ribbed, of an outside circumference exceeding 180 cm but not"
4010.33.10,Where the rubber compound content is less than 25% by weight
4010.33.90,Other
4010.34,"other than V-ribbed, of an outside circumference exceeding 180 cm"
4010.34.10,Where the rubber compound content is less than 25% by weight
4010.34.90,Other
4010.35.10,Where the rubber compound content is less than 25% by weight
4010.35.90,Other
4010.36.10,Where the rubber compound content is less than 25% by weight
4010.36.90,Other
4010.39,Other
4010.39.11,Endless flat belt
4010.39.12,Ply belting
4010.39.19,Other <br> Other:
4010.39.91,Endless flat belt
4010.39.92,Ply belting
4010.39.99,Other
4011,"New pneumatic tyres, of rubber."
4011.10.10,Radials
4011.10.90,Other
4011.20,of a kind used on buses or lorries
4011.20.10,Radials
4011.20.90,Other
4011.30,of a kind used on aircraft
4011.30.00,Of a kind used on aircraft
4011.40,of a kind used on motorcycles
4011.40.10,For motor cycles
4011.40.20,For motor scooters
4011.40.90,Other
4011.50,of a kind used on bicycles
4011.50.10,Multi-cellular polyurethane (MCP) tubeless tyre
4011.50.90,Other
40117000,Of a kind used on agricultural or forestry vehicles and machines
401180,00
40119000,Other
4012.11.00,Of a kind used on Motor cars (including station wagons and racing cars)
4012.12,of a kind used on buses or lorries
4012.12.00,Of a kind used on buses or lorries
4012.13,of a kind used on aircraft
4012.13.00,Of a kind used on aircraft
4012.19,Other
4012.19.10,For two wheeler
4012.19.90,Other
4012.20,used pneumatic tyres
4012.20.90,Other
4012.90,Other
4012.90.10,Solid rubber tyres for motor vehicles
4012.90.20,Solid Rubber tyres for other vehicles
4012.90.30,Tyre with metal framework <br> Tyre flaps:
4012.90.41,Of a kind used in two-wheeled and three- wheeled motor vehicles
4012.90.49,Other
4012.90.50,"Tyre treads, interchangeable"
4012.90.90,Other
4013,"Inner tubes, of rubber."
4013.10.10,For motor car
4013.10.20,For Lorry and buses
4013.20,of a kind used on bicycles
4013.20.00,Of a kind used on bicycles
4013.90,Other
4013.90.10,For aircraft
4013.90.20,For motor cycle
4013.90.30,"For off the road vehicles, not elsewher specified <br> For tractors:"
4013.90.41,Rear tyres
4013.90.49,Other
4013.90.90,Other
4014.10,Sheath contraceptives
4014.10.10,"Rubber contraceptives, male (condoms)"
4014.10.20,"Rubber contraceptives, female (diaphragms), such as cervical caps"
4014.90,Other
4014.90.10,Hot water bottles
4014.90.20,Ice bags
4014.90.30,Feeding bottle nipples
4014.90.90,Other
4015,"mittens and mitts), for all purposes, of vulcanised rubber other than"
4015.11,Surgical
4015.11.00,Surgical
4015.19,Other
4015.19.00,Other
4015.90,Other
4015.90.10,Rubber apron
4015.90.20,Labels
4015.90.30,Industrial gloves <br> other:
4015.90.91,Diving suits
4015.90.99,Other
4016,Other articles of vulcanised rubber other than hard rubber.
4016.10,of cellular rubber
4016.10.00,Of cellular rubber <br> Other :
4016.91,Floor coverings and mats
4016.91.00,Floor coverings and mats
4016.92,Erasers
4016.92.00,Erasers
4016.93,"Gaskets, washers and Other seals"
4016.93.10,Patches for puncture repair of self-vulcanizing rubber or a rubber backing
4016.93.20,Rubber ring (O-ring)
4016.93.30,Rubber seals ( Oil seals and the like )
4016.93.40,Gaskets
4016.93.50,Washers
4016.93.60,Plugs
4016.93.90,Other
4016.94,"Boat or dock fenders, whether or Not inflatable"
4016.94.00,"Boat or dock fenders, whether or not inflatable"
4016.95,Other inflatable articles
4016.95.10,Air mattresses
4016.95.90,Other
4016.99,Other
4016.99.10,Rubber cots for textile industry
4016.99.20,Rubber bands
4016.99.30,Rubber thread
4016.99.40,Rubber blankets
4016.99.50,Rubber cushion
4016.99.60,Rubber bush
4016.99.70,Ear plugs
4016.99.80,Stoppers
4016.99.90,Other
4017.00.10,"Plates, sheets, rods and tubes, e tc , of ebonite and vulcanite"
4017.00.20,"Scrap, waste, and powder of hardened rubber (ebonite and vulcanite)"
4017.00.30,Printers' rollers
4017.00.40,Textile rollers
4017.00.50,Type writers and cyclostyling rollers
4017.00.90,Other
4101.20,"when simply dried, 10 kg when dry-salted, or 16 kg when fresh, wet-"
4101.20.10,"Of cow, including cow calf"
4101.20.20,"Of buffalo, including buffalo calf"
4101.20.90,Other
4101.50,"- Whole hides and skins, of a weight exceeding 16 kg"
4101.50.10,"Of cow, including cow calf"
4101.50.20,"Of buffalo, including buffalo calf"
4101.50.90,Other
4101.90,"Other, including butts, bends and Bellies"
4101.90.10,"Of cow, including cow calf"
4101.90.20,"Of buffalo, including buffalo calf"
4101.90.90,Other
4102.10,with wool on
4102.10.10,Sheep skins
4102.10.20,Pelts of baby lambs
4102.10.30,Lamb skins other than pelts <br> Without wool on :
4102.21,Pickled
4102.21.10,Sheep skins
4102.21.20,Lamb skins
4102.21.30,Lamb pelt
4102.29,Other
4102.29.10,Sheep skins
4102.29.20,Lamb skins
4103.20,of Reptiles
4103.20.00,Of reptiles
4103.30,of swine
4103.30.00,Of swine
4103.90,Other
4103.90.00,Other
4104,"equine animals, without hair on, whether or not split, but not further"
4104.11,"-- Full grains, unsplit; grain splits"
4104.11.00,"Full grains, unsplit; grain splits"
4104.19,Other
4104.19.00,Other <br> In the dry state crust :
4104.41,"-- Full grains, unsplit; grain splits"
4104.41.00,"Full grains, unsplit; grain splits"
4104.49,Other
4104.49.00,Other
4105.10,- In the wet state (including wet-blue)
4105.10.00,In the wet state (including wet-blue)
4105.30,in the dry state (crust)
4105.30.00,In the dry state (crust)
4106.21,-- In the wet state (including wet-blue)
4106.21.00,In the wet state (including wet-blue)
4106.22,in the dry state (crust)
4106.22.00,In the dry state (crust) <br> Of swine:
4106.31,-- In the wet state (including wet-blue)
4106.31.00,In the wet state (including wet-blue)
4106.32,in the dry state (crust)
4106.32.00,In the dry state (crust)
4106.40,of Reptiles
4106.40.00,Of reptiles <br> Other
4106.91,-- In the wet state (including wet-blue)
4106.91.00,In the wet state (including wet-blue)
4106.92,in the dry state (crust)
4106.92.00,In the dry state (crust)
4107.11,"Full grains, unsplit"
4107.11.00,"Full grains, unsplit"
4107.12,Grain splits
4107.12.00,Grain splits
4107.19,Other
4107.19.00,"Other <br> Other, including sides:"
4107.91,"Full grains, unsplit"
4107.91.00,"Full grains, unsplit"
4107.92,Grain splits
4107.92.00,Grain splits
4107.99,Other
4107.99.00,Other
4112,"parchment-dressed leather, of sheep or lamb, without wool on,"
4112.00,"parchment-dressed leather, of sheep or lamb, without wool on,"
4112.00.00,"dressed leather, of sheep or lamp, without wool on, whether or not split,"
4113,"parchment-dressed leather, of other animals, without wool or hair"
4113.10,of Goats or kids
4113.10.00,Of goats or kids
4113.20,of swine
4113.20.00,Of swine
4113.30,of Reptiles
4113.30.00,Of reptiles
4113.90,Other
4113.90.00,Other
4114.10,Chamois (including combination Chamois) leather
4114.10.00,Chamois (including combination chamois) leather
4114.20,- Patent leather and patent laminated leather; metallised leather
4114.20.10,Patent leather and patent laminated leather
4114.20.20,Metallised leather
4115.20,"suitable for the manufacture of leather articles; leather dust, powder"
4115.20.10,Cuttings of leather
4115.20.90,Other
4201,"pads, muzzles, saddle cloths, saddle bags, dog coats and the like),"
4201.00,"pads, muzzles, saddle cloths, saddle bags, dog coats and the like),"
4201.00.00,"muzzles, saddle cloths, saddle bags, dog coats and the like), of any"
4202.11.20,"Toilet bags and cases, of leather"
4202.11.30,Satchels
4202.11.40,Brief cases
4202.11.50,Executive cases
4202.11.60,Vanity cases
4202.11.70,Attache Cases
4202.11.90,Other
4202.12,with outer surface of plastics or of textile materials
4202.12.10,Toilet cases
4202.12.20,Plastic moulded suit-cases
4202.12.30,Plastic moulded brief cases
4202.12.40,Satchels
4202.12.50,Other Travel goods
4202.12.60,Brief cases
4202.12.70,Executive cases other than plastic moulded
4202.12.80,Vanity cases
4202.12.90,Other
4202.19,Other
4202.19.20,Toilet cases
4202.19.30,Satchels
4202.19.40,Brief cases (other than plastic moulded)
4202.19.50,Executive cases
4202.19.60,Vanity cases
4202.19.90,Other
4202.21.10,Hand bags for ladies
4202.21.20,Vanity bags
4202.21.90,Other
4202.22,With outer surface of sheeting of plastics or of textile materials
4202.22.10,Hand bags and shopping bags of artificial plastic material
4202.22.20,Hand bags and shopping bags of cotton
4202.22.30,Hand bags and shopping bags of Jute
4202.22.40,Vanity bags
4202.22.90,Other
4202.29,Other
4202.29.10,Hand bags of other materials excluding wicker-work or basket work
4202.29.90,Other
4202.31.10,Jewellery box
4202.31.20,Wallets and purses of leather
4202.31.90,Other
4202.32,With outer surface of sheeting of plastics or of textile materials
4202.32.10,Jewellery box
4202.32.90,Other
4202.39,Other
4202.39.10,Jewellery box
4202.39.90,Other
4202.91.00,"With outer surface of leather, of composition leather or of patent leather"
4202.92.00,With outer surface of sheeting of plastics or of textile materials
4202.99.00,Other
4203.10,articles of apparel
4203.10.10,Jackets and jerseys
4203.10.90,"Other <br> Gloves, mittens and mitts :"
4203.21,Specially designed for use in sports
4203.21.10,Gloves
4203.21.20,Mittens and mitts
4203.29,Other
4203.29.10,Gloves for use in industry
4203.29.20,Other gloves
4203.29.30,Mittens and mitts
4203.30,belts and bandoliers
4203.30.00,Belts and bandoliers
4203.40,Other Clothing accessories
4203.40.10,Aprons
4203.40.20,Semi chrome grain garments
4203.40.90,Other
4205,Other articles of leather or of composition leather.
4205.00,Other articles of leather or of composition leather.
4205.00.11,Welt
4205.00.19,Other
4205.00.20,Leather sofa cover
4205.00.90,Other
4206.00.10,For rackets
4206.00.90,Other
4301,"cuttings, suitable for furriers' use), other than raw hides and skins of"
4301.10,"of mink, whole, with or without head, tail or paws"
4301.10.00,"Of mink, whole, with or without head, tail or paws"
4301.30,"similar lamb, Indian, Chinese, Mongolian or Tibetan lamb, whole,"
4301.30.00,"lamb, Indian, Chinese, Mongolian or Tibetan lamb, whole, with or without"
4301.60,"of fox, whole, with or without head, tail or paws"
4301.60.00,"Of fox, whole, with or without head, tail or paws"
4301.80,"Other furskins, whole, with or without head, tail or paws"
4301.80.00,"Other furskins, whole, with or without head, tail or paws"
4301.90.00,"Heads, tails, paws and other pieces or cuttings, suitable for furriers’ use"
4302,"pieces or cuttings), unassembled, or assembled (without the"
4302.11,of mink
4302.11.00,Of mink
4302.19,Other
4302.19.10,"Calf skins, with hair on, tanned or dressed"
4302.19.30,"Goat (Common) and kid skins with hair on, tanned or dressed"
4302.19.40,Tiger-Cat skins
4302.19.90,"Hides and skins of other animals with hair on, tanned or dressed"
4302.20,"Heads, tails, paws and Other pieces or cuttings, Not assembled"
4302.20.00,"Heads, tails, paws and other pieces or cuttings, not assembled"
4302.30,"whole skins and pieces or cuttings thereof, assembled"
4302.30.00,"Whole skins and pieces or cuttings thereof, assembled"
4303,"Articles of apparel, clothing accessories and other articles of furskin."
4303.10,articles of apparel and Clothing accessories
4303.10.10,"Of wild animals covered under Wild Life Protection Act,1972"
4303.10.90,Other
4303.90,Other
4303.90.10,"Of wild animals covered under Wild Life Protection Act,1972"
4303.90.90,Other
4304,Artificial fur and articles thereof.
4304.00,Artificial fur and articles thereof.
4304.00.19,Other
4304.00.20,Articles of artificial fur
4401.10,"Fuel wood, in logs, in billets, in twigs, in faggots or in similar forms"
440111,Coniferous:
44011110,In logs
44011190,Other
440112,Non-coniferous:
44011210,In logs
44011290,Other
4401.21.00,Coniferous
4401.22.00,Non-coniferous
4401.3100,Wood pellets
4401.3900,Other
44014000,"Sawdust and wood waste and scrap, not agglomerated"
4402.10,of Bamboo
4402.90,Other
4402.90.10,Of coconut shell
4402.90.90,Other
4403.10,"treated with paint, stains, Creosote or Other preservatives"
4403.10.00,"Treated with paint, stains, creosote or other preservatives"
44031100,Coniferous
44031200,Non-coniferous
4403,21
44032110,Saw logs and veneer logs
44032120,"Poles, pilings and posts"
44032190,Other
440322,"Of pine (Pinus spp.), other:"
44032210,Saw logs and veneer logs
44032220,"Poles, pilings and posts"
44032290,Other
4403,23
44032310,Saw logs and veneer logs
44032320,"Poles, pilings and posts"
44032390,Other
440324,"Of fir (Abies spp.) and spruce (Picea spp.), other:"
44032410,Saw logs and veneer logs
44032420,"Poles, pilings and posts"
44032490,Other
440325,"Other, of which any cross-sectional dimension is 15 cm or more:"
44032510,Saw logs and veneer logs
44032520,"Poles, pilings and posts"
44032590,Other
440326,Other
44032610,Saw logs and veneer logs m3 5% -
44032620,"Poles, pilings and posts m3 5% -"
44032690,Other m3 5% -
44034100,"Dark red meranti, light red meranti and meranti bakau"
4403.49,Other
4403.49.10,Teak wood in rough
4403.49.90,Other <br> Other :
4403.91,of oak (Quercus spp.)
4403.91.00,Of Oak (quercus spp.)
44039400,"Of beech (Fagus spp.), other"
440395,00
44039600,"of Birch (Betula spp.), other"
44039700,of popular and aspen (populus spp.)
44039800,of eucalyptus (eucalyptus spp.)
4403.99,Other
4403.99.11,Andaman Padauk (Pterocarous dalbaergiodes)
4403.99.12,Bonsum (Phoebe goalparensis)
4403.99.13,Gurgan (Dipterocarpus alatus)
4403.99.14,Khair (Acacia Catechu)
4403.99.15,Lampati (Duabanga grandiflora)
4403.99.16,Laurel (Terminalia alata)
4403.99.17,Paliwood (Palaquium Elliplicum)
4403.99.18,Red Sanders (Pterocar pus Sautatinus)
4403.99.19,Rose Wood (Dalbergea Latifolio)
4403.99.21,Sal (Chorea robusta)
4403.99.22,Sandal wood (santalum alburn)
4403.99.23,Semul (Bombax ceiba)
4403.99.24,Walnut wood (Juglans binata)
4403.99.25,Anjam (Hardwickia binata)
44039926,Omitted
4403.99.27,Sissoo (Dalbergia sisso)
4403.99.28,White cedar [Dysozylum malabaricum]
4403.99.90,Other
4404.10,Coniferous
4404.10.00,Coniferous
4404.20,Non-Coniferous
4404.20.10,"suitable for the manufacture of walking sticks, tool handles, split poles,"
4404.20.20,Drawn Wood
4404.20.90,Other
4405,Wood wool; wood flour.
4405.00,Wood wool; wood flour.
4405.00.00,Wood wool; wood flour
4406,Railway or tramway sleepers (cross-ties) of wood.
44061100,Coniferous
44061200,Non-coniferous
44069100,Coniferous
44069200,Non-coniferous
44071100,Of pine (Pinus spp.)
44071200,Of fir (Abies spp.) and Spruce ( Picea spp.)
440719,Other:
44071910,Douglas fir (Pseudotsuga menziesii)
44071990,Other
44072100,Mahogany (Swietenia spp.)
4407.22,"Virola, Imbuia and Balsa"
4407.22.00,"Virola, Imbuia and Balsa"
4407.25,"Dark red Meranti, Light red Meranti and Meranti Bakau"
4407.25.00,"Dark Red Meranti, Light Red Meranti and Meranti Bakau"
4407.26,"white Lauan, white Meranti, white Seraya, Yellow Meranti and Alan"
4407.26.00,"White Lauan, White Meranti, White Seraya, Yellow Meranti and Alan"
4407.27,Sapelli
4407.27.00,Sapelli
4407.28,Iroko
4407.28.00,Iroko
4407.29,Other
4407.29.10,Teak Wood
4407.29.90,Other <br> Other :
4407.91,of oak (Quercus spp.)
4407.91.00,Of oak (Quercus spp.)
4407.92,of beech (Fagus spp.)
4407.92.00,Of beech (Fagus spp.)
4407.93,of maple (Acer spp.)
4407.93.00,of maple
4407.94,of cherry (Prunus spp.)
4407.94.00,of cherry
4407.95,of ash (Fraxinus spp.)
4407.95.00,of ash
44079700,Of poplar and aspen (Populus spp.)
4407.99,Other
4407.99.10,Omitted
4407.99.20,Willow
4407.99.90,Other
4408.10,Coniferous
4408.10.10,Sheets for plywood
4408.10.20,Oak wood veneer
4408.10.30,"Veneer sheets, for match boxes and match splints"
4408.10.90,Other
4408.31,"Of Dark red meranti, Light red meranti, Meranti bakau:”;"
4408.31.10,Sheets for plywood
4408.31.20,Veneer sheets (of Rose Wood)
4408.31.30,"Veneer sheets, for match boxes and match splints"
4408.31.90,Other
4408.39,Other
4408.39.10,Sheets for plywoods
4408.39.20,Veneer sheets (of rose wood)
4408.39.30,"Veneer sheets, for match boxes and match splints"
4408.39.90,Other
4408.90,Other
4408.90.10,Sheets for plywoods
4408.90.20,"Veneer sheets, for match boxes and match splints"
4408.90.90,Other
4409,"chamfered, V-jointed, beaded, moulded, rounded or the like) along"
4409.10,- Coniferous:
4409.10.90,Other <br> non-coniferous :
4409.21,of Bamboo
4409.21.00,Non-coniferous: of bamboo
44092200,Of tropical wood
4409.29,Other
4409.29.20,Beadings and mouldings
4409.29.90,Other
4410.11,Particle board
4410.11.10,Plain particle boards
4410.11.20,Insulation Board and Hardboard
4410.11.30,"Veneered particle board, not having decorative veneers on any face"
4410.11.90,Other
4410.12,Oriented strand board (OSB)
4410.12.10,Unworked or not further worker worked than sanded
4410.12.90,Other
4410.19,Other
4410.19.00,Other
4410.90,Other
4410.90.10,Plain particle boards
4410.90.20,Insulation Board and hardboard
4410.90.30,"Veneered particle board, not having decorative veneers of any face"
4410.90.40,Of Coir
4410.90.50,Of Coir Of jute fibre
4410.90.90,Other
4411.12,-- Of a thickness not exceeding 5 mm
4411.12.00,Medium density fibre board: Of a thickness not exceeding 5mm
4411.13,-- Of a thickness exceeding 5 mm but not exceeding 9 mm
4411.13.00,Of a thickness exceeding 5mm but not exceeding 9mm
4411.14,-- Of a thickness exceeding 9 mm
4411.14.00,Of a thickness exceeding 9mm
4411.92,-- Of a density exceeding 0.8 g/cm³
4411.92.19,Other <br> Other
4411.92.21,Hardboard
4411.92.29,Other
4411.93,-- Of a density exceeding 0.5 g/cm³ but not exceeding 0.8 g/cm³
4411.93.11,Insulation board :
4411.93.19,Other <br> Other :
4411.93.21,Insulation board
4411.93.29,Other
4411.94,-- Of a density not exceeding 0.5 g/cm³
4411.94.19,Other <br> Other
4411.94.21,Insulation board
4411.94.29,Other
4412,"Plywood, veneered panels and similar laminated wood."
4412.10,of Bamboo
4412.10.00,"Plywood,veneered panels and similar laminated wood of bamboo"
4412.31,With at least one outer ply of tropical wood
4412.31.10,Decorative plywood
4412.31.20,Tea chest panels or shooks packed in sets
4412.31.30,other tea chest panels
4412.31.40,Marine and Aircraft plywood
4412.31.50,Cuttings and trimmings of plywood of width not exceeding 5 centimeters
4412.31.90,Other
44123310,Decorative plywood
44123320,"Tea chest panels, shooks whether or not packed in sets"
44123330,Marine and aircraft plywood
44123340,Cutting and trimmings of plywood of width not exceeding 5 cm
44123390,Other
4412,34
44123410,Decorative plywood
44123420,"Tea chest panels, shooks whether or not packed in sets"
44123430,Marine and aircraft plywood
44123440,Cutting and trimmings of plywood of width not exceeding 5 cm
44123490,Other
4412.39,"Other, with both outer plies of coniferous wood:"
44123910,Decorative plywood
44123920,"Tea chest panels, shooks whether or not packed in sets"
44123930,Marine and aircraft plywood
44123940,Cutting and trimmings of plywood of width not exceeding 5 cm
44123990,Other
4412.94,"Blockboard, laminboard and battenboard"
4412.94.00,"Black board,laminboard and batten board"
4412.99,Other
4412.99.10,Decorative plywood
4412.99.20,Tea chest panels or shooks packed in sets
4412.99.30,Marine and Aircraft plywood
4412.99.40,Cuttings and trimmings of plywood of width not exceeding 5 centimeters
4412.99.90,Other
4413,"Densified wood, in blocks, plates, strips or profile shapes."
4413.00,"Densified wood, in blocks, plates, strips or profile shapes."
4413.00.00,"Densified wood, in blocks, plates, strips or profile shapes"
4414.00.00,"Wooden frames for paintings, photographs, mirrors or similar objects"
4415,"cable-drums of wood; pallets, box pallets and other load boards, of"
4415.10,"- Cases, boxes, crates, drums and similar packings; cable-drums"
4415.10.00,"Cases, boxes, crates, drums and similar packings ; cable-drums"
4415.20,"- Pallets, box pallets and other load boards; pallet collars"
4415.20.00,"Pallets, box pallets and other load boards ; pallet collars"
4416.00.10,"Casks, barrels, vats and tubs"
4416.00.20,Other coopers' products <br> Parts (of wood):
4416.00.91,Riven or sawn staves of wood not further prepared
4416.00.99,Other
4418.10,"windows, French-windows and their frames"
4418.10.00,"Windows, french-windows and their frames"
4418.20,Doors and their frames and thresholds
4418.20.10,Flush Doors
4418.20.20,Frames and thresholds of flush doors
4418.20.90,Other
4418.40,Shuttering for Concrete constructional work
4418.40.00,Shuttering for concrete constructional work
4418.50,Shingles and shakes
4418.50.00,Shingles and Shakes
4418.60,Posts and beams
4418.60.00,Posts and beams <br> Assembled flooring panels :
44187300,Of bamboo or with at least the top layer (wear layer) of bamboo
44187400,"Other, for mosaic floors"
44187500,"Other, multilayer"
44187900,Other
44189100,Of bamboo
44189900,Other
4419,"Tableware and kitchenware, of wood."
44191100,"Bread boards, chopping boards and similar boards"
44191200,Chopsticks
44191900,Other
441990,Other:
44199010,"Bread boards, chopping boards and similar boards"
44199020,Chopsticks
44199090,Other
4420.10,"Statuettes and Other ornaments, of Wood"
4420.10.00,"Statuettes and other ornaments, of wood"
4420.90,Other
4420.90.10,Wood marquetry and inlaid wood
4420.90.90,Other
4421,Other articles of wood.
4421.10,Clothes hangers
4421.10.00,Clothes hangers
442191,Of bamboo:
44219111,For cotton machinery
44219112,For jute machinery
44219113,For silk regenerated and synthetic fibre machinery
44219114,For other machinery
44219119,Other
44219120,Wood Paving Blocks
44219130,Match splints
44219140,Pencil slats
442191,50
44219160,Parts of domestic decorative articles used as tableware and kitchenware
44219170,Articles of densified wood not included or specified elsewhere
44219190,Other
442199,Other:
44219911,For cotton machinery
44219912,For jute machinery
44219913,For silk regenerated and synthetic fibre machinery
44219914,For other machinery
44219919,Other
44219920,Wood Paving Blocks
44219930,Match splints
44219940,Pencil slats
442199,50
44219960,Parts of domestic decorative articles used as tableware and kitchenware
44219970,Articles of densified wood not included or specified elsewhere
44219990,Other
4501.10,"Natural cork, raw or simply prepared"
4501.10.00,"Natural Cork, raw or simply prepared"
4501.90,Other
4501.90.00,Other
4502,"(including square) blocks, plates, sheets or strip (including sharp-"
4502.00,"(including square) blocks, plates, sheets or strip (including sharp-"
4502.00.00,"square) blocks, plates, sheets or strip (including sharp-edged blanks for"
4503,Articles of natural cork.
4503.10,Corks and Stoppers
4503.10.00,Corks and stoppers
4503.90,Other
4503.90.10,Shuttlecock cork bottom
4503.90.90,Other
4504.10.10,Sheets
4504.10.20,Slabs
4504.10.90,Other
4504.90,Other
4504.90.00,Other
4601,"of plaiting materials, bound together in parallel strands or woven, in"
4601.21.00,of Bamboo
4601.22,of rattan
4601.22.00,Of rattan
4601.29,Other
4601.29.00,Other
4601.92,of Bamboo
4601.92.00,Of bamboo
4601.93,of rattan
4601.93.00,Of rattan
4601.94,of Other Vegetable materials
4601.94.00,Of other vegetable materials
4601.99,Other
4601.99.00,Other
4602,from plaiting materials or made up from goods of heading 4601;
4602.11,of Bamboo
4602.11.00,Of vegetable materials:Of bamboo
4602.12,of rattan
4602.12.00,Of rattan
4602.19,Other <br> Of palm leaves :
4602.19.11,Baskets
4602.19.19,Other
4602.19.90,Other
4602.90,Other
4602.90.00,Other
4701,Mechanical wood pulp.
4701.00,Mechanical wood pulp.
4701.00.00,Mechanical wood pulp
4702,"Chemical wood pulp, dissolving grades."
4702.00,"Chemical wood pulp, dissolving grades."
4702.00.00,"Chemical wood pulp, dissolving grades"
4703,"Chemical wood pulp, soda or sulphate, other than dissolving grades."
4703.11,Coniferous
4703.11.00,Coniferous
4703.19,Non-Coniferous
4703.19.00,Non-coniferous <br> Semi-bleached or bleached:
4703.21,Coniferous
4703.21.00,Coniferous
4703.29,Non-Coniferous
4703.29.00,Non-coniferous
4704,"Chemical wood pulp, sulphite, other than dissolving grades."
4704.11,Coniferous
4704.11.00,Coniferous
4704.19,Non-Coniferous
4704.19.00,Non-coniferous <br> Semi-bleached or bleached:
4704.21,Coniferous
4704.21.00,Coniferous
4704.29,Non-Coniferous
4704.29.00,Non-coniferous
4706.10,cotton linters pulp
4706.10.00,Cotton linters pulp
4706.30,"Other, of Bamboo"
4706.30.00,"Other,of bamboo <br> Other :"
4706.91,Mechanical
4706.91.00,Mechanical
4706.92,Chemical
4706.92.00,Chemical
4706.93,Semi-Chemical
4706.93.00,Semi-chemical
4707,Recovered (waste and scrap) paper or paperboard.
4707.10.00,Unbleached kraft paper or paperboard or corrugated paper or paperboard
4707.90,"Other, including unsorted Waste and scrap"
4707.90.00,"Other, including unsorted waste and scrap"
4801,"Newsprint, in rolls or sheets."
4801.00,"Newsprint, in rolls or sheets."
4801.00.10,Glazed
4801.00.90,Other
4802,"punch tape paper, in rolls or rectangular (including square) sheets,"
4802.10,Hand-made paper and paperboard
4802.10.10,Paper
4802.10.20,Paperboard
4802.20.10,"Photographic base paper, uncoated"
4802.20.90,Other
4802.40,Wallpaper base
4802.40.00,Wall paper base
4802.54,-- Weighing less than 40 g/m²
4802.54.10,India Paper
4802.54.20,Litho and offset paper
4802.54.30,Duplicating paper
4802.54.40,Airmail paper
4802.54.50,Tissue paper
4802.54.90,Other
4802.55,"-- Weighing 40 g/m² or more but not more than 150 g/m², in rolls"
4802.55.10,Litho and offset paper
4802.55.20,Drawing paper
4802.55.30,Duplicating paper
4802.55.40,Account book paper
4802.55.50,"Bank, bond and cheque paper"
4802.55.60,Currency note paper
4802.55.70,"Paper for security printing, currency paper, stamp paper"
4802.55.90,Other
4802.56,with one side not exceeding 435 mm and the other side not
4802.56.10,Litho and offset paper
4802.56.20,Drawing paper
4802.56.30,Duplicating paper
4802.56.40,Account book paper
4802.56.50,"Bank, bond and cheque paper"
4802.56.60,Currency note paper
4802.56.70,"Paper for security printing, currency paper, stamp paper"
4802.56.90,Other
4802.57,"-- Other, weighing 40 g/m² or more but not more than 150 g/m²"
4802.57.10,Litho and offset paper
4802.57.20,Drawing paper
4802.57.30,Duplicating paper
4802.57.40,Account book paper
4802.57.50,"Bank, bond and cheque paper"
4802.57.60,Currency note paper
4802.57.70,"Paper for security printing, currency paper, stamp paper"
4802.57.90,Other
4802.58,-- Weighing more than 150 g/m²
4802.58.10,Litho and offset paper
4802.58.20,Drawing paper
4802.58.30,Duplicating paper
4802.58.40,"Bank, bond and cheque paper"
4802.58.50,"Paper for security printing, currency paper, stamp paper"
4802.58.90,weight of the total fibre content cosists of fibres obtained by a mechanical
4802.61,in rolls
4802.61.10,Drawing paper
4802.61.20,Poster paper
4802.61.30,Printing paper dyed or marbled in mass
4802.61.40,Account book paper
4802.61.50,Automatic data processing machine paper
4802.61.60,"Paper for security printing, currency paper, stamp paper"
4802.61.90,Other
4802.62.10,Drawing paper
4802.62.20,Poster paper
4802.62.30,Printing paper dyed or marbled in mass
4802.62.40,Account book paper
4802.62.50,Automatic data processing machine paper
4802.62.60,"Paper for security printing, currency paper, stamp paper"
4802.62.90,Other
4802.69,Other
4802.69.10,Drawing paper
4802.69.20,Poster paper
4802.69.30,Printing paper dyed or marbled in mass
4802.69.40,Account book paper
4802.69.50,Automatic data processing machine paper
4802.69.60,"Paper for security printing, currency paper, stamp paper"
4802.69.90,Other
4803,"wadding and webs of cellulose fibres, whether or not creped,"
4803.00,"wadding and webs of cellulose fibres, whether or not creped,"
4803.00.10,In commercial sizes rolls of width size 36 cm and above
4803.00.90,Other
4804.11,Unbleached
4804.11.00,Unbleached
4804.19,Other
4804.19.00,Other <br> Sack kraft paper :
4804.21,Unbleached
4804.21.00,Unbleached
4804.29,Other
4804.29.00,Other <br> Other kraft paper and paperboard weighing 150 g/m2 or less :
4804.31,Unbleached
4804.31.00,Unbleached
4804.39,Other
4804.41,Unbleached
4804.41.00,Unbleached
4804.42,95% by weight of the total fibre content consists of wood fibres
4804.42.00,weight of the total fibre content consists of wood fibres obtained by a
4804.49,Other
4804.49.00,Other <br> Other kraft paper and paperboard weighing 225 g/m2 or more :
4804.51,Unbleached
4804.51.00,Unbleached
4804.52,95% by weight of the total fibre content consists of wood obtained
4804.52.00,weight of the total fibre content consists of wood fibres obtained by a
4804.59,Other
4804.59.00,Other
4805.11,Semi-Chemical fluting paper
4805.11.00,Semi-chemical fluting paper
4805.12,straw fluting paper
4805.12.00,Straw fluting paper
4805.19,Other
4805.19.00,Other <br> Testliner (recycled liner board):
4805.24,-- Weighing 150 g/m² or less
4805.24.00,Weighing 150 g/m2 or less
4805.25,-- Weighing more than 150 g/m²
4805.25.00,Weighing more than 150 g/m2
4805.30,Sulphite wrapping paper
4805.30.00,Sulphite wrapping paper
4805.40,Filter paper and paperboard
4805.40.00,Filter paper and paperboard
4805.50,felt paper and paperboard
4805.50.00,Felt paper and paperboard <br> Other
4805.91,-- Weighing 150 g/m² or less
4805.91.00,Weighing 150 g/m2 or less
4805.92,-- Weighing more than 150 g/m² but less than 225 g/m²
4805.92.00,Weighing more than 150 g/m2 but less than 225 g/m2
4805.93,-- Weighing 225 g/m² or more
4805.93.00,Weighing 225 g/m2 or more
4806,"glassine and other glazed transparent or translucent papers, in rolls"
4806.10,Vegetable parchment
4806.10.00,Vegetable parchment
4806.20,Greaseproof papers
4806.20.00,Greaseproof papers
4806.30,Tracing papers
4806.30.00,Tracing papers
4806.40,Glassine and Other glazed transparent or translucent papers
4806.40.10,Glassine papers
4806.40.90,Other
4807.00.90,Other
4808,"surface sheets), creped, crinkled, embossed or perforated, in rolls or"
4808.10.00,"Corrugated paper and paperboard, whether or Not perforated"
4808.40,10
4808.40,90
4808.90.00,Other
4809,(including coated or impregnated paper for duplicator stencils or
4809.20,Self-copy paper
4809.20.00,Self-copy paper
4809.90,Other
4809.90.00,Other
4810,"and with no other coating, whether or not surface-coloured, surface-"
4810.13,in rolls
4810.13.10,Imitation art paper
4810.13.20,Art paper
4810.13.30,Chrome paper or paper board
4810.13.90,Other
4810.14.10,Imitation art paper
4810.14.20,Art paper
4810.14.30,Chrome paper or paper board
4810.14.90,Other
4810.19,Other
4810.19.10,Imitation art paper
4810.19.20,Art paper
4810.19.30,Chrome paper or paper board
4810.22,Light-weight coated paper
4810.22.00,Light-weight coated paper
4810.29,Other
4810.31,95% by weight of the total fibre content consists of wood fibres
4810.31.00,weight of the total fibre content consists of wood fibres obtained by a
4810.32,95% by weight of the total fibre content consists of wood fibres
4810.32.00,weight of the total fibre content consists of wood fibres obtained by a
4810.39,Other
4810.39.10,Insulating paper
4810.39.20,Electric insulating press board
4810.39.30,Insulation boards (homogenous)
4810.39.90,Other <br> other paper and paperboard :
4810.92,Multi-ply
4810.92.00,Multi-ply
4810.99,Other
4810.99.00,Other
4811,"or printed, in rolls or rectangular (including square) sheets, of any"
4811.10.00,"Tarred, bituminised or asphalted paper and paperboard"
4811.41.00,Self-adhesive
4811.49.00,Other
4811.51,"-- Bleached, weighing more than 150 g/m²"
4811.51.10,Aseptic packaging paper
48115190,Other
4811.59,Other
48115910,Aseptic packaging paper
4811.59.90,Other
4811.90.12,"Chromo and art paper, coated"
4811.90.13,"Building board of paper or pulp, impregnated"
4811.90.14,Chromo board
4811.90.15,"Raw base paper for sensitising, coated"
4811.90.16,Surface marbled paper
4811.90.17,Leather board and imitation leather board
4811.90.18,Matrix board
4811.90.91,Grape guard paper
4811.90.92,Asceptic packaging paper
4811.90.93,Thermal paper for fax machines
4811.90.99,Other
4812,"Filter blocks, slabs and plates, of paper pulp."
4812.00,"Filter blocks, slabs and plates, of paper pulp."
4812.00.00,"Filter blocks, slabs and plates, of paper pulp"
4813.10,in the form of booklets or tubes
4813.10.00,In the form of booklets or tubes
4813.20,- In rolls of a width not exceeding 5 cm
4813.20.00,In rolls of a width not exceeding 5 cm
4813.90,Other
4813.90.10,"Cigarette paper in bulk, or in sheets"
4813.90.90,Other
4814.10,“Ingrain” paper
4814.10.00,Ingrain paper
4814.20,"Covered, on the face side, with a grained, embossed, coloured,"
4814.20.00,"covered, on the face side, with a grained, embossed, coloured, design-"
4814.90,Other
4814.90.00,Other
4815,*
4815.00,*
4816,"(other than those of heading 4809), duplicator stencils and offset"
4816.20,Self-copy paper
4816.20.10,"Duplicating paper, cut to size"
4816.20.20,Paper for Fax machine
4816.20.90,Other
4816.90,Other
4816.90.20,Calculating machine paper in rolls and strips not exceeding 15 cm in width
4816.90.90,Other
4817.10,Envelopes
4817.10.00,Envelopes
4817.20,"Letter Cards, Plain postcards and correspondence Cards"
4817.20.00,"Letter cards, plain postcards and correspondence cards"
4817.30.10,Writing blocks
4817.30.90,Other
4818.10,toilet paper
4818.10.00,Toilet paper
4818.20,"Handkerchiefs, cleansing or facial tissues and towels"
4818.20.00,"Handkerchiefs, cleaning or facial tissues and towels"
4818.30,Tablecloths and serviettes
4818.30.00,Tablecloths and serviettes
4818.40.10,Baby and clinical diapers
4818.40.90,Other
4818.50,articles of apparel and Clothing accessories
4818.50.00,Articles of apparel and clothing accessories
4818.90,Other
4818.90.00,Other
4819.10,"Cartons, boxes and cases, of Corrugated paper or paperboard"
4819.10.10,Boxes
4819.10.90,Other
4819.20.10,"Cartons, boxes, cases, intended for the packing of match sticks"
4819.20.20,Boxes
4819.20.90,Other
4819.30,"- Sacks and bags, having a base of a width of 40 cm or more"
4819.30.00,"Sacks and bags, having a base of a width of 40 cm or more"
4819.40,"Other Sacks and bags, including cones"
4819.40.00,"Other sacks and bags, including"
4819.50,"Other packing containers, including record sleeves"
4819.50.10,Made of corrugated paper or paperboard
4819.50.90,Other
4820.10.10,"Registers, account books"
4820.10.20,Letter pads
4820.10.90,Other
4820.20,exercise books
4820.20.00,Exercise books
4820.30,"binders (Other than book covers), folders and file covers"
4820.30.00,"Binders (other than book covers), folders and file covers"
4820.40,Manifold business forms and interleaved Carbon sets
4820.40.00,Manifold business forms and interleaved carbon sets
4820.50,Albums for samples or for collections
4820.50.00,Albums for samples or for collections
4820.90,Other
4820.90.10,Blotting paper cut to size
4820.90.90,Other
4821,"Paper or paperboard labels of all kinds, whether or not printed."
4821.10,Printed
4821.10.10,Paper tags
4821.10.20,Labels
4821.10.90,Other
4821.90,Other
4821.90.10,Labels
4821.90.90,Other
4822.10,of a kind used for winding textile yarn
4822.10.00,Of a kind used for winding textile yarn
4822.90,Other
4822.90.10,Paper tubes
4822.90.90,Other
4823,"fibres, cut to size or shape; other articles of paper pulp, paper,"
4823.20,Filter paper and paperboard
4823.20.00,Filter paper and paperboard
4823.40,"rolls, sheets and dials, Printed for Self-recording apparatus"
4823.40.00,"Rolls, sheets and dials, printed for self-recording apparatus"
4823.61,of Bamboo
4823.69,Other
4823.69.00,Other
4823.70,moulded or pressed articles of paper pulp
4823.70.10,Paper pulp moulded trays
4823.70.20,Wood pulp board
4823.70.90,Other
4823.90,Other
4823.90.11,Braille paper
4823.90.12,Cellulose in sole board or sheet
4823.90.13,Packing and wrapping paper
4823.90.14,Paper for cigarette filter tips
4823.90.15,Paper cone for loud speaker
4823.90.16,"Patterns made of papers for leather footwear, leather garments and goods"
4823.90.17,Patterns made of paper for articles of apparel and clothing accessories
4823.90.19,"paper in strips with perforated edges, not exceeding 15 cm in width,"
4823.90.21,Pre-punched cards
4823.90.23,Typewriting paper cut to size
4823.90.90,Other
4901.10,"in single sheets, whether or Not folded"
4901.10.10,Printed books
4901.10.20,"Pamphlets, booklets, brochures, leaflets and similar printed matter"
4901.91,"Dictionaries and encyclopaedias, and serial instalments thereof"
4901.91.00,"Dictionaries and encyclopaedias, and serial installments thereof"
4901.99,Other
4901.99.00,Other
4902.10,Appearing at least four times a week
4902.10.10,Newspapers
4902.10.20,Journals and periodicals
4902.90,Other
4902.90.10,Newspapers
4902.90.20,Journals and periodicals
4903,"Children's picture, drawing or colouring books."
4903.00,"Children's picture, drawing or colouring books."
4903.00.10,Picture books
4903.00.20,Drawing or colouring books
4904,"Music, printed or in manuscript, whether or not bound or illustrated."
4904.00,"Music, printed or in manuscript, whether or not bound or illustrated."
4904.00.00,"Music, printed or in manuscript, whether or not bound or illustrated"
4905.10,Globes
4905.10.00,Globes <br> Other :`
4905.91,in book form
4905.91.00,In book form
4905.99,Other
4905.99.10,"Geographical, hydrological, astrological maps or charts"
4905.99.90,Others
4907.00.20,Bank notes
4907.00.90,Other
4908,Transfers (decalcomanias).
4908.10,"Transfers (decalcomanias), Vitrifiable"
4908.10.00,"Transfers (decalcomanias), vitrifiable"
4908.90,Other
4908.90.00,Other
4909,"greetings, messages or announcements, whether or not illustrated,"
4909.00,"greetings, messages or announcements, whether or not illustrated,"
4909.00.10,Greetings or Wedding cards
4909.00.90,Other
4910,"Calendars of any kind, printed, including calendar blocks."
4910.00,"Calendars of any kind, printed, including calendar blocks."
4910.00.10,Advertising Calender
4910.00.90,Other
4911,"Other printed matter, including printed pictures and photographs."
4911.10,"Trade advertising material, Commercial catalogues and the like"
4911.10.10,"Posters, printed"
4911.10.20,Commercial catalogues
4911.10.30,Printed inlay cards
4911.10.90,Other <br> Other :
4911.91,"Pictures, designs and photographs"
4911.91.00,"Pictures, designs and photographs"
4911.99,Other
4911.99.10,Hard copy (printed) of computer software
4911.99.20,topographical or similar purposes reproduced with the aid of computer or
4911.99.90,Other
5001,Silk-worm cocoons suitable for reeling.
5001.00,Silk-worm cocoons suitable for reeling.
5001.00.00,Silk worm cocoons suitable for reeling
5002,Raw silk (not thrown).
5002.00,Raw silk (not thrown).
5002.00.10,Mulberry raw silk
5002.00.20,Mulberry dupion silk
5002.00.30,Non-Mulberry silk
5003.00.10,Mulberry silk waste
5003.00.20,Tussar silk waste
5003.00.30,Eri waste
5003.00.40,Muga waste
5003.00.90,Other
5004.00.10,100% mulberry dupion silk yarn
5004.00.90,Other
5005,"Yarn spun from silk waste, not put up for retail sale."
5005.00,"Yarn spun from silk waste, not put up for retail sale."
5005.00.11,Other than noil silk
5005.00.12,From noil silk <br> Containing less than 85% by weight of silk :
5005.00.21,Other than noil silk
5005.00.22,From noil silk
5006.00.11,Silk embroidery thread
5006.00.21,Silk embroidery thread
5006.00.31,Silk yarn spun from silk waste other than noil silk
5006.00.32,Yarn spun from noil silk
5006.00.33,Silk embroidery thread
5006.00.39,Other
5006.00.90,other
5007,Woven fabrics of silk or of silk waste.
5007.10,fabrics of noil silk
5007.10.00,Fabrics of noil silk
5007.20.10,Sarees
5007.20.90,Other
5007.90,Other fabrics
5007.90.10,Of Handloom woven
5007.90.00,Other fabrics
5101,"Wool, not carded or combed."
5101.11,Shorn wool
5101.11.00,Shorn wool
5101.19,Other
5101.19.00,"Other <br> Degreased, not carbonised :"
5101.21,Shorn wool
5101.21.00,Shorn wool
5101.29,Other
5101.29.00,Other
5101.30,Carbonised
5101.30.00,Carbonised
5102,"Fine or coarse animal hair, not carded or combed."
5102.11,of Kashmir (cashmere) Goats
5102.11.10,Marine Angora
5102.11.90,Other
5102.19,Other
5102.19.10,Marine Angora
5102.19.90,Other
5102.20,Coarse animal hair
5102.20.10,Goat hair (other than angora)
5102.20.90,Other (excluding pig & boar bristles)
5103.10,Noils of wool or of fine animal hair
5103.10.10,Noils of wool
5103.10.90,Other
5103.20,Other Waste of wool or of fine animal hair
5103.20.10,Waste of sheep's and lamb's wool
5103.20.20,Yarn waste
5103.20.90,Other
5103.30,Waste of Coarse animal hair
5103.30.00,Waste of coarse animal hair
5104,Garnetted stock of wool or of fine or coarse animal hair.
5104.00,Garnetted stock of wool or of fine or coarse animal hair.
5104.00.10,Shoddy wool
5104.00.90,Other
5105.10,Carded wool
5105.10.00,Carded wool
5105.21,Combed wool in fragments
5105.21.00,Combed wool in fragments
5105.29,Other
5105.29.10,Wool Tops
5105.29.90,"Other <br> fine animal hair, carded or combed :"
5105.31,of Kashmir (cashmere) Goats
5105.31.00,Of Kashmir (cashmere) goats
5105.39,Other
5105.39.00,Other
5105.40,"Coarse animal hair, Carded or Combed"
5105.40.00,"Coarse animal hair, carded or combed"
5106,"Yarn of carded wool, not put up for retail sale."
5106.10,- Containing 85% or more by weight of wool
5106.10.10,Shoddy woollen yarn
5106.10.20,Mungo woollen yarn
5106.10.90,Other
5106.20,- Containing less than 85% by weight of wool
5106.20.10,Shoddy woollen yarn
5106.20.20,Mungo woollen yarn
5106.20.90,Other
5107,"Yarn of combed wool, not put up for retail sale."
5107.10,- Containing 85% or more by weight of wool
5107.10.10,Worsted hosiery yarn
5107.10.20,Worsted knitted yarn
5107.10.30,Worsted weaving yarn
5107.10.40,Woollen carpet yarn
5107.10.90,Other
5107.20,- Containing less than 85% by weight of wool
5107.20.10,Worsted hosiery yarn
5107.20.20,Worsted knitted yarn
5107.20.30,Worsted weaving yarn
5107.20.40,Woollen carpet yarn
5107.20.90,Other
5108,"Yarn of fine animal hair (carded or combed), not put up for retail sale."
5108.10,Carded
5108.10.00,Carded
5108.20,Combed
5108.20.00,Combed
5109,"Yarn of wool or of fine animal hair, put up for retail sale."
5109.10,- Containing 85% or more by weight of wool or of fine animal hair
5109.10.10,Hoisery wool
5109.10.90,Other
5109.90,Other
5109.90.00,Other
5110.00.10,Put up for retail sale
5110.00.20,Other
5111,Woven fabrics of carded wool or of carded fine animal hair.
5111.11,-- Of a weight not exceeding 300 g/m²
5111.11.10,Unbleached
5111.11.20,Bleached
5111.11.30,Dyed
5111.11.40,Printed
5111.11.90,Other
5111.19,Other
5111.19.10,Unbleached
5111.19.20,Bleached
5111.19.30,Dyed
5111.19.40,Printed
5111.19.90,Other
5111.20,"Other, Mixed Mainly or solely with man-made filaments"
5111.20.10,Unbleached
5111.20.20,Bleached
5111.20.30,Dyed
5111.20.40,Printed
5111.20.90,Other
5111.30,"Other, Mixed Mainly or solely with man-made staple fibres"
5111.30.10,Unbleached
5111.30.20,Bleached
5111.30.30,Dyed
5111.30.40,Printed
5111.30.90,Other
5111.90,Other
5111.90.10,Unbleached
5111.90.20,Bleached
5111.90.30,Dyed
5111.90.40,Printed
5111.90.90,Other
5112,Woven fabrics of combed wool or of combed fine animal hair.
5112.11,-- Of a weight not exceeding 200 g/m²
5112.11.10,Unbleached
5112.11.20,Bleached
5112.11.30,Dyed
5112.11.40,Printed
5112.11.90,Other
5112.19,Other
5112.19.10,Unbleached
5112.19.20,Bleached
5112.19.30,Dyed
5112.19.40,Printed
5112.19.90,Other
5112.20,"Other, Mixed Mainly or solely with man-made filaments"
5112.20.10,Unbleached
5112.20.20,Bleached
5112.20.30,Dyed
5112.20.40,Printed
5112.20.90,Other
5112.30,"Other, Mixed Mainly or solely with man-made staple fibres"
5112.30.10,Unbleached
5112.30.20,Bleached
5112.30.30,Dyed
5112.30.40,Printed
5112.30.90,Other
5112.90,Other
5112.90.10,Unbleached
5112.90.20,Bleached
5112.90.30,Dyed
5112.90.40,Printed
5112.90.90,Other
5113,Woven fabrics of coarse animal hair or of horsehair.
5113.00,Woven fabrics of coarse animal hair or of horsehair.
5113.00.10,Unbleached
5113.00.20,Bleached
5113.00.30,Dyed
5113.00.40,Printed
5113.00.90,Other
5201,"Cotton, not carded or combed."
5201.00,"Cotton, not carded or combed."
5201.00.11,Bengal deshi
5201.00.14,Indian cotton of staple length over 24.5 mm (31/32”) to 28 mm
5201.00.19,Indian cotton of all staple length 34 5 mm and above (1 12/32”)
5201.00.20,"Cotton, other than Indian, of all staple lengths"
5202,Cotton waste (including yarn waste and garnetted stock).
5202.10,yarn Waste (including thread Waste)
5202.10.00,Yarn waste (including thread waste) <br> Other:
5202.91,Garnetted stock
5202.91.00,Garnetted stock
5202.99,Other
5202.99.00,Other
5203,"Cotton, carded or combed."
5203.00,"Cotton, carded or combed."
5203.00.00,"Cotton, carded or combed"
5204,"Cotton sewing thread, whether or not put up for retail sale."
5204.11,-- Containing 85% or more by weight of cotton
5204.11.10,"Cotton thread, sewing containing any synthetic staple fibre."
5204.11.20,"Cotton thread, darning"
5204.11.30,Embroidery cotton thread
5204.11.40,Cotton sewing thread not containing any synthetic staple fibre
5204.11.90,Other
5204.19,Other
5204.19.00,Other
5204.20,put up for retail sale
5204.20.10,"Cotton thread, sewing, containing any synthetic thread, staple fibre"
5204.20.20,"Cotton thread, darning"
5204.20.30,Embroidery cotton thread
5204.20.40,Cotton sewing thread not containing any synthetic staple fibre
5204.20.90,Other
5205.11.10,Grey
5205.11.20,Bleached
5205.11.30,Dyed
5205.11.90,Other
5205.12,decitex (exceeding 14 metric number but not exceeding 43 metric
5205.12.10,Grey
5205.12.20,Bleached
5205.12.30,Dyed
5205.12.90,Other
5205.13,decitex (exceeding 43 metric number but not exceeding 52 metric
5205.13.10,Grey
5205.13.20,Bleached
5205.13.30,Dyed
5205.13.90,Other
5205.14.10,Grey
5205.14.20,Bleached
5205.14.30,Dyed
5205.14.90,Other
5205.15,-- Measuring less than 125 decitex (exceeding 80 metric number)
5205.15.10,Grey
5205.15.20,Bleached
5205.15.30,Dyed
5205.15.90,Other <br> Single yarn of combed fibres
5205.21.10,Grey
5205.21.20,Bleached
5205.21.30,Dyed
5205.21.90,Other
5205.22,decitex (exceeding 14 metric number but not exceeding 43 metric
5205.22.10,Grey
5205.22.20,Bleached
5205.22.90,Other
5205.23,decitex (exceeding 43 metric number but not exceeding 52 metric
5205.23.10,Grey
5205.23.20,Bleached
5205.23.90,Other
5205.24.10,Grey
5205.24.20,Bleached
5205.24.90,Other
5205.26.10,Dyed
5205.26.20,Bleached
5205.26.90,Other
5205.27.10,Dyed
5205.27.20,Bleached
5205.27.90,Other
5205.28,-- Measuring less than 83.33 decitex (exceeding 120 metric number)
5205.28.10,Dyed
5205.28.20,Bleached
5205.28.90,"Other <br> Multiple (folded) or cabled yarn, of uncombed fibres"
5205.31.10,Grey
5205.31.20,Bleached
5205.31.30,Dyed
5205.31.90,Other
5205.32,than 232.56 decitex (exceeding 14 metric number but not exceeding
5205.32.10,Grey
5205.32.20,Bleached
5205.32.90,Other
5205.33,than 192.31 decitex (exceeding 43 metric number but not exceeding
5205.33.10,Grey
5205.33.20,Bleached
5205.33.30,Dyed
5205.33.90,Other
5205.34,than 125 decitex (exceeding 52 metric number but not exceeding 80
5205.34.10,Grey
5205.34.20,Bleached
5205.34.30,Dyed
5205.34.90,Other
5205.35.10,Grey
5205.35.90,"Other <br> Multiple (folded) or cabled yarn, of uncombed fibres"
5205.41.10,Grey
5205.41.20,Bleached
5205.41.30,Dyed
5205.41.90,Other
5205.42,than 232.56 decitex (exceeding 14 metric number but not exceeding
5205.42.10,Grey
5205.42.90,Other
5205.43,than 192.31 decitex (exceeding 43 metric number but not exceeding
5205.43.10,Grey
5205.43.20,Bleached
5205.43.90,Other
5205.44,than 125 decitex (exceeding 52 metric number but not exceeding 80
5205.44.10,Grey
5205.44.20,Bleached
5205.44.90,Other
5205.46106.38,decitex (exceeding 80 metric number but not exceeding 94
5205.46.10,Grey
5205.46.20,Bleached
5205.46.30,Dyed
5205.46.90,Other
5205.47,than 83.33 decitex (exceeding 94 metric number but not exceeding
5205.47.10,Grey
5205.47.20,Bleached
5205.47.30,Dyed
5205.47.90,Other
5205.48.10,Grey
5205.48.20,Bleached
5205.48.30,Dyed
5205.48.90,Other
5206.11.00,Measuring 714.29 decitex or more (not exceeding 14 metric number)
5206.12,decitex (exceeding 14 metric number but not exceeding 43 metric
5206.13,decitex (exceeding 43 metric number but not exceeding 52 metric
5206.15,-- Measuring less than 125 decitex (exceeding 80 metric number)
5206.21.00,Measuring 714.29 decitex or more (not exceeding 14 metric number)
5206.22,decitex (exceeding 14 metric number but not exceeding 43 metric
5206.23,decitex (exceeding 43 metric number but not exceeding 52 metric
5206.25,-- Measuring less than 125 decitex (exceeding 80 metric number)
5206.25.00,Measuring less than 125 decitex (exceeding 80 metric number)
5206.32,than 232.56 decitex (exceeding 14 metric number but not exceeding
5206.32.00232.56,decitex (exceeding 14 metric number but not exceeding 43 metric
5206.33,than 192.31 decitex (exceeding 43 metric number but not exceeding
5206.33.00192.31,decitex (exceeding 43 metric number but not exceeding 52 metric
5206.34,than 125 decitex (exceeding 52 metric number but not exceeding 80
5206.34.00,decitex (exceeding 52 metric number but not exceeding 80 metric number
5206.35.00,"number per single yarn) <br> Multiple (folded) or cabled yarn, of combed"
5206.42,than 232.56 decitex (exceeding 14 metric number but not exceeding
5206.42.00232.56,decitex (exceeding 14 metric number but not exceeding 43 metric
5206.43,than 192.31 decitex (exceeding 43 metric number but not exceeding
5206.43.00192.31,decitex (exceeding 43 metric number but not exceeding 52 metric
5206.44,than 125 decitex (exceeding 52 metric number but not exceeding 80
5206.44.00,decitex (exceeding 52 metric number but not exceeding 80 metric number
5207,Cotton yarn (other than sewing thread) put up for retail sale.
5207.10,- Containing 85% or more by weight of cotton
5207.10.00,Containing 85% or more by weight of cotton
5207.90,Other
5207.90.00,Other
5208.11,"-- Plain weave, weighing not more than 100 g/m2"
5208.11.10,Dhoti
5208.11.20,Saree
5208.11.30,Shirting fabrics
5208.11.40,Casement
5208.11.90,Other
5208.12,"-- Plain weave, weighing more than 100 g/m2"
5208.12.10,Dhoti
5208.12.20,Saree
5208.12.30,Shirting fabrics
5208.12.40,Casement
5208.12.50,"Sheeting(takia, leopard fabrics, other than furnishing fabrics)"
5208.12.60,Voils
5208.12.90,Other
5208.13,"-- 3-thread or 4-thread twill, including cross twill"
5208.13.10,Shirting fabrics
5208.13.20,Dobby fabrics
5208.13.90,Other
5208.19,Other fabrics
5208.19.10,"Dedsuti, dosuti fabricss"
5208.19.90,Other <br> Bleached:
5208.21,"-- Plain weave, weighing not more than 100 g/m2"
5208.21.10,Dhoti
5208.21.20,Saree
5208.21.30,Casement
5208.21.40,Shirting fabrics
5208.21.50,Cambrics (including madapollam and jaconet)
5208.21.60,Mulls (including limbric and willaya)
5208.21.70,"Muslin (including lawn, mullmull and organdi)"
5208.21.80,Voils (excluding leno fabricss)
5208.21.90,Other
5208.22,"-- Plain weave, weighing more than 100 g/m2"
5208.22.10,Dhoti
5208.22.20,Saree
5208.22.30,Shirting fabrics
5208.22.40,Casement
5208.22.50,Cambrics (including madapollam and jaconet)
5208.22.60,Longcloth (including calico)
5208.22.70,Sheeting (takia and the like)
5208.22.80,Voils( excluding leno fabricss)
5208.22.90,Other
5208.23,"-- 3-thread or 4-thread twill, including cross twill"
5208.23.10,Shirting fabrics
5208.23.20,"Parmatta fabrics (including ilesia, pocketing, Italian twill)"
5208.23.30,Shirting fabrics
5208.23.90,Other
5208.29,Other fabrics
5208.29.10,"Dhoti and saree, zari bordered"
5208.29.20,"Dedsuti, Doosuti fabrics, ceretonnes and Osamburge"
5208.29.90,Other <br> Dyed:
5208.31,"-- Plain weave, weighing not more than 100 g/m2"
5208.31.10,Lungi
5208.31.20,Saree
5208.31.21,Of Handloom
5208.31.29,Other
5208.31.30,Shirting fabrics
5208.31.40,Casement
5208.31.50,Cambrics (including madapollam and jaconet)
5208.31.60,Mull( including limbric and willaya)
5208.31.70,Muslin( including lawn mulmul and organdy) of carded or combed yarn
5208.31.80,Voils( excluding leno fabricss)
5208.31.90,Other
5208.32,"-- Plain weave, weighing more than 100 g/m2"
5208.32.10,Lungi
5208.32.20,Saree
5208.32.30,Shirting fabrics
5208.32.40,Casement
5208.32.50,"Bedticking, domestic"
5208.32.70,Coating (including suiting)
5208.32.80,Furnishing fabrics other than pile and chenille fabricss
5208.32.90,Other
5208.33,"-- 3-thread or 4-thread twill, including cross twill"
5208.33.10,Shirting fabrics
5208.33.20,Coating (including suiting)
5208.33.30,Shirting (including mazri)
5208.33.90,Other
5208.39,Other fabrics
5208.39.10,Zari bordered sarees
5208.39.90,Other <br> Of yarn of different colours
5208.41,"-- Plain weave, weighing not more than 100 g/m2"
5208.41.10,Bleeding Madras
5208.41.21,Of Handloom
5208.41.29,Other
5208.41.30,Shirting fabrics
5208.41.40,"Bed ticking, domestic"
5208.41.50,Furnishing fabrics excluding pile and chenille fabrics
5208.41.90,Other
5208.42,"-- Plain weave, weighing more than 100 g/m2"
5208.42.10,Bleeding Madras
5208.42.20,Saree
5208.42.30,Shirting fabrics
5208.42.40,Casement
5208.42.50,"Bed ticking, domestic"
5208.42.60,"Furnishing fabrics, other than pile and chenille fabrics"
5208.42.90,Other
5208.43,"-- 3-thread or 4-thread twill, including cross twill"
5208.43.10,Bleading Madras
5208.43.20,Shirting fabrics
5208.43.30,"Bedticking, damask"
5208.43.40,Flannelette
5208.43.90,Other
5208.49,Other fabrics
5208.49.10,Zari bordered sarees
5208.49.20,Real Madras Handkerchiefs
5208.49.29,Other
5208.49.90,Other <br> Printed:
5208.51,"-- Plain weave, weighing not more than 100 g/m2"
5208.51.10,Lungi
5208.51.20,Saree
5208.51.30,Shirting fabrics
5208.51.40,Casement
5208.51.50,Cambrics (including madapollam and jaconet)
5208.51.60,Mull (including limbric and willaya)
5208.51.70,Muslin (including lawn mulmul and organdy) of carded or combed yarn
5208.51.80,Voils (excluding leno fabricss)
5208.51.90,Other
5208.52,"-- Plain weave, weighing more than 100 g/m2"
5208.52.10,Lungi
5208.52.20,Saree
5208.52.30,Shirting fabrics
5208.52.40,Casement
5208.52.70,Muslin (including lawn mulmul and organdy) of carded or combed yarn
5208.52.80,Voils (excluding leno fabricss)
5208.52.90,Other
5208.59,Other fabrics
5208.59.10,Zari bordered sarees
5208.59.20,"Sarees, handloom"
5208.59.90,Other
5209.11,Plain weave
5209.11.11,Dhoti
5209.11.12,Saree
5209.11.13,Casement
5209.11.14,"Sheeting (takia, leopardcloth and other than furnishing)"
5209.11.19,Other
5209.11.90,Other
5209.12,"-- 3-thread or 4-thread twill, including cross twill"
5209.12.10,Saree
5209.12.20,Shirting fabrics
5209.12.30,Furnishing fabrics other than excluding pile and chenille fabricss
5209.12.40,Seersucker
5209.12.50,"Canvas, including duck – carded or combed yarn"
5209.12.60,Flannelette
5209.12.70,"Shetting (takia, leopart cloth)"
5209.12.90,Other
5209.19,Other fabrics
5209.19.00,Other fabrics <br> Bleached:
5209.21,Plain weave
5209.21.10,Saree
5209.21.20,Shirting fabrics
5209.21.30,Furnishing fabrics (excluding pile and chinille fabrics
5209.21.40,Seersucker
5209.21.50,Canvas (including duck) of carded or combed yarn
5209.21.60,Dhoti
5209.21.70,Flannellete
5209.21.80,"Sheeting( takia, leopart cloth)"
5209.21.90,Other
5209.22,"-- 3-thread or 4-thread twill, including cross twill"
5209.22.10,Shirting fabrics
5209.22.20,Furnishing fabrics (excluding pile and chinile fabrics)
5209.22.30,Drill
5209.22.90,Other
5209.29,Other fabrics
5209.29.10,"Dhoti and saree, zari bordered"
5209.29.20,"Dedsuti, Doosuti fabricss, ceretonnes and Osamburge"
5209.29.90,Other <br> Dyed:
5209.31,Plain weave
5209.31.10,Lungi
5209.31.20,Saree
5209.31.30,Shirting fabrics
5209.31.40,Furnishing fabrics (excluding pile and chenille fabrics)
5209.31.50,Seersucker
5209.31.60,"Bedticking, domestic(other than hand dyed)"
5209.31.70,"Canvas ( including duck), of carded or combed yarn"
5209.31.80,Flannellete
5209.31.90,Other
5209.32,"-- 3-thread or 4-thread twill, including cross twill"
5209.32.10,Shirting fabrics
5209.32.20,Furnishing fabricss (excluding pile and chinille fabrics)
5209.32.30,Drill
5209.32.90,Other
5209.39,Other fabrics
5209.39.10,Zari bordered sarees
5209.39.90,Other <br> Of yarn of different colours
5209.41,Plain weave
5209.41.10,Bleeding Madras
5209.41.20,Saree
5209.41.30,Shirting fabrics
5209.41.40,Furnishing fabrics (excluding pile and chinille fabrics)
5209.41.50,Seersucker
5209.41.60,"Bedticking, domestic(other than hand dyed)"
5209.41.70,Flannelette
5209.41.90,Other
5209.42,Denim
5209.42.00,Denim
5209.43,"-- Other fabrics of 3-thread or 4-thread twill, including cross twill"
5209.43.10,Bleeding Madras
5209.43.20,Shirting fabrics
5209.43.30,Furnishing fabrics (excluding pile and chenille fabrics)
5209.43.40,Coating (including suiting)
5209.43.90,Other
5209.49,Other fabrics
5209.49.10,Zari bordered sari
5209.49.90,Other <br> Printed:
5209.51,Plain weave
5209.51.11,of handloom
5209.51.19,other
5209.51.20,Saree
5209.51.30,Shirting fabrics
5209.51.40,Furnishing fabrics (excluding pile and chenille fabrics)
5209.51.50,Seersucker
5209.51.60,"Bedticking, domestic(other than hand dyed)"
5209.51.70,Flannelette
5209.51.90,Other
5209.52,"-- 3-thread or 4-thread twill, including cross twill"
5209.52.10,Shirting fabrics
5209.52.20,Furnishing fabrics (excluding pile and chenille fabrics)
5209.52.90,Other
5209.59,Other fabrics
5209.59.10,Zari bordered saree
5209.59.90,Other
5210,"cotton, mixed mainly or solely with man-made fibres, weighing not"
5210.11,Plain weave
5210.11.10,Shirting fabrics
5210.11.20,Saree
5210.11.90,Other
5210.19,Other fabrics
5210.19.00,Other fabrics <br> Bleached:
5210.21,Plain weave
5210.21.10,Shirting fabrics
5210.21.20,Poplin and broad fabrics
5210.21.30,Saree
5210.21.40,Shirting (including mazri)
5210.21.50,Voils
5210.21.90,Other <br> Other
5210.29,Other fabrics
5210.29.10,"Dhoti and saree, zari bordered"
5210.29.20,"Dedsuti, Doosuti, ceretonnes and Osamburge"
5210.29.90,Other <br> Dyed:
5210.31,Plain weave
5210.31.10,Shirting fabrics
5210.31.20,Coating (including suitings)
5210.31.30,Furnishing fabrics other than pile and chenaille fabricss
5210.31.40,Poplin and broad fabrics
5210.31.50,Saree
5210.31.60,Voils
5210.31.90,Other
5210.32,"-- 3-thread or 4-thread twill, including cross twill"
5210.32.10,Crepe fabrics including crepe checks
5210.32.20,Shirting fabrics
5210.32.30,"Bedticking, damask"
5210.32.90,Other
5210.39,Other fabrics
5210.39.10,Zari bordered sarees
5210.39.90,Other <br> Of yarns of different colours
5210.41,Plain weave
5210.41.10,Bleeding Madras
5210.41.20,Crepe fabrics (excluding crepe checks)
5210.41.30,Shirting fabrics
5210.41.40,Suitings
5210.41.50,Poplin and broad fabrics
5210.41.60,Saree
5210.41.70,Voils
5210.41.90,Other
5210.49,Other fabrics
5210.49.10,Zari bordered sari
5210.49.90,Other <br> Printed:
5210.51,Plain weave
5210.51.10,Shirting fabrics
5210.51.20,Casement
5210.51.30,Saree
5210.51.40,Poplin and broad fabrics
5210.51.50,Voils
5210.51.90,Other
5210.59,Other fabrics
5210.59.10,Zari bordered saree
5210.59.90,Other
5211,"cotton, mixed mainly or solely with man-made fibres, weighing more"
5211.11,Plain weave
5211.11.10,Shirting fabrics
5211.11.20,Saree
5211.11.90,Other
5211.12,"-- 3-thread or 4-thread twill, including cross twill"
5211.12.10,Shirting fabrics
5211.12.20,"Twill, not elsewhere specified (including gaberdine)"
5211.12.30,Damask
5211.12.90,Other
5211.19,Other fabrics
5211.19.00,Other fabrics
5211.20,Bleached
5211.20.10,Shirting fabrics
5211.20.20,Convas(including duck) of carded or combed yarn
5211.20.30,flannelette
5211.20.40,Saree
5211.20.50,Crepe fabrics including crepe checks
5211.20.60,Twill Fabricss
5211.20.91,Zari bordered sari
5211.20.92,"Dedsuti, Doosuti, ceretonnes and Osamburge"
5211.20.99,Other <br> Dyed
5211.31,Plain weave
5211.31.10,Shirting fabrics
5211.31.20,Canvas (including duck) of carded or combed yarn
5211.31.30,Coating (including suitings)
5211.31.40,Flannellette
5211.31.50,Saree
5211.31.90,Other
5211.32,"-- 3-thread or 4-thread twill, including cross twill"
5211.32.10,Crepe fabrics including crepe checks
5211.32.20,Shirting fabrics
5211.32.30,"Twill, not elsewhere specified (including gaberdine)"
5211.32.40,Trousers/pant fabricss (excluding jeans and crepe)
5211.32.90,Other
5211.39,Other fabrics
5211.39.10,Zari bordered sarees
5211.39.90,Other <br> Of yarns of different colours
5211.41,Plain weave
5211.41.10,Bleeding Madras
5211.41.20,Check shirting (excluding crepe checks)
5211.41.30,Shirting
5211.41.40,Suitings
5211.41.50,Flannelette
5211.41.60,Saree
5211.41.70,Parachute fabrics
5211.41.90,Other
5211.42,Denim
5211.42.00,Denim
5211.43,"-- Other fabrics of 3-thread or 4-thread twill, including cross twill"
5211.43.10,Bleeding Madras
5211.43.20,Crepe fabrics
5211.43.30,Shirting fabrics
5211.43.40,Suitings
5211.43.90,Other
5211.49,Other fabrics
5211.49.10,Zari bordered sarees
5211.49.90,Other
5211.51,Plain weave
5211.51.10,Shirting fabrics
5211.51.20,Furnishing fabrics
5211.51.30,Flannelette
5211.51.40,Longcloth (chintz)
5211.51.50,Saree
5211.51.90,Other
5211.52,"-- 3-thread or 4-thread twill, including cross twill"
5211.52.10,Crepe fabrics including crepe checks
5211.52.20,Shirting fabrics
5211.52.30,"Twill, not elsewhere specified (including gaberdine)"
5211.52.90,Other
5211.59,Other fabrics
5211.59.10,Zari bordered saree
5211.59.90,Other
5212,Other woven fabrics of cotton.
5212.11,Unbleached
5212.11.00,Unbleached
5212.12,Bleached
5212.12.00,Bleached
5212.13,Dyed
5212.13.00,Dyed
5212.14,of yarns of different colours
5212.14.00,Of yarns of different colours
5212.15,Printed
5212.15.00,Printed
5212.21,Unbleached
5212.21.00,Unbleached:
5212.22,Bleached
5212.22.00,Bleached
5212.23,Dyed
5212.23.00,Dyed
5212.24,of yarns of different colours
5212.24.00,Of yarns of different colours
5212.25,Printed
5212.25.00,Printed
5301.10,"Flax, raw or retted"
5301.10.00,"Flax, raw or retted"
5301.21,Broken or scutched
5301.21.00,Broken or scutched
5301.29,Other
5301.29.00,Other
5301.30,Flax tow and Waste
5301.30.00,Flax tow and waste
5302.10,"- True hemp, raw or retted"
5302.10.00,"Ture hemp, raw or retted"
5302.90,Other
5302.90.00,Other
5303,"ramie), raw or processed but not spun; tow and waste of these"
5303.10,"Jute and Other textile bast fibres, raw or retted"
5303.10.10,"Jute,raw or retted"
5303.10.90,Other
5303.90,Other
5303.90.10,Jute cutting
5303.90.90,Other
5305.00.10,Coir bristle fibre
5305.00.20,Coir mattress fibre
5305.00.30,Curled or machine twisted Coir fibre
5305.00.40,Coir pith
5305.00.50,Of Abaca:
5305.00.90,Of other
5306,Flax yarn.
5306.10,single
5306.10.10,Put up for retail sale
5306.10.90,Other
5306.20,Multiple (folded) or cabled
5306.20.10,Put up for retail sale
5306.20.90,Other
5307,Yarn of jute or of other textile bast fibres of heading 5303.
5307.10,single
5307.10.10,Of jute
5307.10.90,Other
5307.20,Multiple (folded) or cabled
5307.20.00,Multiple (folded) or cabled
5308,Yarn of other vegetable textile fibres; paper yarn.
5308.10,Coir yarn
5308.10.10,Baled
5308.10.20,Spooled Hanks
5308.10.90,Other
5308.20,- True hemp yarn
5308.20.00,True hemp yarn
5308.90,Other
5308.90.10,Ramie yarn
5308.90.90,Other
5309,Woven fabrics of flax.
5309.11,Unbleached or Bleached
5309.11.10,Unbleached
5309.11.20,Bleached
5309.19,Other
5309.19.10,Dyed
5309.19.20,Printed
5309.19.90,Other <br> Containing less than 85% by weight of flax:
5309.21,Unbleached or Bleached
5309.21.10,Unbleached
5309.21.20,Bleached
5309.29,Other
5309.29.10,Dyed
5309.29.20,Printed
5309.29.90,Other
5310,Woven fabrics of jute or of other textile bast fibres of heading 53.03.
5310.10,Unbleached <br> Containing 100% by weight of jute:
5310.10.11,Carpet backing fabrics
5310.10.12,Sacking fabrics
5310.10.13,Hessian fabrics
5310.10.14,Jute canvas
5310.10.19,Other <br> Other:
5310.10.91,Woven blended fabrics containing more than 50% by weight of Jute
5310.10.92,Stranded woven fabrics of jute containing 50% or more by weight jute
5310.10.93,Jute swim fabrics
5310.10.99,Other
5310.90,Other
5310.90.10,Bleached
5310.90.20,Decorative Fabrics <br> Other:
5310.90.91,Bleached
5310.90.92,Dyed
5310.90.93,Printed
5310.90.99,Other
5311.00.11,Unbleached
5311.00.12,Bleached
5311.00.13,Dyed
5311.00.14,Printed
5311.00.15,Of coir including log form and geotextiles
5311.00.19,Other
5311.00.21,Unbleached
5311.00.22,Bleached
5311.00.23,Dyed
5311.00.24,Printed
5311.00.29,Other
5401.10,of synthetic filaments
5401.10.00,Of synthetic filaments
5401.20,of artificial filaments
5401.20.00,Of artificial filaments
5402.11,of aramids
5402.11.10,High tenacity yarn of nylon or other polyamides: Of aramids
5402.19,Other
5402.19.10,Other: Nylon tyre yarn
5402.19.90,Other
5402.20,"High tenacity yarn of polyesters, whether or not textured"
5402.20.10,Of terylene dacron
5402.20.90,Other <br> Textured yarn:
5402.32.00,"Of nylon or other polyamides, measuring per single yarn more than 50 tex"
5402.33,of polyesters
5402.33.00,Of polyesters
5402.34,of polypropylene
5402.34.00,Of Polypropylene
5402.39,Other
5402.39.10,Polypropylene filament yarn
5402.39.20,Acrylic filament yarn
5402.44,Elastomeric
5402.44.00,ELASTOMERIC YARN OF PLYESTERS
5402.45.00,"Other, of nylon or Other polyamides"
5402.46,"Other, of polyesters, partially Oriented"
5402.46.00,"Of polyesters, partially oriented"
5402.47,"Other, of polyesters"
5402.47.00,Other Of polyesters
5402.48,"Other, of polypropylene"
5402.48.00,Non elastomeric yarn of polypropylene
5402.49,Other
5402.49.00,"Other <br> other yarn, isngh, with a twist exceeding 50 turn per metre :"
5402.51,of nylon or Other polyamides
5402.51.00,Of nylon or other polyamides
5402.52,of polyesters
5402.52.00,Of polyesters
54025300,Of polypropylene
5402.59,Other
5402.59.10,Polypropylene filament yarn
5402.59.90,"Other <br> Other yarn, multiple (folded) or cabled:"
5402.61,of nylon or Other polyamides
5402.61.00,Of nylon or other polyamides
5402.62,of polyesters
5402.62.00,Of polyesters
54026300,Of polypropylene
5402.69,Other
5402.69.10,Polyvinyl acetate filament yarn
5402.69.20,Polyvinyl chloride filament yarn
5402.69.30,Polypropylene filament yarn
5402.69.40,Acrylic filament yarn
5402.69.50,Polytetrafluoroethylene yarn
5402.69.90,Other
5403.10,High tenacity yarn of viscose rayon
5403.10.10,"Viscose rayon tyre yarn – 1,233 decitex"
5403.10.20,"Viscose rayon tyre yarn – 1,833 decitex"
5403.10.90,"Other <br> Other yarn, single:"
5403.32,"-- Of viscose rayon, with a twist exceeding 120 turns per metre"
5403.32.00,"Of viscose rayon, with a twist exceeding 120 turns per meter"
5403.33,of cellulose acetate
5403.33.00,Of cellulose acetate
5403.39,Other
5403.39.10,Cuprammonium rayon
5403.39.90,"Other <br> Other yarn, multiple (folded) or cabled:"
5403.41,of viscose rayon
5403.41.10,Upto 67 decitex
5403.41.20,Of 83 decitex
5403.41.30,"Of 111 decitex, bright"
5403.41.40,"Of 111 decitex, dull"
5403.41.50,"Of 133 decitex, bright"
5403.41.60,"Of 133 decitex, dull"
5403.41.70,"Of 167 decitex, bright"
5403.41.80,"Of 167 decitex, dull"
5403.41.90,Other
5403.42,of cellulose acetate
5403.42.10,"Acetate rayon filament yarn, 83 decitex"
5403.42.20,"Acetate rayon filament yarn, 111 decitex"
5403.42.30,"Acetate rayon filament yarn, 133 decitex"
5403.42.40,"Acetate rayon filament yarn, 167 decitex"
5403.42.50,"Acetate rayon filament yarn, 333 decitex"
5403.42.90,other
5403.49,Other <br> Cuprammonium filament yarn ;
5403.49.11,Of 33 decitex
5403.49.12,Of 44 decitex
5403.49.13,Of 67 decitex
5403.49.14,Of 83 decitex
5403.49.15,Of 89 decitex
5403.49.19,Other
5403.49.90,Other
5404.11,Elastomeric
5404.11.00,Monofilament: Elastomeric
5404.12,"Other, of polypropylene"
5404.12.00,"Other, of Polypropylene"
5404.19,Other
5404.19.10,"Catgut imitation of synthetic yarn,non sterile"
5404.19.20,Strip and the like of syntheitic fibre material
5404.19.90,Other
5404.90,Other
5404.90.10,"Catgut imitation of synthetic yarn, non-sterile"
5404.90.20,Strip and the like of synthetic fibre materials
5404.90.90,Other
5406.00.10,Synthetic filament yarn
5406.00.20,Artificial filament yarn
5407.10.11,Parachute fabric
5407.10.12,Tent fabrics
5407.10.13,Nylon furnishing fabrics
5407.10.14,Umbrella cloth panel fabrics
5407.10.15,Other nylon and polyamide fabrics (filament)
5407.10.16,Polyester suiting
5407.10.19,Other polyester fabrics <br> Bleached:
5407.10.21,Parachute fabric
5407.10.22,Tent fabrics
5407.10.23,Nylon furnishing fabrics
5407.10.24,Umbrella cloth panel fabrics
5407.10.25,Other nylon and polyamide fabrics of filament yarn
5407.10.26,Polyester suiting
5407.10.29,Other <br> Dyed:
5407.10.31,Parachute Fabrics
5407.10.32,Tent fabrics
5407.10.33,Nylon furnishing fabrics
5407.10.34,Umbrella cloth panel fabrics
5407.10.35,Other nylon and polyamide fabrics (filament)
5407.10.36,Polyester suiting
5407.10.39,Other <br> Printed:
5407.10.41,Parachute fabric
5407.10.42,Tent fabrics
5407.10.43,Nylon furnishing fabrics
5407.10.44,Umbrella cloth panel fabrics
5407.10.45,Other nylon and polyamide fabrics (filament)
5407.10.46,Polyester suiting
5407.10.49,Other <br> Other:
5407.10.91,Parachute fabrics
5407.10.92,Tent fabrics
5407.10.93,Nylon furnishing fabrics
5407.10.94,Umbrella cloth panel fabrics
5407.10.95,Other nylon and polyamide fabrics of filament yarn
5407.10.96,Polyester suiting
5407.10.99,Other
5407.20,woven fabrics obtained from strip or the like
5407.20.10,Unbleached
5407.20.20,Bleached
5407.20.30,Dyed
5407.20.40,Printed
5407.20.90,Other
5407.30,- Fabrics specified in Note 9 to Section XI
5407.30.10,Unbleached
5407.30.20,Bleached
5407.30.30,Dyed
5407.30.40,Printed
5407.41,Unbleached or Bleached
5407.41.11,Nylon brasso
5407.41.12,Nylon georgette
5407.41.13,Nylon tafetta
5407.41.14,Nylon sarees
5407.41.19,Other <br> Bleached:
5407.41.21,Nylon brasso
5407.41.22,Nylon georgette
5407.41.23,Nylon tafetta
5407.41.24,Nylon sarees
5407.41.29,Other
5407.42,Dyed
5407.42.10,Nylon brasso
5407.42.20,Nylon georgette
5407.42.30,Nylon tafetta
5407.42.40,Nylon sarees
5407.42.90,Other
5407.43,of yarns of different colours
5407.43.00,Of yarn of different colours
5407.44,Printed
5407.44.10,Nylon brasso
5407.44.20,Nylon georgette
5407.44.30,Nylon tafetta
5407.44.40,"Nylon sarees,"
5407.51,Unbleached or Bleached
5407.51.11,Polyester shirtings
5407.51.19,Other <br> Bleached:
5407.51.21,Polyester shirtings
5407.51.29,Other
5407.52,Dyed
5407.52.10,Polyester shirtings
5407.52.20,Polyester suitings
5407.52.30,Terylene and dacron sarees
5407.52.40,Polyester sarees
5407.52.90,Other
5407.53,of yarns of different colours
5407.53.00,Of yarns of different colours
5407.54,Printed
5407.54.10,Terylene and dacron sarees
5407.54.20,Polyester shirtings
5407.54.30,Polyester sarees
5407.61.10,Polyester shirtings
5407.61.20,Polyester suitings
5407.61.90,Other
5407.69,Other
5407.71,Unbleached or Bleached
5407.71.10,Unbleached
5407.71.20,Bleached
5407.72,Dyed
5407.72.00,Dyed
5407.73,of yarns of different colours
5407.73.00,Of yarns of different colours
5407.74,Printed
5407.74.00,Printed
5407.81,Unbleached or Bleached
5407.81.11,Nylon georgette
5407.81.12,Nylon sarees
5407.81.13,Polyester shirtings
5407.81.14,Polyester suitings
5407.81.15,Terylene and dacron sarees
5407.81.16,Polyester dhoti
5407.81.19,Other <br> Bleached:
5407.81.21,Nylon georgette
5407.81.22,Nylon sarees
5407.81.23,Polyester shirtings
5407.81.24,Polyester suitings
5407.81.25,Terylene and dacron sarees
5407.81.26,Polyester dhoti
5407.81.29,Other <br> Dyed
5407.82,Dyed
5407.82.10,Nylon georgette
5407.82.20,Nylon sarees
5407.82.30,Polyester shirtings
5407.82.40,Polyester suitings
5407.82.50,Terylene and dacron sarees
5407.82.60,Lungies
5407.82.90,Other
5407.83,of yarns of different colours
5407.83.00,Of yarns of different colours
5407.84,Printed
5407.84.10,Nylon georgette
5407.84.20,Nylon Sarees
5407.84.30,Polyester shirtings
5407.84.40,Polyester suitings
5407.84.50,Terylene and dacron sarees
5407.84.60,Lungies
5407.84.70,Polyester sarees
5407.84.90,Other <br> Other woven fabrics
5407.91,Unbleached or Bleached
5407.91.10,Unbleached
5407.91.20,Bleached
5407.92,Dyed
5407.92.00,Dyed
5407.93,of yarns of different colours
5407.93.00,Of yarns of different colours
5407.94,Printed
5407.94.00,Printed
5408.10,woven fabrics obtained from High tenacity yarn of viscose rayon
5408.10.00,Woven fabrics obtained from high tenacity yarn of viscose rayon
5408.21,Unbleached or Bleached
5408.21.10,Unbleached
5408.21.20,Bleached
5408.22,Dyed
5408.22.11,Rayon crepe fabrics
5408.22.12,Rayon jacquards
5408.22.13,Rayon broacades
5408.22.14,Rayon georgette
5408.22.15,Rayon tafetta
5408.22.16,Rayon suitings
5408.22.17,Rayon shirtings
5408.22.18,Rayon sarees
5408.22.19,Other
5408.22.20,"Fabrics of continuous filament, other than rayon"
5408.22.90,Other
5408.23,of yarns of different colours
5408.23.00,Of yarns of different colour
5408.24,Printed
5408.24.11,Rayon crepe fabrics
5408.24.12,Rayon jacquards
5408.24.13,Rayon broacades
5408.24.14,Rayon georgette
5408.24.15,Rayon tafetta
5408.24.16,Rayon suitings
5408.24.17,Rayon shirtings
5408.24.18,Rayon sarees -
5408.24.19,Other
5408.24.90,Other <br> Other woven fabrics:
5408.31,Unbleached or Bleached
5408.31.10,Unbleached
5408.31.20,Bleached
5408.32,Dyed
5408.32.11,Rayon broacades
5408.32.12,Rayon georgette
5408.32.13,Rayon tafetta
5408.32.14,Rayon suitings
5408.32.15,Rayon shirtings
5408.32.19,Other
5408.32.90,Other
5408.33,of yarns of different colours
5408.33.00,Of yarns of different colours
5408.34,Printed
5408.34.11,Rayon crepe fabrics
5408.34.12,Rayon jacquards
5408.34.13,Rayon broacades
5408.34.14,Rayon georgette
5408.34.15,Rayon tafetta
5408.34.16,Rayon suitings
5408.34.17,Rayon shirtings
5408.34.18,"Rayon sarees,"
5408.34.19,other
5408.34.20,"Fabrics of continuous filament, other than rayon"
5408.34.90,other
5501,Synthetic filament tow.
5501.10,of nylon or Other polyamides
5501.10.00,Of nylon or other polyamides
5501.20,of polyesters
5501.20.00,Of polyesters
5501.30,Acrylic or modacrylic
5501.30.00,Acrylic or modacrylic
5501.40,of polypropylene
5501.40.00,Of Polypropylene
5501.90,Other
5501.90.10,Of Polypropylene
5501.90.90,Other
5502,Artificial filament tow.
550210,Of cellulose acetate:
55021010,Viscose rayon tow
55021090,Other
550290,Other:
55029010,Viscose rayon tow
55029090,Other
5503.11,of aramids
5503.11.00,Of nylon or other polyamides: Of aramids
5503.19,Other
5503.19.00,Other
5503.20,of polyesters
5503.20.00,Of polyesters
5503.30,Acrylic or modacrylic
5503.30.00,Acrylic or modacrylic
5503.40,of polypropylene
5503.40.00,Of polypropylene
5503.90,Other
5503.90.10,Polyvinyl staple fibre
5503.90.20,Polyvinyl chloride staple fibre
5503.90.90,Other
5504.10,of viscose rayon
5504.10.00,Of viscose rayon
5504.90,Other
5504.90.10,Acetate rayon staple fibres
5504.90.20,Polynosic staple fibre
5504.90.30,High wet modulus staple fibre
5504.90.90,Other
5505.10,of synthetic fibres
5505.10.10,Of acrylic
5505.10.90,Other
5505.20,of artificial fibres
5505.20.00,Of artificial fibres
5506.10,of nylon or Other polyamides
5506.10.00,Of nylon or other polyamides
5506.20,of polyesters
5506.20.00,Of polyesters
5506.30,Acrylic or modacrylic
5506.30.00,Acrylic or modacrylic
55064000,Of polypropylene
5506.90,Other
5506.90.10,Polypropylene tops
5506.90.90,Other
5507.00.10,Acetate rayon tops
5507.00.20,Viscose tops
5507.00.30,Polynosic tops
5507.00.40,High wet modulus tops
5507.00.90,Other
5508.10,of synthetic staple fibres
5508.10.00,Of synthetic staple fibres
5508.20,of artificial staple fibres
5508.20.00,Of artificial staple fibres
5509.11,single yarn
5509.11.00,Single yarn
5509.12,Multiple (folded) or cabled yarn
5509.12.00,Multiple (folded) or cabled yarn
5509.21,single yarn
5509.21.00,Single yarn
5509.22,Multiple (folded) or cabled yarn
5509.22.00,Multiple (folded) or cabled yarn
5509.31,single yarn
5509.31.00,Single yarn
5509.32,Multiple (folded) or cabled yarn
5509.32.00,Multiple (folded) or cabled yarn
5509.41,single yarn
5509.41.10,Polypropylene spun yarn
5509.41.20,Polyvinyl acetate spun yarn
5509.41.30,Polyvinyl chloride spun yarn
5509.41.90,Other
5509.42,Multiple (folded) or cabled yarn
5509.42.10,Polypropylene spun yarn
5509.42.20,Poly Vinyl acetate (PVA) spun yarn
5509.42.30,Poly Vinyl Chloride (PVC) spun yarn
5509.42.90,"Other <br> Other yarn, of polyester staple fibres:"
5509.51,Mixed Mainly or solely with artificial staple fibres
5509.51.00,Mixed mainly or solely with artificial staple fibres
5509.52,Mixed Mainly or solely with wool or fine animal hair
5509.52.00,Mixed mainly or solely with wool or fine animal hair
5509.53,Mixed Mainly or solely with cotton
5509.53.00,Mixed mainly or solely with cotton
5509.59,Other
5509.59.00,"Other <br> Other yarn, of acrylic or modacrylic staple fibres:"
5509.61,Mixed Mainly or solely with wool or fine animal hair
5509.61.00,Mixed mainly or solely with wool or fine animal hair
5509.62,Mixed Mainly or solely with cotton
5509.62.00,Mixed mainly or solely with cotton
5509.69,Other
5509.69.00,Other <br> Other yarn:
5509.91,Mixed Mainly or solely with wool or fine animal hair
5509.91.00,Mixed mainly or solely with wool or fine animal hair
5509.92,Mixed Mainly or solely with cotton
5509.92.00,Mixed mainly or solely with cotton
5509.99,Other
5509.99.00,Other
5510.11,single yarn
5510.11.10,Viscose rayon spun yarn
5510.11.20,Acetate rayon spun yarn
5510.11.90,Other
5510.12,Multiple (folded) or cabled yarn
5510.12.10,Viscose rayon spun yarn
5510.12.20,Acetate rayon spun yarn
5510.12.90,Other
5510.20,"Other yarn, Mixed Mainly or solely with wool or fine animal hair"
5510.20.10,Viscose rayon spun yarn
5510.20.20,Acetate rayon spun yarn
5510.20.90,Other
5510.30,"Other yarn, Mixed Mainly or solely with cotton"
5510.30.10,Viscose rayon spun yarn
5510.30.20,Acetate rayon spun yarn
5510.30.90,Other
5510.90,Other yarn
5510.90.10,Viscose rayon spun yarn
5510.90.20,Acetate rayon spun yarn
5510.90.90,Other
5511.10.00,"Of synthetic staple fibres, containing 85% or more by weight of such fibres"
5511.30,of artificial staple fibres
5511.30.10,Containing more than 85% by weight of staple fibre
5511.30.90,Other
5512.11,Unbleached or Bleached
5512.11.10,Unbleached
5512.11.20,Bleached
5512.19,Other
5512.19.10,Dyed
5512.19.20,Printed
5512.21,Unbleached or Bleached
5512.21.10,Unbleached
5512.21.20,Bleached
5512.29,Other
5512.29.10,Dyed
5512.29.20,Printed
5512.29.90,Other <br> Other:
5512.91,Unbleached or Bleached
5512.91.10,Unbleached
5512.91.20,Bleached
5512.99,Other
5512.99.10,Dyed
5512.9920,Printed woven fabrics
5512.9990,other
5513,"by weight of such fibres, mixed mainly or solely with cotton, of a"
551311,"Of polyester staple fibres, plain weave:"
55131110,Unbleached
55131120,Bleached
5513.12.10,Unbleached
5513.12.20,Bleached
5513.13,Other woven fabrics of polyester staple fibres
5513.13.10,Unbleached
5513.13.20,Bleached
5513.19,Other woven fabrics
5513.19.10,Unbleached
5513.19.20,Bleached
5513.21,"of polyester staple fibres, Plain weave"
5513.21.00,"Of polyester staple fibres, plain weave"
5513.23.00,Other woven fabrics of polyester staple fibres
5513.29.00,Other woven fabrics
5513.31.00,"Of polyester staple fibres, plain weave"
5513.39.00,Other woven fabrics
5513.41.00,"Of polyester staple fibres, plain weave"
5513.49.00,Other woven fabrics
5514,"by weight of such fibres, mixed mainly or solely with cotton, of a"
5514.11,"of polyester staple fibres, Plain weave"
5514.11.10,Unbleached
5514.11.20,Bleached
5514.12.10,Unbleached
5514.12.20,Bleached
5514.19,Other woven fabrics
5514.19.10,Unbleached
5514.19.20,Bleached <br> dyed
5514.21,"of polyester staple fibres, Plain weave"
5514.21.00,"Of polyester staple fibres, plain weave"
5514.23.00,Other woven fabrics of polyester staple fibres
5514.29.00,Other woven fabrics
5514.30,of yarns of different colours
5514.30.11,"of polyester staple fibres, Plain weave"
5514.30.12,"3-thread or 4-thread twill, including cross twill, of polyester staple fibres"
5514.30.13,Other woven fabrics of polyester staple fibres
5514.30.19,Other woven fabrics <br> Printed
5514.41.00,"of polyester staple fibres, Plain weave"
5514.42.00,"3-thread or 4-thread twill, including cross twill, of polyester staple fibres"
5514.43,Other woven fabrics of polyester staple fibres
5514.43.00,Other woven fabrics of polyester staple fibres
5514.49,Other woven fabrics
5514.49.00,Other woven fabrics
5515,Other woven fabrics of synthetic staple fibres.
5515.11,Mixed Mainly or solely with viscose rayon staple fibres
5515.11.10,Unbleached
5515.11.20,Bleached
5515.11.30,Dyed
5515.11.40,Printed
5515.11.90,Other
5515.12,Mixed Mainly or solely with man-made filaments
5515.12.10,Unbleached
5515.12.20,Bleached
5515.12.30,Dyed
5515.12.40,Printed
5515.12.90,Other
5515.13,Mixed Mainly or solely with wool or fine animal hair
5515.13.10,Unbleached
5515.13.20,Bleached
5515.13.30,Dyed
5515.13.40,Printed
5515.13.90,Other
5515.19,Other
5515.19.10,Unbleached
5515.19.20,Bleached
5515.19.30,Dyed
5515.19.40,Printed
5515.19.90,Other <br> Of acrylic or modacrylic staple fibres
5515.21,Mixed Mainly or solely with man-made filaments
5515.21.10,Unbleached
5515.21.20,Bleached
5515.21.30,Dyed
5515.21.40,Printed
5515.21.90,Other
5515.22,Mixed Mainly or solely with wool or fine animal hair
5515.22.10,Unbleached
5515.22.20,Bleached
5515.22.30,Dyed
5515.22.40,Printed
5515.22.90,Other
5515.29,Other
5515.29.10,Unbleached
5515.29.20,Bleached
5515.29.30,Dyed
5515.29.40,Printed
5515.29.90,Other <br> Other woven fabrics :
5515.91,Mixed Mainly or solely with man-made filaments
5515.91.10,Unbleached
5515.91.20,Bleached
5515.91.30,Dyed
5515.91.40,Printed
5515.91.90,Other :
5515.99,Other
5515.99.10,Unbleached
5515.99.20,Bleached
5515.99.30,Dyed
5515.99.40,Printed
5515.99.90,Other
5516,Woven fabrics of artificial staple fibres.
5516.11,Unbleached or Bleached
5516.11.10,Unbleached
5516.11.20,Bleached
5516.12,Dyed
5516.12.00,Dyed
5516.13,of yarns of different colours
5516.13.00,Of yarns of different colours
5516.14,Printed
5516.14.10,Spun rayon printed shantung
5516.14.20,Spun rayon printed linen
5516.21,Unbleached or Bleached
5516.21.10,Unbleached
5516.21.20,Bleached
5516.22,Dyed
5516.22.00,Dyed :
5516.23,of yarns of different colours
5516.23.00,Of yarns of different colours
5516.24,Printed
5516.31,Unbleached or Bleached
5516.31.10,Unbleached
5516.31.20,Bleached
5516.32,Dyed
5516.32.00,Dyed
5516.33,of yarns of different colours
5516.33.00,Of yarns of different colours
5516.34,Printed
5516.41,Unbleached or Bleached
5516.41.10,Unbleached
5516.41.20,Bleached
5516.42,Dyed
5516.42.00,Dyed
5516.43,of yarns of different colours
5516.43.00,Of yarns of different colours
5516.44,Printed
5516.44.00,Printed <br> Others
5516.91,Unbleached or Bleached
5516.91.10,Unbleached
5516.91.20,Bleached
5516.92,Dyed
5516.92.00,Dyed
5516.93,of yarns of different colours
5516.93.00,Of yarns of different colours
5516.94,Printed
5516.94.00,Printed
5601,"(FLOCK), TEXTILE DUST AND MILL NEPS Wadding of textile"
560121,Of cotton:”;
5601.21.10,Absorbent cotton wool
5601.21.90,Other
5601.22,of man-made fibres
5601.22.00,Of man-made fibres
5601.29,Other
5601.29.00,Other
5601.30,textile flock and dust and mill neps
5601.30.00,Textile flock and dust and mill neps
5602,"Felt, whether or not impregnated, coated, covered or laminated."
5602.10,Needleloom felt and stitch-bonded fibre fabrics
5602.10.00,Needleloom felt and stitch-bonded fibre fabrics
5602.21.00,Of wool or fine animal hair
5602.29,- of Other textile materials
5602.29.10,Of machines other than cotton machinery
5602.29.20,"Of jute (including blanded or union jute), other than for machinery."
5602.29.90,Other
5602.90,- Other
5602.90.10,"Of Rubberised coir, needled felt"
5602.90.90,Other
5603.11,-- Weighing not more than 25 g/m²
5603.11.00,Weighing not more than 25 g/m2
5603.12,-- Weighing more than 25 g/m² but not more than 70 g/m²
5603.12.00,Weighing more than 25 g/m2 but not more than 70 g/m2
5603.13,-- Weighing more than 70 g/m² but not more than 150 g/m²
5603.13.00,Weighing more than 70 g/m2 but not more than 150 g/m2
5603.14,-- Weighing more than 150 g/m²
5603.14.00,Weighing more than 150 g/m2 <br> Other :
5603.91,-- Weighing not more than 25 g/m²
5603.91.00,Weighing not more than 25 g/m2 :
5603.92,-- Weighing more than 25 g/m² but not more than 70 g/m²
5603.92.00,Weighing more than 25 g/m2 but not more than 70 g/m2
5603.93,-- Weighing more than 70 g/m² but not more than 150 g/m²
5603.93.00,Weighing more than 70 g/m2 but not more than 150 g/m2
5603.94,-- Weighing more than 150 g/m²
5603.94.00,Weighing more than 150 g/m2
5604,"the like of heading 5404 or 5405, impregnated, coated, covered or"
5604.10,"rubber thread and cord, textile Covered"
5604.10.00,"Rubber thread and cord, textile covered"
5604.90,Other
5604.90.00,OTHER
5605,"the like of heading 5404 or 5405, combined with metal in the form of"
5605.00,"the like of heading 5404 or 5405, combined with metal in the form of"
5605.00.10,"Real zari thread (gold) and silver thread, combined with textile thread)"
5605.00.20,Imitation zari thread
5605.00.90,Other
5606,(other than those of heading 5605 and gimped horsehair yarn);
5606.00,(other than those of heading 5605 and gimped horsehair yarn);
5606.00.10,"Trimmings, of cotton"
5606.00.20,"Trimmings, of man-made fibres"
5606.00.30,"Trimmings, of zari"
5606.00.90,Other
5607,"and whether or not impregnated, coated, covered or sheathed with"
5607.21,Binder or baler twine
5607.21.00,Binder or baler twine
5607.29,Other
5607.29.00,Other
5607.41,Binder or baler twine
5607.41.00,Binder or baler twine
5607.49,Other
5607.49.00,Other <br> Of polyethylene or polypropylene:
5607.50,of Other synthetic fibres
5607.50.10,Nylon fish net twine
5607.50.20,Nylon tyre cord
5607.50.30,Viscose tyre cord
5607.50.40,Nylon rope
5607.50.90,Other
5607.90,Other
5607.90.10,"Coir, cordage and ropes, other than of cotton"
5607.90.20,"Cordage, cable ropes and twine, of cotton"
5607.90.90,OTHER
5608.11,made up fishing nets
5608.11.10,Made up fishing nets of nylon
5608.11.90,Other
5608.19,Other
5608.19.00,Other
5608.90,Other
5608.90.10,Of cotton
5608.90.20,Of jute
5608.90.90,Other
5609.00.10,Products of coir
5609.00.20,Articles made up of cotton yarn
5609.00.30,Articles made up of jute
5609.00.90,Other
5701.10,of wool or fine animal hair
5701.10.00,Of wool or fine animal hair
5701.90,of Other textile materials
5701.90.10,Of cotton
5701.90.90,Other
5702,"flocked, whether or not made up, including “Kelem”, “Schumacks”,"
5702.10,"“Kelem”, “Schumacks”, “Karamanie” and similar Hand-woven rugs"
5702.10.00,"Kelem, Schumacks, Karamanie and similar hand-woven rugs"
5702.20,Floor coverings of coconut fibres (Coir)
5702.20.10,"Coir matting, woven"
5702.20.20,Coir carpets and other rugs
5702.20.90,"Other <br> Other, of pile construction, not made up:"
5702.31,of wool or fine animal hair
5702.31.10,Carpets
5702.31.20,Druggets
5702.31.30,Mats and matting
5702.31.40,"Carpeting , floor rugs and the like"
5702.31.90,Other
5702.32,of man-made textile materials
5702.32.10,"Carpets, carpeting and rugs the like"
5702.32.20,Mats and matting
5702.32.90,Other
5702.39,of Other textile materials
5702.39.10,Carpets and other floor coverings other than durries of cotton
5702.41,of wool or fine animal hair
5702.41.10,Carpets
5702.41.20,Druggets
5702.41.30,Mats and matting
5702.41.90,Other
5702.42,of man-made textile materials
5702.42.10,"Carpets, carpeting and rugs"
5702.42.20,Mats and mattings
57024230,"Carpets, rugs and mats of handloom"
5702.42.90,Other
5702.49,of Other textile materials
5702.49.10,Carpets and other floor coverings other than durries of cotton
5702.49.20,"Carpets and other floor coverings, of silk"
5702.49.90,Other
5702.50,"Other, Not of pile construction, Not made up"
5702.50.22,Mats and matting
5702.50.29,Other <br> Of other textile material
5702.50.32,"Carpets and other floor coverings, of silk"
5702.50.33,Place mat and other similar goods
5702.50.39,"Other <br> Other, not of pile construction, made up:"
5702.91,of wool or fine animal hair
5702.91.10,Carpets
5702.91.20,Druggets
5702.91.30,Mats and matting
5702.91.90,Other
5702.92,of man-made textile materials
5702.92.10,"Carpets, carpeting and rugs"
5702.92.20,Mats and mattings
5702.92.90,Other
5702.99,of Other textile materials
5702.99.10,"Carpets and other floor coverings, of cotton other than durries"
5702.99.20,"Carpets and other floor coverings, of silk"
5702.99.90,Other
5703.10,of wool or fine animal hair
5703.10.10,Carpets
5703.10.20,Mats and matting
5703.10.90,Other
5703.20,of nylon or Other polyamides
5703.20.10,"Carpets, carpeting and rugs"
5703.20.90,Other
5703.30,of Other man-made textile materials
5703.30.10,"Carpets, carpeting & rugs"
5703.30.90,Other
5703.90,of Other textile materials
5703.90.10,"Carpets and other floor coverings, of cotton, other than durries"
57039020,Carpets and floor coverings of Coir
5703.90.90,Other
5704.10,"- Tiles, having a maximum surface area of 0.3 m²"
5704.10.00,"Tiles, having a maximum surface area of 0 3 m2"
5704,20
57042010,Cotton
57042020,"Woollen, other than artware"
57042090,Other
5704.90,Other
5704.90.10,cotton
5704.90.20,"woollen , other than artware"
5704.90.90,Others
5705.00.11,Of silk
5705.00.19,Other <br> Durries :
5705.00.21,Durries cotton
5705.00.22,Durries of man made fibres
5705.00.23,Durries of wool
570500,24
5705.00.29,Other <br> Of jute
5705.00.31,Of blended jute
5705.00.32,of coir jute
5705.00.39,"Other <br> Carpets , carpeting , rugs , mats and <br> mattings :"
5705.00.41,Other than knitted
570500,42
5705.00.49,Other
5705.00.90,Other
5801.10.00,Of wool or fine animal hair
5801.21.00,Uncut weft pile fabrics
5801.22,cut corduroy
5801.22.10,Soley of cotton
5801.22.90,Other
5801.23.00,Other weft pile fabrics
5801.26.00,Chenille fabrics
580127,Warp pile fabrics:
58012710,"Warp pile fabrics, epingle (uncut)"
58012720,"Warp pile fabrics, cut"
5801.2790,Other
5801.31.00,Uncut weft pile fabrics
5801.32.00,Cut corduroy
5801.33.00,Other weft pile fabrics
5801.36,Chenille fabrics
5801.36.10,Carduroys
5801.36.90,Other
580137,Warp pile fabrics:
58013711,Velvet
58013719,Other
58013720,"Warp pile fabrics, cut"
58013790,Other
5801.90,of Other textile materials
5801.90.90,Pile fabrics and chenille fabrics not elsewhere specified or included
5802,"fabrics of heading 5806; tufted textile fabrics, other than products of"
5802.11,Unbleached
5802.11.00,Unbleached
5802.19,Other
5802.19.10,Bleached
5802.19.20,Piece dyed
5802.19.30,Yarn dyed
5802.19.40,Printed
5802.19.90,Other
5802.20.00,"Terry towelling and similar woven terry fabrics, of other textile materials"
5802.30,Tufted textile fabrics
5802.30.00,Tufted textile fabrics
5803,"Gauze, other than narrow fabrics of heading 5806."
5803.00,"Gauze, other than narrow fabrics of heading 5806."
5803.00.11,Unbleached
5803.00.12,Bleached
5803.00.13,Piece dyed
5803.00.14,Yarn dyed
5803.00.15,Printed
5803.00.19,Other <br> Of other textile materials
5803.00.91,Of other textile materials:Of silk or silk waste
5803.00.92,Of synthetic fibre
5803.00.93,Of artificial fibre
5803.00.99,Other
5804,"crocheted fabrics; lace in the piece, in strips or in motifs, other than"
5804.10,Tulles and Other net fabrics
5804.10.10,Of cotton
5804.10.90,Other <br> Mechanically made lace:
5804.21,of man-made fibres
5804.21.00,Of man-made fibres
5804.29,of Other textile materials
5804.29.10,Of cotton
5804.29.90,Other
5804.30,Hand-made lace
5804.30.00,Hand-made lace
5805,"Beauvais and the like, and needle-worked tapestries (for example,"
5805.00,"Beauvais and the like, and needle-worked tapestries (for example,"
5805.00.10,"Tapestries hand made or needle worked by hand, of cotton"
5805.00.20,Tapestries of jute
5805.00.90,Other
5806,fabrics consisting of warp without weft assembled by means of an
5806.31,of cotton
5806.31.10,Typewriter ribbon cloth
5806.31.20,Newar cotton
5806.31.90,Other
5806.32,of man-made fibres
5806.32.00,Of man-made fibres
5806.39,of Other textile materials
5806.39.10,Goat hair puttis tape
5806.39.20,Jute webbing
5806.39.30,Other narrow fabrics of jute
5806.39.90,Other
5807.10,woven
5807.10.10,Of cotton
5807.10.20,Of man made fibre
5807.10.90,Other
5807.90,Other
5807.90.10,Of felt or non-wovens
5807.90.90,Other
5808,"embroidery, other than knitted or crocheted; tassels, pompons and"
5808.10,Braids in the piece
5808.10.10,Of cotton
5808.10.90,Other
5808.90,Other
5808.90.10,"Tapes, ornamental or cotton"
5808.90.20,Hair band of narrow fabrics
5808.90.30,Other braids
5808.90.40,Ribbons of rayon with ornamental trimmings
5808.90.50,"Saree falls, borders (other than zari), frings of cotton"
5808.90.60,"Saree falls, borders (Other than zari), frings of man-made fibre"
5808.90.90,Other
5809,"of heading 5605, of a kind used in apparel, as furnishing fabrics or"
5809.00,"of heading 5605, of a kind used in apparel, as furnishing fabrics or"
5809.00.10,Zari borders
5809.00.90,Other
5810,"Embroidery in the piece, in strips or in motifs."
5810.10,Embroidery without visible ground
5810.10.00,Embroidery without visible ground <br> Other Embroidery
5810.91,of cotton
5810.91.00,Of cotton
5810.92,of man-made fibres
5810.92.10,"Embroidered badges, motifs and the like"
5810.92.90,Other
5810.99,of Other textile materials
5810.99.00,Of other textile materials
5811,layers of textile materials assembled with padding by stitching or
5811.00,layers of textile materials assembled with padding by stitching or
5811.00.20,Quilted wadding
5811.00.90,Other
5901.10.10,Of cotton
5901.10.20,Prepared painting canvas
5901.10.90,Other
5901.90,Other
5901.90.10,Tracing cloth of cotton
5901.90.20,"Varnished cambric fabrics (Empire fabrics) tapes, etc."
5901.90.90,Other
5902.10,of nylon or Other polyamides
5902.10.10,Impregnated with rubber
5902.10.90,Other
5902.20,of polyesters
5902.20.10,Impregnated with rubber
5902.20.90,Other
5902.90,Other
5902.90.10,Impregnated with rubber
5902.90.90,Other
5903.10,with poly(Vinyl chloride)
5903.10.10,Imitation leather fabrics of cotton
5903.10.90,Other
5903.20,with polyurethane
5903.20.10,"Imitation leather fabrics, of cotton"
5903.20.90,Other
5903.90,Other
5903.90.10,Of cotton
5903.90.20,Polyethylene laminated jute fabrics
5903.90.90,Other
5904,"a coating or covering applied on a textile backing, whether or not cut"
5904.10,Linoleum
5904.10.00,Linoleum
5904.90,Other
5904.90.10,Floor coverings with jute base
5904.90.90,Other
5905,Textile wall coverings.
5905.00,Textile wall coverings.
5905.00.10,Fixed on the backing of any material
5905.00.90,Other
5906,"Rubberised textile fabrics, other than those of heading 5902."
5906.10,- Adhesive tape of a width not exceeding 20 cm
5906.10.00,Adhesive tape of a width not exceeding 20 cm <br> Other:
5906.91,Knitted or crocheted
5906.91.10,Of cotton
5906.91.90,Of other textile materials
5906.99,Other
5906.99.10,"Insulating tape, electrical of cotton"
5906.99.20,"Rubberised cotton fabrics, other than knitted or crocheted"
5906.99.90,Otherd
5907.00.11,On the base fabrics of cotton
5907.00.12,On the base fabrics of man-made textile material
5907.00.19,On base fabrics of other textile materials <br> Other
5907.00.92,Other textile fabrics coated or impregnated with oil or oil preparations
5907.00.93,"Jute fabrics otherwise impregnated or coated,"
5907.00.99,Other
5908,candles or the like; incandescent gas mantles and tubular knitted
5908.00,candles or the like; incandescent gas mantles and tubular knitted
5908.00.10,"Wicks and gas mantle fabrics, of cotton"
5908.00.20,Gas mantles of rayon
5908.00.90,Other
5909.00.10,Of cotton
5909.00.20,Of man-made fibre
5909.00.90,Of other textile materials
5910,"whether or not impregnated, coated, covered or laminated with"
5910.00,"whether or not impregnated, coated, covered or laminated with"
5910.00.10,Cotton canvas ply belting
5910.00.20,Rubberised cotton belting
5910.00.30,"Other transmission, conveyer or elevator belts or belting of cotton"
5910.00.40,Hair belting
5910.00.50,Flax canvas ply belting
5910.00.60,Fibre belt conveyor
5910.00.90,Other
5911.10,"Card Clothing, and similar fabrics of a kind used for Other technical"
5911.20,"Bolting cloth, whether or Not made up"
5911.20.00,"endless or fitted with linking devices, of a kind used in paper making or"
5911.31,-- Weighing less than 650 g/m2
5911.31.10,"Felt for cotton textile industries, woven"
5911.31.30,Cotton fabrics and articles used in machinery and plant
5911.31.40,Jute fabrics and articles used in machinery or plant
5911.31.90,Other
5911.32,-- Weighing 650 g/m2 or more
5911.32.10,"Felt for cotton textile industries, woven"
5911.32.30,Cotton fabrics and articles used in machinery and plant
5911.32.40,Jute fabrics and articles used in machinery or plant
5911.32.90,Other
5911.90,Other
5911.90.10,"Paper maker's felt, woven"
5911.90.90,Other
6001.10,“Long pile” fabrics
6001.10.10,Of cotton
6001.10.20,Of man-made fibres
6001.10.90,Of other textile materials <br> Looped pile fabrics:
6001.21,of cotton
6001.21.00,Of cotton
6001.22,of man-made fibres
6001.22.00,Of man-made fibres
6001.29,of Other textile materials
6001.29.00,Of other textile materials <br> Other:
6001.91,of cotton
6001.91.00,Of cotton
6001.92,of man-made fibres
6001.92.00,Of man-made fibres
6001.99,of Other textile materials
6001.99.10,Of wool or fine animal hair
6001.99.90,Other
6002,containing by weight 5% or more of elastomeric yarn or rubber
6002.90,Other
6002.90.00,Other
6003.10,of wool or fine animal hair
6003.10.00,Of wool or fine animal hair
6003.20,of cotton
6003.20.00,Of cotton
6003.30,of synthetic fibres
6003.30.00,Of synthetic fibres
6003.40,of artificial fibres
6003.40.00,Of artificial fibres
6003.90,Other
6003.90.00,Other
6004,"by weight 5 % or more of elastomeric yarn or rubber thread, other"
6004.90,Other
6004.90.00,Other
6005.21,Unbleached or Bleached
6005.21.00,Unbleached or bleached
6005.22,Dyed
6005.22.00,Dyed
6005.23,of yarns of different colours
6005.23.00,Of yarns of different colours
6005.24,Printed
6005.24.00,Printed <br> Of synthetic fibres :
60053600,"Other, unbleached or bleached"
60053700,"Other, dyed"
60053800,"Other, of yarns of different colours"
60053900,"Other, printed"
6005.41,Unbleached or Bleached
6005.41.00,Unbleached or bleached
6005.42,Dyed
6005.42.00,Dyed
6005.43,of yarns of different colours
6005.43.00,Of yarns of different colours
6005.44,Printed
6005.44.00,Printed
6005.90,Other
6005.90.00,Other
6006,Other knitted or crocheted fabrics.
6006.10,of wool or fine animal hair
6006.10.00,Of wool or fine animal hair <br> Of cotton
6006.21,Unbleached or Bleached
6006.21.00,Unbleached or bleached
6006.22,Dyed
6006.22.00,Dyed
6006.23,of yarns of different colours
6006.23.00,Of yarns of different colours
6006.24,Printed
6006.24.00,Printed <br> Of synthetic fibres :
6006.31,Unbleached or Bleached
6006.31.00,Unbleached or bleached
6006.32,Dyed
6006.32.00,Dyed
6006.33,of yarns of different colours
6006.33.00,Of yarns of different colours
6006.34,Printed
6006.34.00,Printed <br> Of artificial fibres :
6006.41,Unbleached or Bleached
6006.41.00,Unbleached or bleached
6006.42,Dyed
6006.42.00,Dyed
6006.43,of yarns of different colours
6006.43.00,Of yarns of different colours
6006.44,Printed
6006.44.00,Printed
6006.90,Other
6006.90.00,Other
6101,"(including ski-jackets), wind-cheaters, wind-jackets and similar"
6101.20,of cotton
6101.20.00,Of cotton
6101.30,- Of man-made fibres
6101.30.10,Of synthetic fibres
6101.30.20,Of artificial fibres
6101.90,of Other textile materials
6101.90.10,Of silk
6101.90.90,Other
6102,"(including ski-jackets), wind-cheaters, wind- jackets and similar"
6102.10,of wool or fine animal hair
6102.10.00,Of wool or fine animal hair
6102.20,of cotton
6102.20.00,Of cotton
6102.30,- Of man-made fibres
6102.30.10,Of synthetic fibres
6102.30.20,Of artificial fibres
6102.90,of Other textile materials
6102.90.10,Of silk
6102.90.90,Other
6103,"brace overalls, breeches and shorts (other than swimwear), knitted"
6103.10,Suits
6103.10.10,"overalls,breeches and shorts(other than swim wear),knitted or"
6103.10.20,Of cotton
6103.10.30,Of artificial fibres
6103.10.90,Othre
6103.22,of cotton
6103.22.00,Of cotton
6103.23,of synthetic fibres
6103.23.00,Of synthetic fibres
6103.29,of Other textile materials
6103.29.10,Of silk
6103.29.20,Of artificial fibres
6103.29.90,Other <br> Jackets and blazers:
6103.31,of wool or fine animal hair
6103.31.00,Of wool or fine animal hair
6103.32,of cotton
6103.32.00,Of cotton
6103.33,of synthetic fibres
6103.33.00,Of synthetic fibres
6103.39,of Other textile materials
6103.39.10,Of silk
6103.39.20,Of artificial fibres
6103.39.90,"Other <br> Trousers, bib and brace overalls, breeches and shorts:"
6103.41,of wool or fine animal hair
6103.41.00,Of wool or fine animal hair
6103.42,of cotton
6103.42.00,Of cotton
6103.43,of synthetic fibres
6103.43.00,Of synthetic fibres
6103.49,of Other textile materials
6103.49.10,Of silk
6103.49.20,Of artificial fibres
6103.49.90,Other
6104,"divided skirts, trousers, bib and brace overalls, breeches and shorts"
6104.13,of synthetic fibres
6104.13.00,Of synthetic fibres
6104.19,of Other textile materials
6104.19.10,Of silk
6104.19.20,Of artificial fibres
6104.19.90,Other <br> Ensembles:
6104.22,of cotton
6104.22.00,Of cotton
6104.23,of synthetic fibres
6104.23.00,Of synthetic fibres
6104.29,of Other textile materials
6104.29.10,Of silk
6104.29.20,Of artificial fibres
6104.29.90,Other <br> Jackets and blazers:
6104.31,of wool or fine animal hair
6104.31.00,Of wool or fine animal hair
6104.32,of cotton
6104.32.00,Of cotton
6104.33,of synthetic fibres
6104.33.00,Of synthetic fibres
6104.39,of Other textile materials
6104.39.10,Of silk
6104.39.20,Of artificial fibres
6104.39.90,Other <br> Dresses:
6104.41,of wool or fine animal hair
6104.41.00,Of wool or fine animal hair
6104.42,of cotton
6104.42.00,Of cotton
6104.43,of synthetic fibres
6104.43.00,Of synthetic fibres
6104.44,of artificial fibres
6104.44.00,Of artificial fibres
6104.49,of Other textile materials
6104.49.10,Of silk
6104.49.90,Of other fibres <br> Skirts and divided skirts:
6104.51,of wool or fine animal hair
6104.51.00,Of wool or fine animal hair
6104.52,of cotton
6104.52.00,Of cotton
6104.53,of synthetic fibres
6104.53.00,Of synthetic fibres
6104.59,of Other textile materials
6104.59.10,Of silk
6104.59.20,Of artificial fibres
6104.61,of wool or fine animal hair
6104.61.00,Of wool or fine animal hair
6104.62,of cotton
6104.62.00,Of cotton
6104.63,of synthetic fibres
6104.63.00,Of synthetic fibres
6104.69,of Other textile materials
6104.69.10,Of silk
6104.69.20,Of artificial fibres
6104.69.90,Other
6105,"Men's or boys' shirts, knitted or crocheted."
6105.10,of cotton
6105.10.10,"Shirts, hand crocheted"
6105.10.90,Other
6105.20,of man-made fibres
6105.20.10,Of synthetic fibres
6105.20.20,Of artificial fibres
6105.90,of Other textile materials
6105.90.10,Of silk
6105.90.90,Other
6106.10,of cotton
6106.10.00,Of cotton
6106.20,of man-made fibres
6106.20.10,Of synthetic fibres
6106.20.20,Of artificial fibres
6106.90,of Other textile materials
6106.90.10,Of silk
6106.90.20,Of wool or fine animal hair
6106.90.90,Other
6107.11,of cotton
6107.11.00,Of cotton
6107.12,of man-made fibres
6107.12.10,Of synthetic fibres
6107.12.20,Of artificial fibres
6107.19,of Other textile materials
6107.19.10,Of silk
6107.19.90,Other <br> Night shirts and pyjamas:
6107.21,of cotton
6107.21.00,Of cotton
6107.22,of man-made fibres
6107.22.10,Of synthetic fibres
6107.22.20,Of artificial fibres
6107.29,of Other textile materials
6107.29.10,Of silk
6107.29.20,Of wool or fine animal hair
6107.29.90,Other <br> Other:
6107.91,of cotton
6107.91.10,"Gengis (Vests), other than hand crocheted"
6107.91.90,Other
6107.99,of Other textile materials
6107.99.10,Of silk
6107.99.20,Of wool or fine animal hair
6107.99.90,Other
6108,"pyjamas, négligés, bathrobes, dressing gowns and similar articles,"
6108.11,of man-made fibres
6108.11.10,Of synthetic fibres
6108.11.20,Of artificial fibres
6108.19,of Other textile materials
6108.19.10,Of silk
6108.19.20,Of cotton
6108.19.90,Of other fibres <br> Briefs and panties:
6108.21,of cotton
6108.21.00,Of cotton
6108.22,of man-made fibres
6108.22.10,Of synthetic fibres
6108.22.20,Of artificial fibres
6108.29,of Other textile materials
6108.29.10,Of silk
6108.29.90,Other <br> Night dresses and pyjamas:
6108.31,of cotton
6108.31.00,Of cotton
6108.32,of man-made fibres
6108.32.10,Of synthetic fibres
6108.32.20,Of artificial fibres
6108.39,of Other textile materials
6108.39.10,Of silk
6108.39.90,Other <br> Other:
6108.91,of cotton
6108.91.00,Of cotton
6108.92,of man-made fibres
6108.92.10,Of synthetic fibres
6108.92.20,Of artificial fibres
6108.99,of Other textile materials
6108.99.10,Of silk
6108.99.20,Of wool or fine animal hair
6108.99.90,Of other textile material
6109,"T-shirts, singlets and other vests, knitted or crocheted."
6109.10,of cotton
6109.10.00,Of cotton
6109.90,of Other textile materials
6109.90.10,Of synthetic fibres
6109.90.20,Of artificial fibres
6109.90.30,Of silk
6109.90.40,Of wool or fine animal hair
6109.90.90,Other
6110.11,of wool
6110.11.10,Jerseys
6110.11.20,Sweaters and cardigans
6110.11.90,Other
6110.12,of Kashmir (cashmere) Goats
6110.12.00,Of kashmir (cashmere) goats
6110.19,Other
6110.19.00,Other
6110.20,of cotton
6110.20.00,Of cotton
6110.30,of man-made fibres
6110.30.10,Of synthetic fibres
6110.30.20,Of artificial fibres
6110.90,of Other textile materials
6110.90.00,Of other textile materials
6111,"Babies' garments and clothing accessories, knitted or crocheted."
6111.20,of cotton
6111.20.00,Of cotton
6111.30,of synthetic fibres
6111.30.00,Of synthetic fibres
6111.90,of Other textile materials
6111.90.10,Of silk
6111.90.20,Of artificial fibres
6111.90.90,OTHER
6112,"Track suits, ski suits and swimwear, knitted or crocheted."
6112.11,of cotton
6112.11.00,Of cotton
6112.12,of synthetic fibres
6112.12.00,Of synthetic fibres
6112.19,of Other textile materials
6112.19.10,Of silk
6112.19.20,Of wool or fine animal hair
6112.19.30,Of artificial fibres
6112.19.90,Other
6112.20,Ski Suits
6112.20.10,Of silk
6112.20.20,Of wool or fine animal hair
6112.20.30,Of cotton
6112.20.40,Of synthetic fibres
6112.20.50,Of artificial fibres
6112.20.90,Other <br> Men's or boys' swimwear:
6112.31,of synthetic fibres
6112.31.00,Of synthetic fibres
6112.39,of Other textile materials
6112.39.10,Of silk
6112.39.20,Of artificial fibres
6112.39.90,Other <br> Women’s or girls’ swimwear:
6112.41,of synthetic fibres
6112.41.00,Of synthetic fibre
6112.49,of Other textile materials
6112.49.10,Of silk
6112.49.20,Of artificial fibres
6112.49.90,Other
6114,"Other garments, knitted or crocheted."
6114.20,of cotton
6114.20.00,Of cotton
6114.30,of man-made fibres
6114.30.10,Of synthetic fibres
6114.30.20,Of artificial fibres
6114.90,of Other textile materials
6114.90.10,Of silk
6114.90.90,Other
6115,"graduated compression hosiery (for example, stockings for varicose"
6115.10.00,"Graduated compression hosiery for example,(stockings for varicose veins)"
6115.21,"-- Of synthetic fibres, measuring per single yarn less than 67 decitex"
6115.22,"-- Of synthetic fibres, measuring per single yarn 67 decitex or more"
6115.22.00,Of synthetic fibres measuring per single yarn 67 decitex or more
6115.29,of Other textile materials
6115.29.10,Of other textile materials : Of silk
6115.29.20,Of wool or fine animal hair
6115.29.30,Of artificial fibres
6115.29.90,Other
6115.94,of wool or fine animal hair
6115.94.00,Of wool or fine animal hair
6115.95,of cotton
6115.95.00,Of cotton
6115.96,of synthetic fibres
6115.96.00,Of synthetic fibres
6115.99,of Other textile materials
6115.99.10,Of artificial fibres
6115.99.90,Other
6116,"Gloves, mittens and mitts, knitted or crocheted."
6116.10,"impregnated, coated or Covered with plastics or rubber"
6116.10.00,"Impregnated, coated or covered with plastics or rubber <br> Other:"
6116.91,of wool or fine animal hair
6116.91.00,Of wool or fine animal hair
6116.92,of cotton
6116.92.00,Of cotton
6116.93,of synthetic fibres
6116.93.00,Of synthetic fibres
6116.99,of Other textile materials
6116.99.10,Of artificial fibres
6116.99.90,Other
6117.10,"Shawls, scarves, mufflers, mantillas, veils and the like"
6117.10.10,Of silk
6117.10.20,Of wool
6117.10.30,Of cotton
6117.10.40,Of man-made fibres
6117.10.90,Other
6117.80,Other accessories
6117.80.10,Of silk
6117.80.20,Of wool
6117.80.30,Of cotton
6117.80.40,Of man-made fibres
6117.80.90,Other
6117.90,Parts
6117.90.00,Parts
6201,"(including ski-jackets), wind-cheaters, wind-jackets and similar"
6201.11,of wool or fine animal hair
6201.11.00,Of wool and fine animal hair
6201.12,of cotton
6201.12.10,Raincoats
6201.12.90,Other
6201.13,-- Of man-made fibres
6201.13.10,Raincoats
6201.13.90,Other
6201.19,of Other textile materials
6201.19.10,Of silk
6201.19.90,Of other textile fibres <br> Other
6201.91,of wool or fine animal hair
6201.91.00,Of wool or fine animal hair
6201.92,of cotton
6201.92.00,Of cotton
6201.93,-- Of man-made fibres
6201.93.00,Of man-made fibres
6201.99,of Other textile materials
6201.99.10,Of silk
6201.99.90,Other
6202,"(including ski-jackets), wind-cheaters, wind-jackets and similar"
6202.11,of wool or fine animal hair
6202.11.10,Coats
6202.11.90,Other
6202.12,of cotton
6202.12.00,Of cotton
6202.13,of man-made fibres
6202.13.00,Of man-made fibres
6202.19,of Other textile materials
6202.19.10,Coats of silk
6202.19.20,Coats of all other fibres
6202.19.90,Other <br> Other:
6202.91,of wool or fine animal hair
6202.91.10,"Wind and ski-jackets, wind cheaters"
6202.91.90,Other
6202.92,of cotton
6202.92.10,"Wind and ski-jackets, wind cheaters"
6202.92.90,Other
6202.93,of man-made fibres
6202.93.10,"Wind and ski-jackets, wind cheaters"
6202.93.90,Other
6202.99,of Other textile materials
6202.99.11,Wind and ski-jackets
6202.99.19,Other
6202.99.90,Other
6203.11,of wool or fine animal hair
6203.11.00,Of wool or fine animal hair
6203.12,of synthetic fibres
6203.12.00,Of synthetic fibres
6203.19,of Other textile materials
6203.19.10,Of cotton
6203.19.90,Other <br> Ensembles:
6203.22,of cotton
6203.22.00,Of cotton
6203.23,of synthetic fibres
6203.23.00,Of synthetic fibres
6203.29,of Other textile materials
6203.29.00,Of other textile materials <br> Jackets and blazers:
6203.31,of wool or fine animal hair
6203.31.00,Of wool or fine animal hair
6203.32,of cotton
6203.32.00,Of cotton
6203.33,of synthetic fibres
6203.33.00,Of synthetic fibres
6203.39,of Other textile materials
6203.39.10,Of silk
6203.39.90,"Other <br> Trousers, bib and brace overalls, breeches and shorts:"
6203.41,of wool or fine animal hair
6203.41.00,Of wool or fine animal hair
6203.42,of cotton
6203.42.00,Of cotton
6203.43,of synthetic fibres
6203.43.00,Of synthetic fibres
6203.49,of Other textile materials
6203.49.10,Of silk
6203.49.90,Other
6204,"divided skirts, trousers, bib and brace overalls, breeches and shorts"
6204.11,of wool or fine animal hair
6204.11.00,Of wool of fine animal hair
6204.12,of cotton
6204.12.00,Of cotton
6204.13,of synthetic fibres
6204.13.00,Of synthetic fibres
6204.19,of Other textile materials <br> Of silk
6204.19.11,Sequinned or beaded with chattons or embroidered
6204.19.19,Other
6204.19.90,Of all other fibres <br> Ensembles:
6204.21,of wool or fine animal hair
6204.21.00,Of wool or fine animal hair
6204.22,of cotton
6204.22.10,"Blouses combined with skirts, trousers or shorts"
6204.22.90,Other
6204.23,of synthetic fibres
6204.23.00,Of synthetic fibres
6204.29,of Other textile materials <br> Of silk
6204.29.11,Sequinned or beaded
6204.29.19,Other
6204.29.90,Other <br> Jackets and blazers:
6204.31,of wool or fine animal hair
6204.31.00,Of wool or fine animal hair
6204.32,of cotton
6204.32.00,Of cotton
6204.33,of synthetic fibres
6204.33.00,Of synthetic fibres
6204.39,of Other textile materials <br> Of silk
6204.39.11,Sequinned or beaded with chattons or embroidered
6204.39.19,Other
6204.39.90,Other <br> Dresses:
6204.41,of wool or fine animal hair
6204.41.10,House coats and like dresses
6204.41.20,Blazers
6204.41.90,Other
6204.42,of cotton
6204.42.10,House coats and the like dresses
6204.42.20,Dresses
6204.42.90,Other
6204.43,of synthetic fibres
6204.43.10,House coats and the like
6204.43.90,Other
6204.44,of artificial fibres
6204.44.00,Of artificial fibres
6204.49,of Other textile materials <br> Of silk
6204.49.11,House coats and the like dresses
6204.49.19,Other
6204.49.90,Other <br> Skirts and divided skirts:
6204.51,of wool or fine animal hair
6204.51.00,Of wool or fine animal hair
6204.52,of cotton
6204.52.00,Of cotton
6204.53,of synthetic fibres
6204.53.00,Of synthetic fibres
6204.59,of Other textile materials
6204.59.10,Of silk
6204.59.90,"Other <br> Trousers, bib and brace overalls, breeches and shorts:"
6204.61,of wool or fine animal hair
6204.61.10,"Trousers, slacks and shorts"
6204.61.90,Other
6204.62,of cotton
6204.62.00,Of cotton
6204.63,of synthetic fibres
6204.63.00,Of synthetic fibres
6204.69,of Other textile materials <br> Of silk
6204.69.11,Sequinned or beaded or embroidered
6204.69.19,Other
6204.69.90,Other
6205,Men's or boys' shirts.
6205.20,of cotton
6205.20.00,Of cotton
6205.30,of man-made fibres
6205.30.00,Of man-made fibres
6205.90,of Other textile materials
6205.90.10,Of silk
6205.90.90,OTHER
6206,"Women's or girls' blouses, shirts and shirt-blouses."
6206.10,of silk or silk Waste
6206.10.10,Of silk
6206.10.90,Other
6206.20,of wool or fine animal hair
6206.20.00,Of wool or fine animal hair
6206.30,of cotton
6206.30.00,Of cotton
6206.40,of man-made fibres
6206.40.00,Of man made fibres
6206.90,of Other textile materials
6206.90.00,Of other textile materials
6207.11,of cotton
6207.11.00,Of cotton
6207.19,of Other textile materials
6207.19.10,Of synthetic fibres
6207.19.20,Of wool
6207.19.30,Of silk
6207.19.90,Other <br> Night shirts and pyjamas:
6207.21,of cotton
6207.21.10,Of cotton
6207.21.90,other
6207.22,of man-made fibres
6207.22.00,Of man-made fibres
6207.29,of Other textile materials
6207.29.00,Of other textile materials <br> Other:
6207.91,of cotton
6207.91.10,Dressing gowns and bath robes
6207.91.20,Under shirts other than hand printed
6207.91.90,Other
6207.99,of Other textile materials <br> Of silk
6207.99.11,Dressing gowns and bath robes
6207.99.19,Other <br> Of wool:
6207.99.21,Dressing gowns and bath robes
6207.99.29,Other
6207.99.90,Other
6208,"panties, nightdresses, pyjamas, négligés, bathrobes, dressing"
6208.11,of man-made fibres
6208.11.00,Of man-made fibres
6208.19,of Other textile materials
6208.19.10,Of cotton other than hand printed
6208.19.90,Other <br> Nightdresses and pyjamas:
6208.21,of cotton
6208.21.00,Of cotton
6208.22,of man-made fibres
6208.22.00,Of man-made fibres
6208.29,of Other textile materials
6208.29.10,Of silk
6208.29.20,Of wool
6208.29.90,Other <br> Other:
6208.91,of cotton
6208.91.10,Dressing gowns and bath robes
6208.91.90,Other
6208.92,of man-made fibres
6208.92.10,Dressing gowns and bath robes
6208.92.90,Other
6208.99,of Other textile materials
6208.99.10,Dressing gowns and bath robes of wool
6208.99.20,Dressing gowns and bath robes of silk
6208.99.90,Other
6209,Babies' garments and clothing accessories.
6209.20,of cotton
6209.20.00,Of cotton
6209.30,of synthetic fibres
6209.30.00,Of synthetic fibres
6209.90,of Other textile materials
6209.90.10,Of silk
6209.90.90,Other
6210.10,Of fabrics of heading 5602 or 5603
6210.10.00,Of fabrics of heading 5602 or 5603
6210.20.10,"Outer garments, of rubberised textile fabrics"
6210.20.20,with preparations of cellulose derivatives and other artificial plastic
6210.20.30,"Outer garments, of fabrics otherwise impregnated or coated"
6210.20.90,Other
6210.30.10,with preparation of cellulose derivatives and other artificial plastic
6210.30.20,"Outer garments, of rubberised textile fabrics"
6210.30.30,"Outer garments, of fabrics otherwise impregnated"
6210.30.90,Other
6210.40,- Other men's or boys' garments
6210.40.10,"Bullet proof jacket, bomb disposal jacket and the like"
6210.40.90,Other
6210.50,- Other women's or girls' garments
6210.50.00,Other women's or girls' garments
6211,"Track suits, ski suits and swimwear; other garments."
6211.11.00,Men's or boys'
6211.12.00,Women's or girls'
6211.20.00,Ski suits
6211.32.00,Of cotton
6211.33.00,Of man-made fibres
6211.39.00,Of other textile materials
6211.42,of cotton
6211.42.10,Kurta and salwar with or without duppatta
6211.42.90,Other
6211.43.00,Of man-made fibres
6211.49,of Other textile materials
6211.49.10,Of wool or fine animal hair
62114990,Of other textile materials
6212.10,Brassières
6212.10.00,Brassiers
6212.20,Girdles and panty-Girdles
6212.20.00,Girdles and panty-girdles
6212.30,Corselettes
6212.30.00,Corselettes
6212.90,Other
6212.90.10,"Suspender belts, braces, suspender garters and the like"
6212.90.90,Other
6213,Handkerchiefs.
6213.10,*
6213.10.00,Of silk or silk waste
6213.20,of cotton
6213.20.00,Of cotton
6213.90,of Other textile materials
6213.90.10,Of man-made fibres
6213.90.90,Of Other Textile Materials
6214,"Shawls, scarves, mufflers, mantillas, veils and the like."
6214.10,of silk or silk Waste
6214.10.10,Scarves of silk measuring 60 cms or less
6214.10.20,"Shawls, scarves (exceeding 60 cms) and the like"
6214.10.30,Of Handloom
6214.10.90,Other
6214.20,of wool or fine animal hair
6214.20.10,Shawls
6214.20.20,Scarves
6214.20.30,Mufflers
6214.20.90,other
6214.30,of synthetic fibres
6214.30.00,Of synthetic fibres
6214.40,of artificial fibres
6214.40.00,Of artificial fibres
6214.90,of Other textile materials
6214.90.10,"Abrabroomal, cotton <br> Chadars, cotton:"
6214.90.21,Grey
6214.90.22,White bleached
6214.90.29,"Other <br> Odhani, cotton:"
6214.90.31,Grey
6214.90.32,White bleached
6214.90.39,Other
6214.90.40,"Scarves, cotton"
6214.90.50,"Shawls, mufflers and the like, of cotton"
6214.90.60,"Shawls, mufflers and the like of man-made fibres"
6214.90.90,Other
6215,"Ties, bow ties and cravats."
6215.10,of silk or silk Waste
6215.10.00,Of silk or silk waste
6215.20,of man-made fibres
6215.20.00,Of man-made fibres
6215.90,of Other textile materials
6215.90.10,Of cotton
6215.90.90,Other
6216,"Gloves, mittens and mitts."
6216.00,"Gloves, mittens and mitts."
6216.00.10,Of cotton
62160020,Of Handloom
6216.00.90,other
6217.10,accessories
6217.10.10,For articles of apparel of cotton
6217.10.20,For articles of apparel of synthetic fibres
6217.10.30,For articles of apparel of wool
6217.10.40,For articles of apparel of silk
6217.10.50,For articles of apparel of regenerated fibre
6217.10.60,For articles of apparel of other fibres
6217.10.70,"Stockings, socks sockettes and the likeof cotton"
6217.10.90,Other
6217.90,Parts
6217.90.10,Collar cuffs and the like of cotton
6217.90.20,Of silk
6217.90.30,Of wool
6217.90.40,Separately presented removable linings for raincoats and Other
6217.90.90,Other
6301,Blankets and travelling rugs.
6301.10,electric blankets
6301.10.00,Electric blankets
6301.30,"blankets (Other than electric blankets) and travelling rugs, of cotton"
6301.30.00,"Blankets (other than electric blankets) and travelling rugs, of cotton"
6301.90,Other blankets and travelling rugs
6301.90.10,Jute blankets including blankets of blended jute
6301.90.90,Other
6302.10,"Bed linen, Knitted or crocheted"
6302.10.10,Of cotton
6302.10.90,"Of other textile materials <br> Other bed linen, printed :"
6302.21,of cotton
6302.21.10,Handloom
6302.21.90,Other
6302.22,of man-made fibres
6302.22.00,Of man made fibres
6302.29,of Other textile materials
6302.29.00,Of other textile materials <br> Other bed linen :
6302.31,of cotton
6302.31.00,Of cotton
6302.32,of man-made fibres
6302.32.00,Of man made fibres
6302.39,of Other textile materials
6302.39.00,Of other textile maerials
6302.40,"Table linen, Knitted or crocheted"
6302.40.10,Of silk
6302.40.20,Of wool or fine animal hair
6302.40.30,Of cotton
6302.40.40,Of man-made fibres
6302.40.90,Other <br> Other table linen:
6302.51,of cotton
6302.51.10,Handloom
6302.51.90,Other
6302.53,of man-made fibres
6302.53.00,Of man-made fibres
6302.59,of Other textile materials
6302.59.00,Of other textile materials
6302.60.10,Handloom
6302.60.90,Other
6302.91,of cotton
6302.91.10,Handloom
6302.91.90,Other
6302.93,of man-made fibres
6302.93.00,Of man-made fibres
6302.99,of Other textile materials
6302.99.00,Of other textile materials
6303.12,of synthetic fibres
6303.12.00,Of synthetic fibres
6303.19,of Other textile materials
6303.19.00,Of other textile materials <br> Other:
6303.91,of cotton
6303.91.00,Of cotton
6303.92,of synthetic fibres
6303.92.00,Of synthetic fibres
6303.99,of Other textile materials
6303.99.10,Silk shower curtains
6303.99.90,Other
6304,"Other furnishing articles, excluding those of heading 9404"
6304.11,Knitted or crocheted
6304.11.00,Knitted or crocheted
6304.19,Other
6304.19.10,"Bedsheets and bed cover, of cotton"
6304.19.20,Bed spreads of silk
6304.19.30,Bedsheets and bed covers of man-made fibres
6304.19.40,"Bedsheets and bed covers of cotton, handloom"
6304.19.90,Other <br> Other:
630420,00
6304.91,Knitted or crocheted
6304.91.10,Silk belt
6304.91.20,Woollen cushion cover
6304.91.90,Other
6304.92,"Not Knitted or crocheted, of cotton"
6304.92.11,Of Handloom
6304.92.19,Other
6304.92.21,Of Handloom
6304.92.29,Other
6304.92.31,Of Handloom
6304.92.39,Other
6304.92.41,Of Handloom
6304.92.49,Other
6304.92.60,"Towels, other than terry towel"
6304.92.70,Mosquito nets
6304.92.81,Of Handloom
6304.92.89,Other
6304.92.91,Of Handloom
6304.92.99,Other
6304.93,"Not Knitted or crocheted, of synthetic fibres"
6304.93.00,"Not knitted or crocheted, of synthetic fibres"
6304.99,"Not Knitted or crocheted, of Other textile materials"
6304.99.10,Silk cushion covers
6304.99.90,Other
6304.99.91,"Of silk, Handloom"
6304.99.92,"Of wool, Handloom"
6304.99.99,Other
6305,"Sacks and bags, of a kind used for the packing of goods."
6305.10,- Of jute or of other textile bast fibres of heading 53.03
6305.10.10,Jute bagging for raw cotton
6305.10.20,Jute corn (grains) sacks
6305.10.30,Jute hessian bags
6305.10.40,Jute sacking bags
6305.10.50,Jute wool sacks
6305.10.60,Plastic coated or paper cum polythene lined jute bags and sacks
6305.10.70,Paper laminated hessian jute
6305.10.80,Jute soil savers
6305.10.90,other
6305.20,of cotton
6305.20.00,Of cotton <br> Of man-made textile materials:
6305.32,Flexible intermediate bulk containers
6305.32.00,Flexible intermediate bulk containers
6305.33,"Other, of polyethylene or polypropylene strip or the like"
6305.33.00,"Other, of polyethylene or polypropylene strip or the like"
6305.39,Other
6305.39.00,Other
6305.90,of Other textile materials
6305.90.00,Of other textile materials
6306.12.00,Of synthetic fibres
6306.19,of Other textile materials
6306.19.10,Jute tarpaulins (including DW tarpaulin)
6306.19.20,Blinds or awnings of coir
6306.19.30,Venetian or Austrian blinds
6306.19.90,Other
6306.22.00,Of synthetic fibres
6306.29,of Other textile materials
6306.29.10,Of jute
6306.29.90,Other
6306.30.00,Sails
6306.4000,pneumatic mattresses
6306.9,Other
6306.9010,Of cotton
6306.9090,of Other textile materials
6307,"Other made up articles, including dress patterns."
6307.10,"Floor-cloths, dish-cloths, dusters and similar cleaning cloths"
6307.10.10,Of cotton
6307.10.20,Of man made fibres
6307.10.30,"Of Cotton, Handloom"
6307.10.90,Other
6307.20,Life-jackets and Life-belts
6307.20.10,Of cotton
6307.20.90,Other
6307.90,Other<br> Dress materials hand printed :
6307.90.11,Of cotton
6307.90.12,Of silk
6307.90.13,Of man made fibres
6307.90.19,Other
6307.90.20,Made up articles of cotton
6307.90.90,Other
6308.00.00,"accessories, for making up into rugs, tapestries, embroidered table cloths"
6309,Worn clothing and other worn articles.
6309.00,Worn clothing and other worn articles.
6309.00.00,Worn clothing and other worn articles
6310.10,Sorted
6310.10.10,Woolen rags
6310.10.20,Cotton rags
6310.10.30,Gunny cuttings
6310.10.90,Other
6310.90,Other
6310.90.10,Woolen rags
6310.90.20,Cotton rags
6310.90.30,Gunny cuttings
6310.90.40,Synthetic rags
6310.90.90,Other
6401.10,footwear Incorporating a protective metal toe-cap
6401.10.10,Of rubber
6401.10.90,Other <br> Other footwear :
6401.92,Covering the ankle but Not Covering the knee
6401.92.10,Of rubber
6401.92.90,Other
6401.99,Other
6401.99.10,Of rubber
6401.99.90,Other
6402,Other footwear with outer soles and uppers of rubber or plastics.
6402.12,"Ski-boots, cross-country Ski footwear and snowboard boots"
6402.12.10,Of rubber
6402.12.90,Other
6402.19,Other
6402.19.10,Of rubber
6402.19.90,Other
6402.20.10,Of rubber
6402.20.90,Other <br> Other footwear :
6402.91,Covering the ankle
6402.91.10,Of rubber
6402.91.90,Other
6402.99,Other
6402.99.10,Of rubber
6402.99.90,Other
6403.12,"Ski-boots, cross-country Ski footwear and snowboard boots"
6403.12.00,Ski-boots and cross-country ski footwear and snowboard boots
6403.19,Other
6403.19.10,With outer soles of leather
6403.19.20,With outer soles of rubber
6403.19.90,Other
6403.20.11,For man
6403.20.12,For women
6403.20.13,For children
6403.20.19,"Others <br> All leather, open toe:"
6403.20.21,For man
6403.20.22,For women
6403.20.23,For children
6403.20.29,Others
6403.20.30,Of Leather soles with embroidered uppers
6403.20.40,Kolapuri chappals and similar footwear
6403.20.90,Other
6403.40,"Other footwear, Incorporating a protective metal toe-cap"
6403.51,Covering the ankle
6403.51.11,For man
6403.51.12,For women
6403.51.13,For children
6403.51.19,Others
6403.51.90,Other
6403.59,Other
6403.59.10,For men
6403.59.20,For women
6403.59.30,For children
6403.59.90,Others <br> Other footwear :
6403.91,Covering the ankle
6403.91.10,Leather boots and other footwear with rubber sole
6403.91.20,Leather footwear of plastic ad synthetic sole
6403.91.90,Other
6403.99,Other
6403.99.10,Leather sandals with rubber sole
6403.99.20,Leather sandals with plastic/synthetic sole
6403.99.90,OTHER
6404.11.10,Of Rubber sole with canvas upper
6404.11.20,Of Rubber sole with leather cloth uppers
6404.11.90,Other
6404.19,Other
6404.19.10,Of Rubber sole with canvas upper
6404.19.20,Of Rubber sole with leather cloth uppers
6404.19.90,Other
6404.20,footwear with outer soles of leather or composition leather
6404.20.00,Footwear with outer soles of leather or composition leather
6405,Other footwear.
6405.10,with uppers of leather or composition leather
6405.10.00,With uppers of leather or composition leather
6405.20,with uppers of textile materials
6405.20.00,With uppers of textile materials
6405.90,Other
6405.90.00,Other
6406.10,"uppers and Parts thereof, Other than stiffeners"
6406.10.10,Embroidered uppers of textile materials
6406.10.20,Leather uppers (prepared)
6406.10.30,Goat lining
6406.10.40,Sheep lining
6406.10.90,Other
6406.20.00,"Outer soles and heels, of rubber or plastics"
6406.90,Other
6406.9010,Of wood
6406.90.20,"Leather parts of footwear, other than soles and prepared uppers"
6406.9030,Leather soles
6406.9040,"Gaiters, leggings and similar articles"
6406.9050,"Parts of gaiters, leggings and similar articles"
6406.90.90,Other
6501,nor with made brims; plateaux and manchons (including slit
6501.00,nor with made brims; plateaux and manchons (including slit
6501.00.10,Of cotton
6501.00.20,Of wool and fur felt
6501.00.90,Other
6502,"neither blocked to shape, nor with made brims, nor lined, nor"
6502.00,"neither blocked to shape, nor with made brims, nor lined, nor"
6502.00.10,Of cotton
6502.00.20,Of wool
6502.00.90,Other
6505,00
6505.0010,Hair-nets
6505.0090,Other
6506,"Other headgear, whether or not lined or trimmed."
6506.10,Safety headgear
6506.10.10,Speed glass welding helmets or other helmets meant for industrial use
6506.10.90,Other <br> Other
6506.91,of rubber or of plastics
6506.91.00,Of rub ber or of plas tics
6506.99,of Other materials
6506.99.00,Of other materials
6601.10,garden or similar umbrellas
6601.10.00,Garden or similar umbrellas <br> Other :
6601.91,having a telescopic shaft
6601.91.00,Having a telescopic shaft
6601.99,Other
6601.99.00,Other
6602,"Walking-sticks, seat-sticks, whips, riding-crops and the like."
6602.00,"Walking-sticks, seat-sticks, whips, riding-crops and the like."
6602.00.00,"Walking-sticks, seat-sticks, whips, riding-crops and the like"
6603,"Parts, trimmings and accessories of articles of heading 6601 or 6602."
6603.20,"Umbrella frames, including frames mounted on shafts (sticks)"
6603.20.00,"Umbrella frames, including frames mounted on shafts (sticks)"
6603.90,Other
6603.90.10,Umbrella ribs
6603.90.90,Other
6701,"parts of feathers, down and articles thereof (other than goods of"
6701.00,"parts of feathers, down and articles thereof (other than goods of"
6701.00.10,Feather dusters
6701.00.90,Other
6702.10,of plastics
6702.10.10,Decorative plants
6702.10.90,Other
6702.90,of Other materials
6702.90.10,Of Jute
6702.90.90,Other
6703,"or other animal hair or other textile materials, prepared for use in"
6703.00,"or other animal hair or other textile materials, prepared for use in"
6703.00.10,"Human hair, dressed thinned, bleached or otherwise worked"
6704,of human or animal hair or of textile materials; articles of human hair
6704.11,Complete wigs
6704.11.00,Complete wigs
6704.19,Other
6704.19.10,Hair nets
6704.19.90,Other
6704.20,of human hair
6704.20.10,Wigs
6704.20.20,Hair nets
6704.20.90,Other
6704.90,of Other materials
6704.90.00,Of other materials
6801,"Setts, curbstones and flagstones, of natural stone (except slate)."
6801.00,"Setts, curbstones and flagstones, of natural stone (except slate)."
6801.00.00,"Sets, curbstones and flagstones, of natural stone (except slate)."
6802,"like, of natural stone (including slate), whether or not on a backing;"
6802.10.00,a square the side of which is less than 7 cm.; artificially coloured
6802.21,"marble, travertine and alabaster"
6802.21.10,Marble blocks/tiles
6802.21.20,Marble monumental stone
6802.21.90,Other
6802.23,Granite
6802.23.10,Granite blocks/tiles
6802.23.90,Other
6802.29,Other stone
6802.29.00,Other stone <br> Other :
6802.91,"marble, travertine and alabaster"
6802.91.00,"Marble, travertine and alabaster"
6802.92,Other calcareous stone
6802.92.00,Other calcareous stone
6802.93,Granite
6802.93.00,Granite
6802.99,Other stone
6802.99.00,Other stone
6803,Worked slate and articles of slate or of agglomerated slate.
6803.00,Worked slate and articles of slate or of agglomerated slate.
6803.00.00,Worked slate and articles of slate or of agglomerated slate
6804,"hand sharpening or polishing stones, and parts thereof, of natural"
6804.10,"Millstones and grindstones for milling, Grinding or pulping"
6804.21,of agglomerated synthetic or Natural diamond
6804.21.10,Diamond impregnated wheels
6804.21.90,Other
6804.22,of Other agglomerated abrasives or of ceramics
6804.22.10,Grinding wheels of synthetic abrasive grains
6804.22.20,"Grinding wheels, of other materials"
6804.22.90,Other
6804.23,of Natural stone
6804.23.10,Grinding wheels made of natural stone
6804.23.90,Other
6804.30,Hand sharpening or polishing stones
6804.30.10,Polishing stones
6804.30.20,Sharpening stones
6805,"material, of paper, of paperboard or of other materials, whether or"
6805.10,on a base of woven textile fabric only
6805.10.10,Abrasive cloths
6805.10.90,Other
6805.20,on a base of paper or paperboard only
6805.20.10,Emery or corundum coated paper
6805.20.20,Flint coated paper
6805.20.30,Glass or sand coated paper
6805.20.40,Other abrasive paper
6805.20.90,Other
6805.30,on a base of Other materials
6805.30.00,On a base of other materials
6806,"mineral materials; mixtures and articles of heat-insulating, sound-"
6806.90,Other
6806.90.00,Other
6807.10,in rolls
6807.10.10,Tarfelt roofing
6807.10.90,Other
6807.90,Other
6807.90.10,Tarfelt roofing
6807.90.90,Other
6808,"of straw or of shavings, chips, particles, sawdust or other waste, of"
6808.00,"of straw or of shavings, chips, particles, sawdust or other waste, of"
6808.00.00,"straw or of shavings, chips, particles, sawdust or other waste, of wood,"
6809,Articles of plaster or of compositions based on plaster.
6809.11,Faced or reinforced with paper or paperboard only
6809.11.00,Faced or reinforced with paper or paperboard only
6809.19,Other
6809.19.00,Other
6809.90,Other articles
6809.90.00,Other articles
6810.11,Building blocks and bricks
6810.11.10,Cement bricks
6810.11.90,Other
6810.19,Other
6810.19.10,Cement tiles for mosaic
6810.19.90,Other <br> Other articles :
6810.91,Prefabricated structural components for Building or civil engineering
6810.91.00,Prefabricated structural components for building or civil engineering
6810.99,Other
6810.99.10,Concrete boulder
6810.99.90,Other
6811,"Articles of asbestos-cement, of cellulose fibre-cement or the like."
6811.40,containing asbestos
6811.40.10,Containing asbestos: Asbestos cement sheets
6811.40.20,Asbestos cement tiles
6811.40.90,Other
6811.81.00,Not containing asbestos: Corrugated sheets
6811.82.00,"Other sheets,panels,tiles and similar articles"
6811.89,Other articles
6811.89.10,"Tubes, pipes and tube or pipe fittings"
68118990,Other
6812,"mixtures or of asbestos (for example, thread, woven fabric, clothing,"
6812.80,of Crocidolite
6812.80.00,Of crocidolite <br> Other
6812.91,"Clothing, Clothing accessories, footwear and headgear"
6812.91.00,"Clothing, clothing accessories, footwear and headgear"
6812.92,"paper, millboard and felt <br> Millboard"
6812.92.11,Asbestos
6812.92.19,Other
6812.92.90,Other
6812.93,"compressed asbestos fibre jointing, in sheets or rolls"
6812.93.00,"Compressed asbestos fibre joining, in sheets or rolls"
6812.99,Other <br> Lagging compounds :
6812.99.11,Asbestos
6812.99.19,Other <br> Asbestos packing joints and gaskets:
6812.99.21,Packing joints
6812.99.22,Gaskets
6812.99.90,Other
6813,"for clutches or the like, with a basis of asbestos, of other mineral"
6813.20,containing asbestos
6813.20.10,Brake linings and pads
6813.20.90,Asbestos friction materials <br> Not containing asbestos :
6813.81,Brake linings and pads
6813.81.00,Brake linings and pads
6813.89,Other
6813.89.00,Other
6814,"reconstituted mica, whether or not on a support of paper,"
6814.10.10,Cut mica condenser films or plates
6814.10.20,Sheets and strips cut to shape
6814.10.30,Washers and discs
6814.10.90,Other
6814.90,Other
6814.90.10,Mica stacked units
6814.90.20,"Silvered mica, capacitor plates/silvered mica plates"
6814.90.30,Micanite and all sorts of built up mica
6814.90.40,Mica paper/reconstituted mica paper
6814.90.50,Moulded glass bonded/glass bonded mica
6814.90.60,Mica bricks
6814.90.90,Other
6815,"fibres, articles of carbon fibres and articles of peat), not elsewhere"
6815.10,Non-Electrical articles of graphite or Other Carbon
6815.10.10,Graphite filter candle
6815.10.20,Non-electrical articles of graphite
6815.10.90,Other
6815.20,articles of peat
6815.20.00,Articles of peat <br> Other articles :
6815.91,"containing magnesite, dolomite or chromite"
6815.91.00,"Containing magnesite, dolomite or chromite"
6815.99,Other
6815.99.10,Bricks and tiles of fly ash
6815.99.20,"Sanitary wares, kitchen wares and other made up articles of fly ash"
6815.99.90,Other
6901,"meals (for example, kieselguhr, tripolite or diatomite) or of similar"
6901.00,"meals (for example, kieselguhr, tripolite or diatomite) or of similar"
6901.00.10,Bricks
6901.00.20,Blocks
6901.00.30,Tiles
6901.00.90,Other
6902,"constructional goods, other than those of siliceous fossil meals or"
6902.10.10,Magnesite bricks and shapes
6902.10.20,Chrome magnesite bricks
6902.10.30,Magnesite chrome bricks and shapes
6902.10.40,"Bricks and shapes, magnesia carbon"
6902.10.50,Direct bonded basic bricks and shapes
6902.10.90,Other
6902.20.10,Silica Bricks and shapes
6902.20.20,High alumina bricks and shapes
6902.20.30,"Bricks and shapes, alumina carbon"
6902.20.40,Silicon Carbide bricks and shapes
6902.20.50,Mullite bricks
6902.20.90,Other
6902.90,Other
6902.90.10,Fire Clay bricks and shapes
6902.90.20,Graphite carbon bricks and shapes
6902.90.30,Vermiculate insulation bricks
6902.90.40,Clay graphite stopper heads
6902.90.90,Other
6903.10.10,"Magnesia carbon bricks, shapes and graphetised alumina"
6903.10.90,Other
6903.20.10,Silicon carbide crucibles
6903.20.90,Other
6903.90,Other
6903.90.10,Zircon/zircon-mullite refractories
6903.90.20,Basalt tiles
6903.90.30,Ceramic fibres
6903.90.40,"Monolithics/castables (fire-clay, basic, silica, high alumina, insulating)"
6903.90.90,Other
6904.10,Building bricks
6904.10.00,Building bricks
6904.90,Other
6904.90.00,Other
6905.10,Roofing tiles
6905.10.00,Roofing tiles
6905.90,Other
6905.90.00,Other
6906,"Ceramic pipes, conduits, guttering and pipe fittings."
6906.00,"Ceramic pipes, conduits, guttering and pipe fittings."
6906.00.00,"Ceramic pipes, conduits, guttering and pipe fittings"
6907,"CERAMIC MOSAIC CUBES AND THE LIKE, WHETHER OR NOT ON"
69072100,Of a water absorption coefficient by weight not exceeding 0.5%
690722,00
69072300,Of a water absorption coefficient by weight exceeding 10%
690730,"Mosaic cubes and the like, other than those of sub-heading 6907 40:"
69073010,"Mosaic cubes and the like, other than those of sub-heading 6907 40"
690740,Finishing ceramics:
69074010,Finishing ceramics
6908.10,largest surface area of which is capable of being enclosed in a
6908.10.10,Omitted
6908.10.20,Omitted
6908.10.90,Omitted
6908.90,Other
6908.90.10,Omitted
6908.90.20,Omitted
6908.90.90,Omitted
6909.11,of porcelain or china
6909.11.00,Of porcelain or china
6909.12.00,Articles having a hardness equivalent to 9 or more on the Mohs scale
6909.19,Other
6909.19.10,Ceramic filter candle
6909.19.90,Other
6909.90,Other
6909.90.00,Other
6910,"water closet pans, flushing cisterns, urinals and similar sanitary"
6910.10,of porcelain or china
6910.10.00,Of porcelain or china
6910.90,Other
6910.90.00,Other
6911.10,Tableware and kitchenware <br> Table ware :
6911.10.11,Of Bone china and soft porcelain
6911.10.19,Other <br> Kitchenware :
6911.10.21,Of Bone china and soft porcelain
6911.10.29,Other
6911.90,Other
6911.90.10,Toilet articles
6911.90.20,Water filters of a capacity not exceeding 40 Litres
6911.90.90,Other
6912.00.10,Tableware
6912.00.20,Kitchenware
6912.00.30,Toilet articles
6912.00.40,Clay articles
6912.00.90,Other
6913,Statuettes and other ornamental ceramic articles.
6913.10,of porcelain or china
6913.10.00,Of porcelain or china
6913.90,Other
6913.90.00,Other
6914,Other ceramic articles.
6914.10,of porcelain or china
6914.10.00,Of porcelain or china
6914.90,Other
6914.90.00,Other
7001,Cullet and other waste and scrap of glass; glass in the mass.
7001.00,Cullet and other waste and scrap of glass; glass in the mass.
7001.00.10,Cullet and other waste and scrap of glass
7001.00.20,`Enamel’ glass in the mass
7001.00.90,Other
7002.10,balls
7002.10.00,Balls
7002.20,rods
7002.20.10,Enamel glass rods
7002.20.90,Other <br> tubes :
7002.31,of fused quartz or Other fused silica
7002.31.00,Of fused quartz or other fused silica
7002.32,exceeding 5 x 10-6 per Kelvin within a temperature range of 0 °C to
7002.39,Other
7002.39.00,Other
7003,"having an absorbent, reflecting or non-reflecting layer, but not"
7003.12.10,Tinted
7003.12.90,Other
7003.19,Other
7003.19.10,Tinted
7003.19.90,Other
7003.20,Wired sheets
7003.20.10,Tinted
7003.20.90,Other
7003.30,profiles
7003.30.10,Tinted
7003.30.90,Other
7004,"absorbent, reflecting or non-reflecting layer, but not otherwise"
7004.20.11,Tinted
7004.20.19,Other <br> Other :
7004.20.91,Tinted
7004.20.99,Other
7004.90,Other glass <br> window glass (sheet glass)
7004.90.11,Tinted
7004.90.19,Other <br> Other :
7004.90.91,Tinted
7004.90.99,Other
7005,"or not having an absorbent, reflecting or non-reflecting layer, but not"
7005.10.10,Tinted
7005.10.90,Other <br> Other non wide glass :
7005.21.10,Tinted
7005.21.90,Other
7005.29,Other
7005.29.10,Tinted
7005.29.90,Other
7005.30,Wired glass
7005.30.10,Tinted
7005.30.90,Other
7006,"drilled, enamelled or otherwise worked, but not framed or fitted with"
7006.00,"drilled, enamelled or otherwise worked, but not framed or fitted with"
7006.00.00,"drilled, enameled or otherwise worked, but not framed or fitted with other"
7007,"Safety glass, consisting of toughened (tempered) or laminated glass."
7007.19,Other
7007.19.00,Other <br> Laminated safety glass:
7007.21.10,Bullet proof glass
7007.21.90,Other
7007.29,Other
7007.29.00,Other
7008,Multiple-walled insulating units of glass.
7008.00,Multiple-walled insulating units of glass.
7008.00.10,"Glazed glass, Multiple walled"
7008.00.20,"Glazed glass, multiple walled"
7008.00.90,Other
7009,"Glass mirrors, whether or not framed, including rear-view mirrors."
7009.10,Rear-view mirrors for vehicles
7009.10.10,Prismatic rear view mirror for vehicles
7009.10.90,Other <br> Other :
7009.91,Unframed
7009.91.00,Unframed
7009.92,Framed
7009.92.00,Framed
7010.10,Ampoules
7010.10.00,Ampoules
7010.20,"Stoppers, lids and Other closures"
7010.20.00,"Stoppers, lids and other closures"
7010.90,Other
7010.90.00,Other
7011,"thereof, without fittings, for electric lamps, cathode-ray tubes or the"
7011.10,for electric lighting
7011.10.10,Glass envelopes for fluorescent lamps
7011.10.20,Glass envelopes for filament lamps
7011.10.90,Other
7011.20,for cathode-ray tubes
7011.20.00,For cathode-ray tubes
7011.90,Other
7011.90.10,Glass envelopes for electronic valves
7011.90.90,Other
7013,decoration or similar purposes (other than that of heading 7010 or
7013.10,of glass-ceramics
7013.22,of lead crystal
7013.22.00,Of lead crystal
7013.28,Other
7013.28.00,Other <br> Other drinking glasses other of glass ceramics :
7013.33,of lead crystal
7013.33.00,Of lead crystal
7013.37,Other
7013.41,of lead crystal
7013.41.00,Of lead crystal
7013.49,Other
7013.49.00,Other <br> other glass ware :
7013.91,of lead crystal
7013.91.00,Of lead crystal
7013.99,Other
7013.99.00,Other
7014.00.10,Signalling glassware
7014.00.20,Optical elements
7015.10,Glasses for corrective spectacles
7015.10.10,Ophthalmic rough blanks
7015.10.20,Flint button
7015.10.90,Other
7015.90,Other
7015.90.10,"the like, glass spheres and segments of spheres for the manufacture of"
7015.90.20,Glass for sun glasses
7015.90.90,Other
7016.90,Other
7016.90.00,Other
7017.10,of fused quartz or Other fused silica
7017.10.00,Of fused quartz or other fused silica
7017.20,exceeding 5 x 10-6 per Kelvin within a temperature range of 0 °C to
7017.90,Other
7017.90.10,Graduated or calibrated laboratory glassware
7017.90.20,Pharmaceutical glassware
7017.90.30,Hygienic glassware
7017.90.90,Other
7018.10.10,Bangles
7018.10.20,Beads
7018.10.90,Other
7018.20,- Glass microspheres not exceeding 1 mm in diameter
7018.20.00,Glass microspheres not exceeding 1 mm in diameter
7018.90,Other
7018.90.10,Glass Statues
7018.90.90,Other
7019.11,"-- Chopped strands, of a length of not more than 50 mm"
7019.11.00,"Chopped strands, of a length of not more than 50 mm"
7019.12,Rovings
7019.12.00,Rovings
7019.19,Other
7019.31,mats
7019.31.00,Mats
7019.32,Thin sheets (voiles)
7019.32.00,Thin sheets (voiles)
7019.39,Other
7019.39.00,Other
7019.40,woven fabrics of Rovings
7019.40.00,Woven fabrics of rovings <br> Other Woven fabrics :
7019.51,-- Of a width not exceeding 30 cm
7019.51.00,Of a width not exceeding 30 cm
7019.59,Other
7019.59.00,Other
7019.90,Other
7019.90.10,Glass wool/glass fibre
7019.90.90,Other
7020,Other articles of glass.
7020.00,Other articles of glass.
7020.00.11,Globes for lamps and lanterns
7020.00.12,Founts for kerosene wick lamps
7020.00.19,Other <br> Glass chimneys :
7020.00.21,For lamps and lanterns
7020.00.29,Other
7020.00.90,Other
7101,"strung, mounted or set; pearls, natural or cultured, temporarily"
7101.10,Natural pearls
7101.10.10,Unworked
7101.10.20,Worked
7101.21.00,Unworked
7101.22,Worked
7101.22.00,Worked
7102,"Diamonds, whether or not worked, but not mounted or set."
7102.10.00,Unsorted
7102.21,"Unworked or simply sawn, cleaved or bruted"
7102.21.10,Sorted
7102.21.20,Unsorted
7102.29,Other
7102.29.10,Crushed
7102.29.90,Other
7102.31,"Non-Industrial Unworked or simply sawn, cleaved or bruted"
7102.31.00,"Unworked or simply sawn, cleaved or bruted"
7102.39,Other
7102.39.10,"Diamond, cut or otherwise worked but not mounted or set"
7102.39.90,Other
7103.10,Unworked or simply sawn or roughly shaped <br> Precious stones :
7103.10.11,Emerald
7103.10.12,Ruby & Sapphire
7103.10.19,Other
7103.10.21,Feldspar (Moon stone)
7103.10.22,Garnet
7103.10.23,Agate
7103.10.24,Green Aventurine
7103.10.29,Other
7103.91,"Rubies, sapphires and emeralds"
7103.91.00,"Ruby, sapphire and emerald:"
7103.99,Other
7103.99.10,Feldspar (Moon Stone)
7103.99.20,Garnet
7103.99.30,Agate
7103.99.40,Chalcedony
7103.99.90,Other
7104.10,Piezo-electric quartz
7104.10.00,Piezo-electric quartz
7104.20,"Other, Unworked or simply sawn or roughly shaped"
7104.20.00,"Other, uncorked or simply sawn or roughly shaped"
7104.90,Other
7104.90.00,Other
7105.10,of diamonds
7105.10.00,"Of diamonds,"
7105.90,Other
7105.90.00,Other
7106.10,powder
7106.10.00,Powder
7106.91,Unwrought
7106.91.00,Unwrought
7106.92,Semi-manufactured
7106.92.10,"Sheets, plates, strips, tubes and pipes"
7106.92.90,Other
7107.00.00,"Base metals clad with silver, not further worked than semi-manufactured"
7108.11,powder
7108.11.00,Powder
7108.12,Other Unwrought forms
7108.12.00,Other unwrought forms
7108.13,Other Semi-manufactured forms
7108.13.00,Other semi- manufactured forms
7108.20,Monetary
7108.20.00,Monetary
7110.11,Unwrought or in powder form
7110.11.10,Unwrought
7110.11.20,In powder form
7110.19,Other
7110.19.00,Other
7110.21,Unwrought or in powder form
7110.21.00,Unwrought or in powder form
7110.29,Other
7110.29.00,Other <br> rhodium:
7110.31,Unwrought or in powder form
7110.31.00,Unwrought or in powder from:
7110.39,Other
7110.39.00,"Other <br> iridium,osmium and ruthenium"
7110.41,Unwrought or in powder form
7110.41.00,Unwrought or in powder from
7110.49,Other
7110.49.00,Other
7112.30,ash containing precious metal or precious metal compounds
7112.30.00,Ash containing precious metal or precious metal compounds <br> other
7112.99,Other
7112.99.20,Sweepings containing gold or silver
7112.99.90,Other
7113.11,"of Silver, whether or Not plated or clad with Other precious metal"
7113.11.10,Jewellery with filigree work
7113.11.20,Silver Jewellery with gems
7113.11.30,Other articles of Jewellery
7113.11.90,Parts
7113.19.10,"Of gold, unstudded"
7113.19.20,"Of gold, set with pearls"
7113.19.30,Of gold set with diamonds
7113.19.40,"Of gold, set with other precious and semi-precious stones"
7113.19.50,"Of platinum, unstudded"
7113.19.60,Parts
7113.19.90,Other
7113.20,of base metal clad with precious metal
7113.20.00,Of base metal clad with precious metal:
7114.11,"of Silver, whether or Not plated or clad with Other precious metal"
7114.11.10,Articles
7114.11.20,Parts
7114.19.10,Articles of gold
7114.19.20,Articles of platinum
7114.19.30,Parts
7114.20,of base metal clad with precious metal
7114.20.10,Articles clad with gold
7114.20.20,Other articles
7114.20.30,Parts
7115,Other articles of precious metal or of metal clad with precious metal.
7115.10,Mushrooms of the genus Agaricus
7115.10.00,"Catalysts in the from of wire cloth or grill, of platinum"
7115.90,Other
7115.90.10,Laboratory and industrial articles of precious metal
7115.90.20,Spinneret’s made mainly of gold
7115.90.90,Other
7116.10,of Natural or cultured pearls
7116.10.00,Of natural or cultured pearls
7116.20.00,"Of precious or semi-precious stones (natural, synthetic or reconstructed)"
7117,Imitation jewellery.
7117.11,Cuff-links and studs
7117.11.00,Cuff-links and studs
7117.19,Other
7117.19.10,Bangles
7117.19.20,German Silver jewellery
7117.19.90,Other
7117.90,Other
7117.90.10,Jewellery studded with imitation pearls or imitation or synthetic stones
7117.90.90,Other
7118,Coin.
7118.10,"Coin (Other than gold Coin), Not being legal tender"
7118.10.00,"Coin (other than gold coin), not being legal tender"
7118.90,Other
7118.90.00,other
7201,"Pig iron and spiegeleisen in pigs, blocks or other primary forms."
7201.10,- Non-alloy pig iron containing by weight 0.5% or less of phosphorus
7201.10.00,Non-alloy pig iron containing by weight 0.5% or less of phosphorus
7201.20.00,Non-alloy pig iron containing by weight more than 0.5% of phosphorus
7201.50,- Alloy pig iron; spiegeleisen
7201.50.10,Cast iron
7201.50.90,Other
7202,Ferro-alloys.
7202.11,-- Containing by weight more than 2% of carbon
7202.11.00,Containing by weight more than 2% of carbon
7202.19,Other
7202.19.00,Other <br> Ferro-silicon:
7202.21,-- Containing by weight more than 55% of silicon
7202.21.00,Containing by weight more than 55% of silicon
7202.29,Other
7202.29.00,Other
7202.30,Ferro-silico-Manganese
7202.30.00,Ferro-silico-manganese <br> Ferro-chromium:
7202.41,-- Containing by weight more than 4% of carbon
7202.41.00,Containing by weight more than 4% of carbon
7202.49,Other
7202.49.00,Other
7202.50,Ferro-silico-chromium
7202.50.00,Ferro-silico-chromium
7202.60,Ferro-nickel
7202.60.00,Ferro-nickel
7202.70,Ferro-molybdenum
7202.70.00,Ferro-molybdenum
7202.80,Ferro-tungsten and Ferro-silico-tungsten
7202.80.00,Ferro tungsten and ferro-silico-tungsten <br> Other:
7202.91,Ferro-titanium and Ferro-silico-titanium
7202.91.00,Ferro-titanium and Ferro-silico-titanium
7202.92,Ferro-vanadium
7202.92.00,Ferro-vanadium
7202.93,Ferro-niobium
7202.93.00,Ferro-niobium
7202.99.11,Ferro-phosphorus
7202.99.12,Ferro-selenium
7202.99.13,Ferro-cobalt
7202.99.14,Ferro-columbium
7202.99.15,Ferro-zirconium
7202.99.16,"Ferro-tantalum <br> Ferro-silico-zirconium, Ferro-silico-magnesium:"
7202.99.21,Ferro-silico-zirconium
7202.99.22,"Ferro-silico-magnesium, <br> Ferro-boron, Charge-chrome:"
7202.99.31,Ferro-boron
7202.99.32,Charge-chrome
7202.99.90,Other
7203.10,Ferrous Products obtained by Direct reduction of iron ore
7203.10.00,Ferrous products obtained by direct reduction Of iron ore
7203.90,Other
7203.90.00,Other
7204,Ferrous waste and scrap; remelting scrap ingots of iron or steel.
7204.10,Waste and scrap of cast iron
7204.10.00,Waste and scrap of cast iron <br> Waste and scrap of alloy steel:
7204.21,of stainless steel
7204.21.10,Empty or discharged cartridges of all bores and sizes
7204.21.90,Other
7204.29,Other
7204.29.10,Empty or discharged cartridges of all bores and sizes
7204.29.20,Of High speed steel
7204.29.90,Other
7204.30,Waste and scrap of tinned iron or steel
7204.30.00,Waste and scrap of tinned iron or steel <br> other waste and scrap
7204.49,Other
7204.49.00,Other
7204.50,Remelting scrap ingots
7204.50.00,Remelting scrap ingots
7205,"Granules and powders, of pig iron, spiegeleisen, iron or steel."
7205.10,granules <br> of iron
7205.10.11,Shot and angular grit
7205.10.12,Wire pellets
7205.10.19,Other <br> Of alloy steel:
7205.10.21,Shot and angular grit
7205.10.22,Wire pellets
7205.10.29,Other
7205.10.90,Other: <br> Powders:
7205.21,of alloy steel
7205.21.00,Of alloy steel
7205.29,Other
7205.29.10,Of iron
7205.29.90,Other <br> II. IRON AND NON-ALLOY STEEL
7206.10,ingots
7206.10.10,Of iron
7206.10.20,Of high carbon steel
7206.10.90,Other
7206.90,Other <br> of iron
7206.90.11,Puddled bars and pilings
7206.90.12,"Blocks, lumps and similar forms"
7206.90.19,Other <br> Other:
7206.90.91,Puddled bars and pilings
7206.90.92,"Blocks, lumps and similar forms"
7206.90.99,Other
7207,Semi-finished products of iron or non-alloy steel.
7207.11.10,Electrical quality
7207.11.20,Forging quality
7207.11.30,Seamless steel tube quality
7207.11.90,Other
7207.12,"Other, of rectangular (Other than square) cross-section"
7207.12.10,Electrical quality
7207.12.20,Forging quality
7207.12.30,Seamless steel tube quality
7207.12.90,Other
7207.19,Other
7207.19.10,Forged blanks of non-alloy steel
7207.19.20,Mild steel (MS) billets
7207.19.90,Other
7207.20,- Containing by weight 0.25% or more of carbon
7207.20.10,Forging quality
7207.20.20,Spring steel quality
7207.20.30,Seamless steel tube quality
7207.20.90,Other
7208.10,"in coils, Not further Worked than hot-Rolled, with patterns in relief"
7208.25,-- Of a thickness of 4.75 mm or more
7208.25.10,Plates
7208.25.20,Universal plates
7208.25.30,Sheets
7208.25.40,Strip
7208.25.90,Other
7208.26,-- Of a thickness of 3 mm or more but less than 4.75 mm
7208.26.10,Plates
7208.26.20,Universal plates
7208.26.30,Sheets
7208.26.40,Strip
7208.26.90,Other
7208.27,-- Of a thickness of less than 3 mm
7208.27.10,Plates
7208.27.20,Universal plates
7208.27.30,Sheets
7208.27.40,Strip
7208.27.90,"Other <br> Other, in coils, not further worked than hot-rolled:"
7208.36,-- Of a thickness exceeding 10 mm
7208.36.10,Plates
7208.36.20,Universal plates
7208.36.30,Sheets
7208.36.40,Strip
7208.36.90,Other
7208.37,-- Of a thickness of 4.75 mm or more but not exceeding 10 mm
7208.37.10,Plates
7208.37.20,Universal plates
7208.37.30,Sheets
7208.37.40,Strip
7208.37.90,Other
7208.38,-- Of a thickness of 3 mm or more but less than 4.75 mm
7208.38.10,Plates
7208.38.20,Universal plates
7208.38.30,Sheets
7208.38.40,Strip
7208.38.90,Other
7208.39,-- Of a thickness of less than 3 mm
7208.39.10,Plates
7208.39.20,Universal plates
7208.39.30,Sheets
7208.39.40,Strip
7208.39.90,Other
7208.40.10,Plates
7208.40.20,Universal plates
7208.40.30,Sheets
7208.40.40,Strip
7208.40.90,"Other <br> Other, not in coils, not further worked than hot-rolled:"
7208.51,-- Of a thickness exceeding 10 mm
7208.51.10,Plates
7208.51.20,Universal plates
7208.51.30,Sheets
7208.51.40,Strip
7208.51.90,Other
7208.52,-- Of a thickness of 4.75 mm or more but not exceeding 10 mm
7208.52.10,Plates
7208.52.20,Universal plates
7208.52.30,Sheets
7208.52.40,Strip
7208.52.90,Other
7208.53,-- Of a thickness of 3 mm or more but less than 4.75 mm
7208.53.10,Plates
7208.53.20,Universal plates
7208.53.30,Sheets
7208.53.40,Strip
7208.53.90,Other
7208.54,-- Of a thickness of less than 3 mm
7208.54.10,Plates
7208.54.20,Universal plates
7208.54.30,Sheets
7208.54.40,Strip
7208.54.90,Other
7208.90,Other
7208.90.00,Other
7209.15,-- Of a thickness of 3 mm or more
7209.15.10,Plates
7209.15.20,Sheets
7209.15.30,Strip
7209.15.90,Other
7209.16,-- Of a thickness exceeding 1 mm but less than 3 mm
7209.16.10,Plates
7209.16.20,Sheets
7209.16.30,Strip
7209.16.90,Other
7209.17,-- Of a thickness of 0.5 mm or more but not exceeding 1 mm
7209.17.10,Plates
7209.17.20,Sheets
7209.17.30,Strip
7209.17.90,Other
7209.18,-- Of a thickness of less than 0.5 mm
7209.18.10,Plates
7209.18.20,Sheets
7209.18.30,Strip
7209.18.90,"Other <br> not in coils, not further worked than cold-rolled (cold reduced)"
7209.25,-- Of a thickness of 3 mm or more
7209.25.10,Plates
7209.25.20,Sheets
7209.25.30,Strip
7209.25.90,Other
7209.26,-- Of a thickness exceeding 1 mm but less than 3 mm
7209.26.10,Plates
7209.26.20,Sheets
7209.26.30,Strip
7209.26.90,Other
7209.27,-- Of a thickness of 0.5 mm or more but not exceeding 1 mm
7209.27.10,Plates
7209.27.20,Sheets
7209.27.30,Strip
7209.27.90,Other
7209.28,-- Of a thickness of less than 0.5 mm
7209.28.10,Plates
7209.28.20,Sheets
7209.28.30,Strip
7209.28.90,Other
7209.90,Other
7209.90.00,Other:
7210.11,-- Of a thickness of 0.5 mm or more
7210.11.10,OTS/MR Type
7210.11.90,Other
7210.12,-- Of a thickness of less than 0.5 mm
7210.12.10,OTS/MR Type
7210.12.90,Other
7210.20,"plated or coated with lead, including terne-plate"
7210.20.00,"Plated or coated with lead, including terne-plate"
7210.30,Electrolytically plated or coated with zinc
7210.30.10,Corrugated
7210.30.90,Other <br> otherwise plated or coated with zinc
7210.41,Corrugated
7210.41.00,Corrugated
7210.49,Other
7210.49.00,Other
7210.61,plated or coated with aluminium-zinc alloys
7210.61.00,Plated or coated with aluminium-zinc alloys
7210.69,Other
7210.69.00,Other
7210.70,"Painted, varnished or coated with plastics"
7210.70.00,"Painted, varnished or coated with plastics"
7210.90,Other
7210.90.10,Lacquered
7210.90.90,Other
7211.13150,"mm and a thickness of not less than 4 mm, not in coils and"
7211.13.00,"mm and a thickness of not less than 4 mm, not in coils and without"
7211.14,"-- Other, of a thickness of 4.75 mm or more"
7211.14.10,Flats
7211.14.20,Universal plates
7211.14.30,Hoops
7211.14.40,Sheets
7211.14.50,Strip
7211.14.60,Skelp
7211.14.90,Other
7211.19,Other
7211.19.10,Flats
7211.19.20,Universal plates
7211.19.30,Hoops
7211.19.40,Sheets
7211.19.50,Strip
7211.19.60,Skelp
7211.19.90,Other <br> Not further worked than cold-rolled (cold-reduced):
7211.23,-- Containing by weight less than 0.25% of carbon
7211.23.10,Flats
7211.23.20,Universal plates
7211.23.30,Hoops
7211.23.40,Sheets
7211.23.50,Strip
7211.23.90,Other
7211.29,Other
7211.29.10,Flats
7211.29.20,Universal plates
7211.29.30,Hoops
7211.29.40,Sheets
7211.29.50,Strip
7211.29.60,Skelp
7211.29.90,Other
7211.90,Other <br> universal plates
7211.90.11,Of boiler quality
7211.90.12,Of high tensile quality
7211.90.13,Of ship building quality
7211.90.90,Other
7212.10,plated or coated with tin
7212.10.10,OTS/MR Type
7212.10.90,Other
7212.20,Electrolytically plated or coated with zinc
7212.20.10,Corrugated
7212.20.90,Other
7212.30,otherwise plated or coated with zinc
7212.30.10,Corrugated
7212.30.90,Other
7212.40,"Painted, varnished or coated with plastics"
7212.40.00,"Painted, varnished or coated with plastic"
7212.50,otherwise plated or coated
7212.50.10,Plated or coated with lead
7212.50.20,Lacquered
7212.50.90,Other
7212.60,clad
7212.60.00,Clad
7213.10.10,Of free cutting steel
7213.10.90,Other
7213.20,"Other, of free-cutting steel"
7213.20.10,Electrode quality
7213.20.20,Cold heading quality
7213.20.90,Other <br> Other:
7213.91,-- Of circular cross-section measuring less than 14 mm in diameter
7213.91.10,Electrode quality
7213.91.20,Cold heading quality
7213.91.90,other
7213.99,Other
7213.99.10,Electrode quality
7213.99.20,Cold heading quality
7213.99.90,Other
7214,"than forged, hot-rolled, hot-drawn or hot-extruded, but including"
7214.10,forged
7214.10.10,Spring steel quality
7214.10.90,Other
7214.20.10,Spring steel quality
7214.20.90,Other
7214.30,"Other, of free-cutting steel"
7214.30.00,"Other, of free cutting steel <br> Other:"
7214.91,of rectangular (Other than square) cross-section
7214.91.10,Mild steel bright bar
7214.91.90,Other
7214.99,Other
7214.99.10,Of spring steel quality
7214.99.90,Other
7215,Other bars and rods of iron or non-alloy steel.
7215.10.00,"Of free-cutting steel, not further worked than cold-formed or cold-finished"
7215.50,"Other, Not further Worked than Cold-formed or Cold-finished"
7215.50.10,Mild steel bright bar
7215.50.90,Other
7215.90,Other
7215.90.10,Plated or coated with zinc
7215.90.20,Plated or coated with other base metals
7215.90.90,Other
7216,"Angles, shapes and sections of iron or non-alloy steel."
7216.21,l sections
7216.21.00,L sections
7216.22,T sections
7216.31,U sections
7216.31.00,U sections
7216.32,I sections
7216.32.00,I sections
7216.33,H sections
7216.33.00,H sections
7216.50.00,"drawn or extruded <br> Angles, shapes and sections, not further worked"
7216.61,obtained from flat-Rolled Products
7216.61.00,Obtained from flat-rolled products
7216.69,Other
7216.69.00,Other <br> Other:
7216.91,Cold-formed or Cold-finished from flat-Rolled Products
7216.91.00,Cold-formed or cold-finished from flat rolled products
7216.99,Other
7216.99.10,Plated or coated with zinc
7216.99.20,Plated or coated with base metals other than zinc
7216.99.30,Slotted angles and slotted channels
7216.99.40,Forged
7216.99.90,Other
7217,Wire of iron or non-alloy steel.
7217.10,"Not plated or coated, whether or Not polished"
7217.10.10,Of a thickness of 18 SWA and below
7217.10.20,Of a thickness above 18 SWA but upto 26 SWA
7217.10.30,Of a thickness above 26 SWA
7217.20,plated or coated with zinc
7217.20.10,Of a thickness of 18 SWA and below
7217.20.20,Of a thickness above 18 SWA but upto 26 SWA
7217.20.30,Of a thickness above 26 SWA
7217.30,plated or coated with Other base metals
7217.30.10,Of a thickness of 18 SWA and below
7217.30.20,Of a thickness above 18 SWA but upto 26 SWA
7217.30.30,Of a thickness above 26 SWA
7217.90,Other <br> shaped and profiled wire:
7217.90.11,of cross section – half round
7217.90.12,of cross section – flat and rectangular
7217.90.13,of cross section – ‘z’ shaped
7217.90.19,of cross section – other shapes <br> Other:
7217.90.91,High tensile quality
7217.90.92,Electrode quality
7217.90.93,Electric resistance wire (including electric resistance heating wire)
7217.90.99,Other <br> III – STAINLESS STEEL
7218.10,ingots and Other primary forms
7218.10.00,Ingots and other primary forms <br> Other:
7218.91,of rectangular (Other than square) cross-section
7218.91.00,Of rectangular (other than square) cross-section
7218.99,Other
7218.99.10,Billets
7218.99.90,Other
7219,"Flat-rolled products of stainless steel, of a width of 600 mm or more."
7219.11,-- Of a thickness exceeding 10 mm
7219.11.11,Not exceeding 14 mm
7219.11.12,Exceeding 14 mm
7219.11.90,Other
7219.12,-- Of a thickness of 4.75 mm or more but not exceeding 10 mm
7219.12.00,Of a thickness of 4.75 mm or more but not exceeding 10 mm
7219.13,-- Of a thickness of 3 mm or more but less than 4.75 mm
7219.13.00,Of a thickness of 3 mm or more but less than 4.75 mm
7219.14,-- Of a thickness of less than 3 mm
7219.21,-- Of a thickness exceeding 10 mm
7219.21.1114,mm and above
7219.21.21,Not exceeding 14 mm
7219.21.22,Exceeding 14 mm <br> Other Chromium type:
7219.21.31,Not exceeding 14 mm
7219.21.32,Exceeding 14 mm <br> Other Nickel chromium austenitic type:
7219.21.41,Not exceeding 14 mm
7219.21.42,Exceeding 14 mm
7219.21.90,Other
7219.22,-- Of a thickness of 4.75 mm or more but not exceeding 10 mm
7219.22.11,Chromium type
7219.22.12,Nickel chromium austenitic type
7219.22.19,Other <br> other
7219.22.91,Chromium type
7219.22.92,Nickel chromium austenitic type
7219.22.99,Other
7219.23,-- Of a thickness of 3 mm or more but less than 4.75 mm
7219.23.10,Chromium type
7219.23.20,Nickel chromium austenitic type
7219.23.90,Other
7219.24,"Of a thickness of less than 3 mm <br> chromium type, of a thickness"
7219.24.11,Below 0.35 mm
7219.24.120.35,mm and above but below 0.56 mm
7219.24.130.56,mm and above but below 0.90 mm
7219.24.19,Other <br> Nickel chromium austenitic type of a thickness:
7219.24.21,Below 0.35 mm
7219.24.220.35,mm and above but below 0.56 mm
7219.24.230.56,mm and above but below 0.90 mm
7219.24.29,Other
7219.24.90,Other <br> Not further worked than cold-rolled (cold reduced):
7219.31,-- Of a thickness of 4.75 mm or more
7219.31.11,Not exceeding 14 mm
7219.31.12,Exceeding 14 mm <br> Nickel chromium austenitic type:
7219.31.21,Not exceeding 14 mm
7219.31.22,Exceeding 14 mm
7219.31.90,Other
7219.32,-- Of a thickness of 3 mm or more but less than 4.75 mm
7219.32.10,Chromium type
7219.32.20,Nickel chromium austenitic type
7219.32.90,Other
7219.33,-- Of a thickness exceeding 1 mm but less than 3 mm
7219.33.10,Chromium type
7219.33.20,Nickel chromium austenitic type
7219.33.90,Other
7219.34,-- Of a thickness of 0.5 mm or more but not exceeding 1 mm
7219.34.10,Chromium type
7219.34.20,Nickel chromium austenitic type
7219.34.90,Other
7219.35,-- Of a thickness of less than 0.5 mm
7219.35.10,Chromium type
7219.35.20,Nickel chromium austenitic type
7219.35.90,Other
7219.90,Other
7219.90.11,"Thickness more than 4.75 mm, worked"
7219.90.12,"Thickness 3 mm to 4.75 mm, worked"
7219.90.13,"Thickness less than 3 mm, worked"
7219.90.90,Other <br> sheets and plates
7220.11,-- Of a thickness of 4.75 mm or more
7220.11.21,Chromium type
7220.11.22,Nickel chromium austenitic type
7220.11.29,Other
7220.11.90,Other
7220.12,-- Of a thickness of less than 4.75 mm
7220.12.21,Chromium type
7220.12.22,Nickel chromium austenitic type
7220.12.29,Other
7220.12.90,Other
7220.20,- Not further worked than cold-rolled (cold-reduced)
7220.20.21,Chromium type
7220.20.22,Nickel chromium austenitic type
7220.20.29,Other
7220.20.90,Other
7220.90,Other
7220.90.21,Chromium type
7220.90.22,Nickel chromium austenitic type
7220.90.29,Other
7220.90.90,Other
7221.00.11,Chromium type
7221.00.12,Nickel chromium austenitic type
7221.00.19,Other
7221.00.90,Other
7222.11,of circular cross-section <br> bright bars
7222.11.11,Chromium type
7222.11.12,Nickel chromium austenitic type
7222.11.19,Other <br>other
7222.11.91,Chromium type
7222.11.92,Nickel chromium austenitic type
7222.11.99,Other
7222.19,Other <br> bright bars
7222.19.11,Chromium type
7222.19.12,Nickel chromium austenitic type
7222.19.19,Other <br> Other:
7222.19.91,Chromium type
7222.19.92,Nickel chromium austenitic type
7222.19.99,Other
7222.20.11,Chromium type
7222.20.12,Nickel chromium austenitic type
7222.20.19,Other<br> Other:
7222.20.91,Chromium type
7222.20.92,Nickel chromium austenitic type
7222.20.99,Other
7222.30,Other bars and rods <br> bright bars
7222.30.11,Chromium type
7222.30.12,Nickel chromium austenitic type
7222.30.19,Other <br>other
7222.30.91,Chromium type
7222.30.92,Nickel chromium austenitic type
7222.30.99,Other
7222.40,"angles, shapes and sections"
7222.40.10,Of thickness of 80 mm and above
7222.40.20,Of below 80 mm
7223,Wire of stainless steel.
7223.00,Wire of stainless steel.
7223.00.10,Electrode quality <br> other
7223.00.91,Of thickness of above 1.5 mm
7223.00.92,Of thickness of 0.46 mm and above but not exceeding 1.5 mm
7223.00.99,Of thickness of below 0.46 mm
7224.10,ingots and Other primary forms
7224.10.00,Ingots and other primary forms
7224.90,Other
7224.90.10,Of tool steel quality
7224.90.20,Of die steel quality
7224.90.30,Of cobalt bearing high speed steel quality
7224.90.40,Forged blanks of alloy steel <br> Other:
7224.90.91,Billets
7224.90.99,Other
7225.11,Grain-Oriented
7225.11.00,Grain-oriented
7225.19,Other
7225.19.10,Hot Rolled
7225.19.10,Cold Rolled
7225.19.90,Other
7225.30,"Other, Not further Worked than hot-Rolled, in coils"
7225.30.10,Of spring steel quality
7225.30.90,Other
7225.40.11,Boiler quality
7225.40.12,Pressure vessel quality
7225.40.13,High tensile quality
7225.40.19,Other
7225.40.20,Of a thickness of 3 mm and above but not exceeding 4.75 mm
7225.40.30,Of a thickness of below 3 mm
7225.50,"- Other, not further worked than cold-rolled (cold-reduced)"
7225.50.10,Of a thickness of less than 3 mm
7225.50.20,Of a thickness of 3 mm to 4.75 mm
7225.50.30,Of a thickness of above 4.5 mm <br> Other:
7225.91,Electrolytically plated or coated with zinc
7225.91.00,Electrolytically plated or coated with zinc
7225.92,otherwise plated or coated with zinc
7225.92.00,Otherwise plated or coated with zinc
7225.99,Other
7225.99.00,Other
7226.11,Grain-Oriented
7226.11.00,Grain-oriented
7226.19,Other
7226.19.90,Other
7226.20,of High speed steel <br> hot rolled
7226.20.11,In coils
7226.20.12,Other <br> cold-rolled
7226.20.21,In coils
7226.20.22,Other
7226.20.30,Hoops and strips: <br> other
7226.91,Not further Worked than hot-Rolled
7226.91.10,Of a thickness of below 2 mm
7226.91.20,Of a thickness of 3 mm and above but not exceeding 4.75 mm
7226.91.30,High tensile quality of a thickness of above 4.75 mm
7226.91.90,Other
7226.92,-- Not further worked than cold-rolled (cold-reduced)
7226.92.10,Of a thickness of below 3 mm
7226.92.20,Of a thickness of 3 mm and above but not exceeding 4.75 mm
7226.92.30,Of a thickness of above 4.75 mm
7226.99,Other
7226.99.10,Of a thickness of above 4.75 mm
7226.99.20,Of a thickness of above 3 mm and but not exceeding 4.75 mm
7226.99.30,Of a thickness of below 3 mm
7226.99.40,Skelp (strips for pipes and tubes) <br> hoops and strips
7226.99.51,Hot rolled
7226.99.52,Cold rolled
7226.99.53,"Of spring steel, other than skelp"
7226.99.60,Skelps and strips for razor blades and saw blades
7226.99.90,Other
7227.10,of High speed steel
7227.10.00,Of high speed steel
7227.20,of silico-Manganese steel
7227.20.00,Of silico-manganese steel
7227.90,Other
7227.90.10,Of valve spring steel quality
7227.90.20,Of other spring steel quality
7227.90.30,Of ball bearing quality
7227.90.40,Of cold heading quality
7227.90.50,Lead-free cutting quality
7227.90.60,Sulphur free cutting quality
7227.90.90,Other
7228,"sections, of other alloy steel; hollow drill bars and rods, of alloy or"
7228.10,"bars and rods, of High speed steel"
7228.10.10,Bright bars
7228.10.90,Other
7228.20,"bars and rods, of silico-Manganese steel"
7228.20.00,"Bars and rods, of silico-manganese steel"
7228.30.11,Of alloy tool steel
7228.30.19,Other <br> Other:
7228.30.21,Of lead bearing steel
7228.30.22,Of spring steel
7228.30.23,Of sulphur bearing steel
7228.30.24,Of tool and die steel
7228.30.29,Other
7228.40,"Other bars and rods, Not further Worked than forged"
7228.40.00,"Other bars and rods, not further worked than forged"
7228.50.10,Of engine valves and cold heading steel
7228.50.90,Other
7228.60,Other bars and rods
7228.60.11,Of alloy tool steel
7228.60.12,Other <br> Other:
7228.60.91,Lead bearing steel
7228.60.92,Spring steel
7228.60.93,Sulphur bearing steel
7228.60.94,Tool and die steel
7228.60.99,Other
7228.70,"angles, shapes and sections"
7228.70.11,Of 80 mm or more
7228.70.21,Of 80 mm or more
7228.70.22,Of less than 80 mm
7228.80,Hollow Drill bars and rods
7228.80.10,Of alloy steel
7228.80.20,"Of non alloy steel, forged"
7228.80.90,Other
7229,Wire of other alloy steel.
7229.20,of silico-Manganese steel
7229.20.00,Of silico-manganese steel
7229.90.11,Tinned wire
7229.90.12,Bronze coated wire
7229.90.13,Trapezoidal wire
7229.90.14,Half round wire
7229.90.15,Crimped wire
7229.90.21,Electrode quality
7229.90.22,Wire rope quality
7229.90.31,Wire (excluding wire type lead)
7229.90.32,Spring wire
7229.90.33,High tensile wire
7229.90.34,Hardened and tempered wire
7229.90.40,Other wire <br> Shaped and profiled wires of cross-section:
7229.90.51,Half round
7229.90.52,Flat and rectangular
7229.90.53,'L'shape
7229.90.54,'Z' Shape
7229.90.59,Other
7229.90.60,Electric resistance wire (including electric resistance heating wire)
7229.90.70,Crimped wire
7229.90.90,Other
7301,"from assembled elements; welded angles, shapes and sections, of"
7301.10,sheet piling
7301.10.00,Sheet piling
7301.20,"angles, shapes and sections"
7301.20.10,Steel slotted angles
7301.20.90,Other
7302.10,Rails
7302.10.10,For Railways
7302.10.20,For Tramways
7302.10.90,Other
7302.30,"Switch blades, crossing frogs, point rods and Other crossing pieces"
7302.30.00,"Switch blades, crossing frogs, piont rods and other crossing pieces"
7302.40,fish-Plates and Sole Plates
7302.40.00,Fish-plates and sole plates
7302.90,Other
7302.90.10,Material for joining or fixing rails
7302.90.90,Other
7303,"Tubes, pipes and hollow profiles, of cast iron."
7303.00,"Tubes, pipes and hollow profiles, of cast iron."
7303.00.10,Rain water pipe
7303.00.20,Soil pipe
7303.00.30,Spun pipe
7303.00.90,Other
7304.11,of stainless steel
7304.11.20,Blanks for tubes and pipes
7304.11.90,Other
7304.19,Other
7304.19.10,Other:Tubes and pipes
7304.19.20,Blanks for tubes and pipes
7304.22,Drill pipe of stainless steel
7304.23,Other Drill pipe
7304.23.10,Other drill pipe: of iron
7304.23.90,Other
7304.24,"Other, of stainless steel"
7304.24.00,Other of stainless steel
7304.29,Other
7304.29.10,Other:Of iron
7304.29.90,"Other <br> Other, of circular cross-section, of iron or non-alloy steel:"
7304.31,-- Cold-drawn or cold-rolled (cold-reduced)
7304.31.11,Of iron
7304.31.19,Other <br> Above 114.3 mm but upto 219.1 mm outer diameter:
7304.31.21,Of iron
7304.31.29,Other <br> Above 219.1 mm outer diameter:
7304.31.31,Of iron
7304.31.39,Other
7304.39,Other
7304.39.11,Of iron
7304.39.19,Other <br> Above 114.3 mm but upto 219.1 mm outer diameter:
7304.39.21,Of iron
7304.39.29,Other <br> Above 219.1 mm outer diameter:
7304.39.31,Of iron
7304.39.39,"Other <br> Other, of circular cross-section, of stainless steel:"
7304.41,-- Cold-drawn or cold-rolled (cold-reduced)
7304.41.00,Cold drawn or cold rolled (cold reduced)
7304.49,Other
7304.49.00,"Other <br> Other, of circular cross-section, of other alloy steel:"
7304.51,-- Cold-drawn or cold-rolled (cold-reduced)
7304.51.10,Upto 114.3 mm outer diamter
7304.51.20,Above 114.3 mm but upto 219.1 mm outer diameter
7304.51.30,Above 219.1 mm outer diameter
7304.59,Other
7304.59.10,Upto 114.3 mm outer diamter
7304.59.20,Above 114.3 mm but upto 219.1 mm outer diameter
7304.59.30,Above 219.1 mm outer diameter
7304.90,Other
7304.90.00,Other
7305.11,Longitudinally submerged arc welded <br> galvanised pipes
7305.11.11,Of iron
7305.11.19,Other <br> Non-galvanised pipes:
7305.11.21,Of iron
7305.11.29,Other
7305.12,"Other, Longitudinally welded <br> galvanised pipes"
7305.12.11,Of iron
7305.12.19,Other <br> Non-galvanised pipes:
7305.12.21,Of iron
7305.12.29,Other
7305.19,Other <br> galvanised pipes
7305.19.11,Of iron
7305.19.19,Other <br> Non-galvanised (black) pipes:
7305.19.21,Of iron
7305.19.29,Other
7305.20,Casing of a kind used in Drilling for oil or gas
7305.20.10,Of iron
7305.20.90,"Other <br> Other, welded:"
7305.31,Longitudinally welded
7305.31.10,Of iron
7305.31.90,Other
7305.39,Other
7305.39.10,Of iron
7305.39.90,Other
7305.90,Other
7305.90.10,High pressure hydroelectric conduits of steel <br> erw precision tubes:
7305.90.21,Of iron
7305.90.29,Other <br> Other:
7305.90.91,Of iron
7305.90.99,Other
7306.11,"welded, of stainless steel"
7306.19,Other <br> galvanised pipes
7306.19.11,of iron
7306.19.19,Other <br> Non-galvanised pipes:
7306.19.21,Non-galvanised pipes: Of iron
7306.21,"welded, of stainless steel"
7306.29,Other
7306.29.11,Other: Of iron
7306.29.19,Other
7306.30,"Other, welded, of circular cross-section, of iron or Non-alloy steel"
7306.30.10,"Other, welded, of circular cross-section, of iron or non alloy steel: Of iron"
7306.30.90,Other
7306.40,"Other, welded, of circular cross-section, of stainless steel"
7306.40.00,"Other,welded,of circular cross-section,of stainless steel"
7306.50,"Other, welded, of circular cross-section, of Other alloy steel"
7306.61,of square or rectangular cross-section
7306.69,of Other Non-circular cross-section
7306.69.00,Of other non-circular cross-section
7306.90,Other <br>ERW precision tubes:
7306.90.11,Of iron
7306.90.19,Other
7306.90.90,Other
7307.11,of Non-malleable cast iron
7307.11.10,Sponge iron cast fittings
7307.11.20,SG iron cast fittings
7307.11.90,Other
7307.19,Other
7307.19.00,"Other <br> Other, of stainless steel:"
7307.21,Flanges
7307.21.00,Flanges
7307.22,"Threaded elbows, bends and sleeves"
7307.22.00,"Threaded elbows, bends and sleeves"
7307.23,Butt welding fittings
7307.23.00,Butt welding fittings
7307.29,Other
7307.29.00,Other <br> Other:
7307.91,Flanges
7307.91.10,Galvanised
7307.91.90,Other
7307.92,"Threaded elbows, bends and sleeves"
7307.92.10,Galvanised
7307.92.90,Other
7307.93,Butt welding fittings
7307.93.10,Galvanised
7307.93.90,Other
7307.99,Other
7307.99.10,Galvanised
7307.99.90,Other
7308,"and windows and their frames and thresholds for doors, and"
7308.10,- Bridges and bridge-sections
7308.10.00,Bridges and bridge-sections
7308.20,Towers and lattice masts <br> towers whether or not assembled
7308.20.11,For transmission line
7308.20.19,Other
7308.20.20,Lattice masts
7308.30,"Doors, windows and their frames and thresholds for Doors"
7308.30.00,"Doors, windows and their frames and thresholds for doors"
7308.40,"equipment for scaffolding, Shuttering, propping or pitpropping"
7308.40.00,"Equipment for scaffolding, shuttering, propping or pit-propping"
7308.90,Other
7308.90.10,"Beams, channels, pillars and girders prepared for, in structures"
7308.90.20,Drop rods
7308.90.30,"Hatchway, rails and bulkheads for ships or boats and parts of hull"
7308.90.40,Galvanised tension bars
7308.90.50,Structures and super structures for mining
7308.90.60,Truss rods
7308.90.70,Tubular steel poles for electric transmission and distribution lines
7308.90.90,Other
7309.00.10,G.I. tanks
7309.00.20,G.I. barrels and drums
7309.00.30,Pressed steel tanks
7309.00.40,Pressure vessels
7309.00.90,Other
7310.10,- Of a capacity of 50 l or more
7310.10.10,Tin plate containers
7310.10.20,Trunks and cases
7310.10.90,Other <br> of a capacity of lessthan 50 l
7310.21,Cans which are to be closed by soldering or crimping
7310.21.10,Tin plate containers
7310.21.90,Other
7310.29,Other
7310.29.10,Tin plate containers
7310.29.20,Trunks and cases
7310.29.90,Other
7311,"Containers for compressed or liquefied gas, of iron or steel."
7311.00,"Containers for compressed or liquefied gas, of iron or steel."
7311.00.10,Liquefied petroleum gas (L.P.G) cylinder
7311.00.30,High pressure cylinder (working pressure exceeding 35.2 kg/sq.cm)
7311.00.90,Other
7312.10,"Stranded Wire, ropes and cables"
7312.10.10,"Wire ropes, black"
7312.10.20,"Wire ropes, galvanised"
7312.10.30,Stranded wire
7312.10.90,Other
7312.90,Other
7312.90.00,Other
7313,"or not, and loosely twisted double wire, of a kind used for fencing, of"
7313.00,"or not, and loosely twisted double wire, of a kind used for fencing, of"
7313.00.10,Barbed wire
7314.12,"Endless bands for machinery, of stainless steel"
7314.12.00,"Endless bands for machinery, of stainless steel"
7314.14,"Other woven cloth, of stainless steel"
7314.14.10,"Wire gauze (wire cloth, wire mesh)"
7314.14.90,Other
7314.19,Other
7314.19.10,"Wire gauze (wire cloth, wire mesh)"
7314.19.90,Other
7314.20,maximum cross-sectional dimension of 3 mm or more and having a
7314.20.10,Wire netting
7314.20.90,"Other <br> Other grill, netting and fencing, welded at the intersection:"
7314.31,plated or coated with zinc
7314.31.00,Plated or coated with zinc
7314.39,Other
7314.39.00,"Other <br> Other cloth, grill, netting and fencing:"
7314.41,plated or coated with zinc
7314.41.10,Wire netting
7314.41.90,Other
7314.42,coated with plastics
7314.42.10,Wire netting
7314.42.90,Other
7314.49,Other
7314.49.10,Wire netting
7314.49.90,Other
7314.50,expanded metal
7314.50.00,Expanded metal
7315.11,Roller chain
7315.11.00,Roller chain
7315.12,Other chain
7315.12.10,Lifting and hoisting chain
7315.12.20,Ship chain
7315.12.90,Other
7315.19,Parts
7315.19.00,Parts
7315.20,Skid chain
7315.20.00,Skid chain <br> Other chain:
7315.81,Stud-link
7315.81.00,Stud link
7315.82,"Other, welded link"
7315.82.00,"Other, welded link"
7315.89,Other
7315.89.00,Other
7315.90,Other Parts
7315.90.00,Other parts
7316,"Anchors, grapnels and parts thereof, of iron or steel."
7316.00,"Anchors, grapnels and parts thereof, of iron or steel."
7316.00.10,Anchors and grapnels
7316.00.90,Parts
7317.00.11,For animal shoes
7317.00.12,For fixing heel strips and toe plates
7317.00.13,Wire nails
7317.00.19,Other nails <br> Spikes:
7317.00.21,Dos’s spikes
7317.00.29,Other
7317.00.30,Tacks <br> Other:
7317.00.91,"Staples, studs, drawing pin and other office stationery excluding pins"
7317.00.99,Other
7318,"cotter-pins, washers (including spring washers) and similar articles,"
7318.11,Coach screws
7318.11.10,Machine screws
7318.11.90,Other
7318.12,Other Wood screws
7318.12.00,Other wood screws
7318.13,Screw hooks and Screw rings
7318.13.00,Screw hooks and screw rings
7318.14,Self-tapping screws
7318.14.00,Self-tapping screws
7318.15,"Other screws and bolts, whether or Not with their nuts or washers"
7318.15.00,"Other screws and bolts, whether or not with their nuts or washers"
7318.16,nuts
7318.16.00,Nuts
7318.19,Other
7318.19.00,Other <br> Non-threaded articles:
7318.21,Spring washers and Other lock washers
7318.21.00,Spring washers and other lock washers
7318.22,Other washers
7318.22.00,Other washers
7318.23,Rivets
7318.23.00,Rivets
7318.24,Cotters and cotter-pins
7318.24.00,Cotters and cotter-pins
7318.29,Other
7318.29.10,Circlips
7318.29.90,Other
7319.40,Safety pins and other pins:
7319.4010,Safety pins
7319.4090,Other pins
7319.90.00,Other
7320,"Springs and leaves for springs, of iron or steel."
7320.10,leaf-springs and leaves therefor
7320.10.11,For motor vehicles
7320.10.12,For railways and tramways
7320.10.19,Other
7320.10.20,Leaves for springs
7320.20.00,Helical springs
7320.90,Other
7320.90.10,"Coil spring for railways, tramways"
7320.90.20,Spring pins
7320.90.90,Other
7321.11,for gas fuel or for both gas and Other fuels
7321.11.10,Cookers and kitchen stoves
7321.11.20,Other stoves
7321.11.90,Other <br> other appliances
7321.12,for liquid fuel
7321.12.10,Cookers and kitchen stoves
7321.12.20,Other stoves
7321.12.90,Other
7321.19,"Other, including Appliances for solid fuel"
7321.19.10,Cookers and kitchen stoves
7321.19.90,Other stoves and appliances
7321.81,for gas fuel or for both gas and Other fuels
7321.81.00,For gas fuel or for both gas and other fuels
7321.82,for liquid fuel
7321.82.00,For liquid fuel
7321.89,"Other, including Appliances for solid fuel"
7321.89.10,Clay tandoor (oven with iron or steel body and earthen grates)
7321.89.90,Other
7321.90,Parts
7321.90.00,Parts
7322.11,of cast iron
7322.11.00,Of cast iron
7322.19,Other
7322.19.00,Other
7322.90,Other
7322.90.10,Air heaters and hot air distributors
7322.90.90,Parts of an heaters and hot air distributors
7323,or steel; iron or steel wool; pot scourers and scouring or polishing
7323.91,"of cast iron, Not enamelled"
7323.91.10,Pans <br> baths
7323.91.90,Other
7323.92,"of cast iron, enamelled"
7323.92.00,"Of cast iron, enamelled:"
7323.93,of stainless steel
7323.93.10,Pressure cookers
7323.93.90,Other
7323.94,"of iron (Other than cast iron) or steel, enamelled"
7323.94.10,Ghamellas
7323.94.20,Utensils
7323.94.90,Other
7323.99,Other
7323.99.10,Utensils of galvanised iron
7323.99.20,Other utensils
7323.99.90,Other
7324,"Sanitary ware and parts thereof, of iron or steel."
7324.10,"sinks and wash basins, of stainless steel"
7324.10.00,"Sinks and wash basins, of stainless steel <br> Baths:"
7324.21,"of cast iron, whether or Not enamelled"
7324.21.00,"Of cast iron, whether or not enamelled"
7324.29,Other
7324.29.00,Other
7324.90,"Other, including Parts"
7324.90.00,"Other, including parts"
7325,Other cast articles of iron or steel.
7325.10,of Non-malleable cast iron
7325.10.00,Of non-malleable cast iron <br> Other:
7325.91,Grinding balls and similar articles for mills
7325.91.00,Grinding balls and similar articles for mills
7325.99,Other
7325.99.10,Of iron
7325.99.20,Of alloy steel
7325.99.30,Of stainless steel <br> Other:
7325.99.91,Rudders for ships or boats
7325.99.92,Drain covers
7325.99.93,Plates and frames for sewage water or similar system
7325.99.99,Other
7326.11,Grinding balls and similar articles for mills
7326.11.00,Grinding balls and similar articles for mills
7326.19,Other
7326.19.10,For automobiles and Earth moving implements
7326.19.90,Other
7326.20,articles of iron or steel Wire
7326.20.90,Other
7326.90,Other
7326.90.10,Belt lacing of steel
7326.90.20,Belt fasteners for machinery belts
7326.90.30,"Drain covers, plates, and frames for sewages, water or similar system"
7326.90.40,Enamelled iron ware (excluding utensil & sign board)
7326.90.50,Grinding media balls and cylpebs
7326.90.60,Manufactures of stainless steel (excluding utensils)
7326.90.70,Articles of clad metal
7326.90.91,Shanks
7326.90.99,Other
7401,Copper mattes; cement copper (precipitated copper).
7401.00,Copper mattes; cement copper (precipitated copper).
7401.00.10,Copper mattes
7401.00.90,Cement copper (precipitated copper)
7402,Unrefined copper; copper anodes for electrolytic refining.
7402.00,Unrefined copper; copper anodes for electrolytic refining.
7402.00.10,Blister copper
7402.00.90,Other
7403,"Refined copper and copper alloys, unwrought. <br> refined copper"
7403.11,Cathodes and sections of Cathodes
7403.11.00,Cathodes and sections of cathodes
7403.12,Wire-bars
7403.12.00,Wire-bars
7403.13,Billets
7403.13.00,Billets
7403.19,Other
7403.19.00,Other <br> Copper alloys:
7403.21,copper-zinc base alloys (brass)
7403.21.00,Copper-zinc base alloys (brass)
7403.22,copper-tin base alloys (bronze)
7403.22.10,Phosphor bronze
7403.22.90,Other
7403.29,Other copper alloys (other than master alloys of heading 7405)
7403.29.00,Other copper alloys (other than master alloys of heading 7405)
7404,Copper waste and scrap.
7404.00,Copper waste and scrap. <br> of copper
7404.00.11,Empty or discharged cartridges of all bores and sizes
7404.00.19,Other
7404.00.21,Empty or discharged cartridges of all bores and sizes
740400,23
7404.00.29,Other
7405,Master alloys of copper.
7405.00,Master alloys of copper.
7405.00.00,Master alloys of copper
7406,Copper powders and flakes.
7406.10,Powders of Non-lamellar structure
7406.10.00,Powders of non-lamellar structure
7406.20,- Powders of lamellar structure; flakes
7406.20.00,Powders of lamellar structure; flakes
7407,"Copper bars, rods and profiles."
7407.10,of refined copper
7407.10.10,Electrolytic copper rods or black copper rods
7407.10.20,Other copper rods
7407.10.30,Copper bars (excluding hollow bars)
7407.10.40,Hollow bars of copper <br> Profiles:
7407.10.51,Hollow profiles
7407.10.59,Other
7407.10.90,Other <br> of coppers alloys:
7407.21,of copper-zinc base alloys (brass)
7407.21.10,Bars
7407.21.20,Rods
7407.21.30,Hollow bars
7407.21.90,Other
7407.29,Other
7407.29.10,Rods of bronze and similar alloys <br> Profiles:
7407.29.21,Hollow
7407.29.29,Other
7407.29.90,Other
7408,Copper wire.<br> of refine copper
7408.11,-- Of which the maximum cross-sectional dimension exceeds 6 mm
7408.11.10,Copper weld wire
7408.11.90,Other
7408.19,Other
7408.19.10,Copper weld wire
7408.19.20,Welding wire
7408.19.90,Other <br> Of copper alloys:
7408.21,of copper-zinc base alloys (brass)
7408.21.10,Of which the maximum cross-sectional dimension exceeds 6 mm
7408.21.90,Other
7408.22.10,Silver plated flattened wire of copper (lametta)
7408.22.20,Of which the maximum cross-sectional dimension exceeds 6 mm
7408.22.90,Other
7408.29,Other
7408.29.10,Wire of bronze and similar alloys
7408.29.90,Other
7409.11,in coils
7409.11.00,In coils
7409.19,Other
7409.19.00,Other <br> Of copper-zinc base alloys (brass):
7409.21,in coils
7409.21.00,In coils
7409.29,Other
7409.29.00,Other <br> Of copper-tin base alloys (bronze):
7409.31,in coils
7409.31.00,In coils
7409.39,Other
7409.39.00,Other
7409.90,of Other copper alloys
7409.90.00,Of other copper alloys
7410,"paperboard, plastics or similar backing materials) of a thickness"
7410.11,of refined copper
7410.11.00,Of refined copper
7410.12,of copper alloys
7410.12.00,Of copper alloys <br> Backed:
7410.21,of refined copper
7410.21.00,Of refined copper
7410.22,of copper alloys
7410.22.00,Of copper alloys
7411,Copper tubes and pipes.
7411.10,of refined copper
7411.10.00,Of refined copper <br> Of copper alloys:
7411.21,of copper-zinc base alloys (brass)
7411.21.00,Of copper-zinc base alloys (brass)
7411.29,Other
7411.29.00,Other
7412.10,of refined copper
7412.10.00,Of refined copper
7412.20,of copper alloys <br> brass
7412.20.11,Tube-well strainer
7412.20.12,Hose connectors
7412.20.19,Other
7412.20.90,Fittings of bronze and similar alloys of copper
7415.10,"Nails and tacks, Drawing pins, staples and similar articles"
7415.21,washers (including Spring washers)
7415.21.00,Washers (including spring washers)
7415.29,Other
7415.29.00,Other <br> Other threaded articles:
7415.33,-- Screws; bolts and nuts
7415.33.10,Bolts and Nuts
7415.33.90,Other
7415.39,Other
7415.39.10,Rivets (excluding tubular or bifurcated)
7415.39.90,Other
7418,"like, of copper; sanitary ware and parts thereof, of copper.<br> table,"
7418.10,"copper; pot scourers and scouring or polishing pads, gloves and the"
7418.1010,"Pot scourers and scouring or polishing pads, gloves and the like"
7418.1021,Of brass
7418.1022,Of copper
7418.10.23,Of other copper alloys
7418.1024,E.P.N.S. Ware
74181031,Of E.P.N.S
74181039,Other
7418.10.90,Parts
7418.20,Sanitary ware and Parts thereof
7418.20.10,Sanitary ware
7418.20.20,Parts of sanitary ware
7419,Other articles of copper.
7419.10,chain and Parts thereof
7419.10.10,Chain <br> Parts:
7419.10.21,Of copper chains
7419.10.29,Other <br> Other:
7419.91,"cast, moulded, stamped or forged, but Not further Worked"
7419.91.00,"Cast, moulded, stamped or forged, but not further worked"
7419.99,Other
7419.99.10,"Reservoirs, tanks, vats and similar containers of a capacity above 300 l"
7419.99.20,Articles of copper alloys electro-plated with nickel-silver
7419.99.30,Articles of brass
7419.99.40,Copper worked articles
7419.99.90,Other articles of copper
7501.10,nickel mattes
7501.10.00,Nickel mattes
7501.20.00,Nickel oxide sinters and other intermediate products of nickel metallurgy
7502,Unwrought nickel.
7502.10,"nickel, Not alloyed"
7502.10.00,"Nickel, not alloyed"
7502.20,nickel alloys
7502.20.10,Cupro-nickel containing more than 40 per cent by weight of nickel
7502.20.20,Monel metal including ‘K’ monel
7502.20.30,Nickel alloys containing more than 40 per cent by weight of nickel
7502.20.90,Other
7503,Nickel waste and scrap.
7503.00,Nickel waste and scrap.
7503.00.90,Other
7504,Nickel powders and flakes.
7504.00,Nickel powders and flakes.
7504.00.00,NICKEL POWDERS AND FLAKES
7505,"Nickel bars, rods, profiles and wire. <br> bars, rods and profiles"
7505.11,"of nickel, Not alloyed"
7505.11.10,Hollow bars
7505.11.20,Other bar rods and profiles
7505.12,of nickel alloys
7505.12.10,Hollow bars
7505.12.20,"Other bar, rods and profiles <br> Wire:"
7505.21,"of nickel, Not alloyed"
7505.21.00,"Of nickel, not alloyed"
7505.22,of nickel alloys
7505.22.00,Of nickel alloys
7506,"Nickel plates, sheets, strip and foil."
7506.10,"of nickel, Not alloyed"
7506.10.00,"Of nickel, not alloyed"
7506.20,of nickel alloys
7506.20.00,Of nickel alloys
7507.11,"of nickel, Not alloyed"
7507.11.00,"Of nickel, not alloyed"
7507.12,of nickel alloys
7507.12.00,Of nickel alloys
7507.20,tube or pipe fittings
7507.20.00,Tube or pipe fittings
7508,Other articles of nickel.
7508.10,"cloth, grill and netting, of nickel Wire"
7508.10.00,"Cloth, grill and netting, of nickel wire"
7508.90,Other
7508.90.10,Electroplating anodes of nickel
7508.90.20,Blanks ordinarily used for manufacturing tubes & pipes of nickel
7508.90.30,Nickel screen
7508.90.90,Other articles of nickel and nickel alloy
7601,Unwrought aluminium.
7601.10,"aluminium, Not alloyed"
7601.10.10,Ingots
7601.10.20,Billets
7601.10.30,Wire-bars
7601.10.40,Wire-rods
7601.10.90,Other
7601.20,aluminium alloys
7601.20.10,Ingots
7601.20.20,Billets
7601.20.30,Wire-bars
7601.20.40,Wire-rods
7601.20.90,Other
7602,Aluminium waste and scrap.
7602.00,Aluminium waste and scrap.
7602.00.90,Other waste and scrap
7603,Aluminium powders and flakes.
7603.10,Powders of Non-lamellar structure
7603.10.10,Aluminium powder for thermit process
7603.10.90,Other
7603.20,- Powders of lamellar structure; flakes
7603.20.00,Powders of lamellar structure; flakes
7604,"Aluminium bars, rods and profiles."
7604.10,"of aluminium, Not alloyed"
7604.10.10,Wire rods
7604.10.20,"Bars and rods,other than wire rods <br> Profiles:"
7604.10.31,Hollow
7604.10.39,Other <br> Of aluminium alloys:
7604.21,Hollow profiles
7604.21.00,Hollow profiles
7604.29,Other
7604.29.10,Hard drawn bare aluminium conductors steel re-inforced (A.C.S.R.)
7604.29.20,Wire rods
7604.29.30,"Bars and rods,other than wire rods"
7604.29.90,Other
7605,Aluminium wire.
7605.11,-- Of which the maximum cross-sectional dimension exceeds 7 mm
7605.11.00,Of which the maximum cross-sectional dimension exceeds 7 mm
7605.19,Other
7605.19.91,Hard drawn bare-solid
7605.19.99,Other <br> Of aluminium alloys:
7605.21,-- Of which the maximum cross-sectional dimension exceeds 7 mm
7605.21.00,Of which the maximum cross-sectional dimension exceeds 7 mm
7605.29,Other
7605.29.90,Other
7606.11,"of aluminium, Not alloyed"
7606.11.10,Electrolytic plates or sheets
7606.11.90,Other
7606.12,of aluminium alloys
7606.12.00,Of aluminium alloys <br> Other:
7606.91,"of aluminium, Not alloyed"
7606.91.10,Circles
7606.91.20,Electrolytic plates or sheets
7606.91.90,Other
7606.92,of aluminium alloys
7606.92.10,Circles
7606.92.90,Other
7607,"paperboard, plastics or similar backing materials) of a thickness"
7607.11,Rolled but Not further Worked
7607.11.10,Ordinarily used for tea chest lining
7607.11.90,Other
7607.19,Other
7607.19.10,Ordinarily used for tea chest lining <br> Other:
7607.19.91,Plain
7607.19.92,Embossed
7607.19.93,Perforated or cut-to-shape
7607.19.94,Coated
7607.19.95,Printed
7607.19.99,Other
7607.20,Backed
7607.20.10,Ordinarily used for tea chest lining
7607.20.90,Other
7608,Aluminium tubes and pipes.
7608.10,"of aluminium, Not alloyed"
7608.10.00,"Of aluminium, not alloyed"
7608.20,of aluminium alloys
7608.20.00,Of aluminium alloys
7609.00.00,"Aluminium tube or pipe fittings (for example, couplings, elbows, sleeves)"
7610.10,"Doors, windows and their frames and thresholds for Doors"
7610.10.00,"Doors, windows and their frames and thresholds for doors"
7610.90,Other
7610.90.10,Structures
7610.90.20,"Parts of structures, not elsewhere specified"
7610.90.90,Other
7612.10,Collapsible Tubular containers
7612.10.10,Plain
7612.10.20,Lacquered
7612.10.30,Printed
7612.10.90,Other
7612.90,Other
7612.90.10,Plain
7612.90.20,Lacquered
7612.90.30,Printed
7612.90.90,Other
7613,Aluminium containers for compressed or liquefied gas.
7613.00,Aluminium containers for compressed or liquefied gas.
7613.00.11,Plain
7613.00.12,Lacquered
7613.00.13,Printed
7613.00.19,Other <br> High Pressure Cylinders:
7613.00.21,Plain
7613.00.22,Lacquered
7613.00.23,Printed
7613.00.29,Other <br> Other:
7613.00.91,Plain
7613.00.92,Lacquered
7613.00.93,Printed
7613.00.99,Other
7614.10,with steel core
7614.10.00,With steel core
7614.90,Other
7614.90.00,Other
7615,"aluminiu.:Pot scourers and scouring or polishing pads, gloves and"
7615.10.11,"Pressure cookers,"
7615.10.12,Solar collectors
7615.10.21,Non - stick
7615.10.29,Other
7615.10.30,"Other table, kitchen or household articles"
7615.10.40,"Pot scourers and scouring or polishing pads, gloves and the like"
7615.10.90,Part
761520,Sanitary ware of aluminium and aluminium alloys for indoor use
76152010,Sanitay ware of aluminium and aluminium alloys for indoor use
76152020,Parts
7615.20.90,Other
7616,Other articles of aluminium.
7616.10,"bolts, nuts, screw hooks, rivets, cotters, cotter-pins, washers and"
7616.10.00,"nuts, screw hooks, rivets, cotters, cotter-pins, washers and similar articles"
7616.91,"cloth, grill, netting and fencing, of aluminium Wire"
7616.91.00,"Cloth, grill, netting and fencing, of aluminium wire"
7616.99,Other
7616.99.10,Expanded metal of aluminium and aluminium alloys
7616.99.20,Chains
7616.99.30,Bobbins
7616.99.90,Other
7801,Unwrought lead.
7801.10,refined lead
7801.10.00,Refined lead <br> Other:
7801.91,containing by weight antimony as the principal Other element
7801.91.00,Containing by weight antimony as the principal other element <br> Other:
7801.99,Other
7801.99.10,Pig lead
7801.99.20,Unrefined lead
7801.99.30,Unrefined lead alloys
7801.99.90,Other
7802,Lead waste and scrap.
7802.00,Lead waste and scrap.
7802.00.10,Radio; Lead covered copper cable covered by ISRI Code word Relay;
7802.00.90,Other
7804,"Lead plates, sheets, strip and foil; lead powders and flakes."
7804.11.10,Sheets and strip
7804.11.20,Foil
7804.19,Other
7804.19.10,Plates
7804.19.90,Other
7804.20,Powders and Flakes
7804.20.00,Powders and flakes
7806,Other articles of lead.
7806.00,Other articles of lead.
7806.00.10,Sanitary fixtures
7806.00.20,Indian lead seals
7806.00.30,Blanks
7806.00.90,Other
7901,Unwrought zinc.
7901.11,-- Containing by weight 99.99% or more of zinc
7901.11.00,Containing by weight 99.99% or more of zinc
7901.12,-- Containing by weight less than 99.99% of zinc
7901.12.00,Containing by weight less than 99.99% of zinc
7901.20,zinc alloys
7901.20.90,Other
7902,Zinc waste and scrap.
7902.00,Zinc waste and scrap.
7902.00.90,Other
7903,"Zinc dust, powders and flakes."
7903.10,zinc dust
7903.10.00,Zinc dust
7903.90,Other
7903.90.00,Other
7904,"Zinc bars, rods, profiles and wire."
7904.00,"Zinc bars, rods, profiles and wire."
7904.00.11,Hollow bars
7904.00.12,"Rods, including wire rods"
7904.00.19,Other <br> profiles:
7904.00.21,Hollow
7904.00.22,"Angles, shapes and sections"
7904.00.29,Other
7904.00.30,Wire
7905,"Zinc plates, sheets, strip and foil."
7905.00,"Zinc plates, sheets, strip and foil."
7905.00.10,Calots
7905.00.20,Plates
7905.00.30,"Sheets, strip and circles"
7905.00.40,Foil
7907,Other articles of zinc.
7907.00,Other articles of zinc.
7907.00.10,Sanitary fixtures
7907.00.90,Other
8001,Unwrought tin.
8001.10,"tin, Not alloyed"
8001.10.10,Block tin
8001.10.90,"Ingots, pigs, slabs and other primary forms of tin"
8001.20,tin alloys
8001.20.00,Tin alloys
8002,Tin waste and scrap.
8002.00,Tin waste and scrap.
8002.00.10,word Ranch; <br> High tin base babbit covered by ISRI Code word
8002.00.90,Other
8003,"Tin bars, rods, profiles and wire."
8003.00,"Tin bars, rods, profiles and wire."
8003.00.10,Hollow bars
8003.00.20,"Bars,other than hollow bars and rods"
8003.00.30,Profiles
8003.00.40,Wires
8007,Other articles of tin.
8007.00,Other articles of tin.
8007.00.10,Blanks
8007.00.90,Other
8101,"Tungsten (wolfram) and articles thereof, including waste and scrap."
8101.10,Powders
8101.10.00,Powders <br> Other:
8101.94.00,"Unwrought tungsten, including bars and rods obtained simply by sintering"
8101.96,Wire
8101.96.00,Wire
8101.97,Waste and scrap
8101.97.00,Waste and scrap
8101.99,Other
8101.99.10,Tungsten filament
8101.99.90,Other
8102,"Molybdenum and articles thereof, including waste and scrap."
8102.10,Powders
8102.10.00,Powders <br> Other:
8102.95.10,Hollow bars
8102.95.90,Other
8102.96,Wire
8102.96.00,Wire
8102.97,Waste and scrap
8102.97.00,Waste and scrap
8102.99,Other
8102.99.00,Other
8103,"Tantalum and articles thereof, including waste and scrap."
8103.20.10,Hollow bars
8103.20.90,Other
8103.30,Waste and scrap
8103.30.00,Waste and scrap
8103.90,Other
8103.90.00,Other
8104,"Magnesium and articles thereof, including waste and scrap."
8104.11,-- Containing at least 99.8% by weight of magnesium
8104.11.00,Containing at least 99.8% by weight of magnesium
8104.19,Other
8104.19.00,Other
8104.20,Waste and scrap
8104.20.10,'Walnut'; magnesium engraver plates covered by ISRI code word 'Wine';
8104.20.90,Other
8104.30.10,"Raspings, turnings and granules graded according to size"
8104.30.20,Powders
8104.90,Other
8104.90.10,"Other magnesium and magnesium base alloys, wrought"
8104.90.20,Flakes
8104.90.30,Wire
8104.90.90,Other
8105.20.10,Cobalt mattes and other intermediate products of cobalt metallurgy
8105.20.20,Cobalt unwrought
8105.20.30,Powders
8105.30,Waste and scrap
8105.30.00,Waste and scrap
8105.90,Other
8105.90.00,Other
8106,"Bismuth and articles thereof, including waste and scrap."
8106.00,"Bismuth and articles thereof, including waste and scrap."
8106.00.10,"Bismuth and bismuth alloys, unwrought"
8106.00.20,"Waste and scrap of bismuth and bismuth alloys, including bismuth powder"
8106.00.30,"Bismuth, wrought"
8106.00.90,Other
8107,"Cadmium and articles thereof, including waste and scrap."
8107.20,- Unwrought cadmium; powders
8107.20.00,Unwrought cadmium; powders
8107.30,Waste and scrap
8107.30.00,waste and scrap;
8107.90,Other
8107.90.10,"Cadmium, wrought"
8107.90.90,Other
8108,"Titanium and articles thereof, including waste and scrap."
8108.20,- Unwrought titanium; powders
8108.20.00,Unwrought titanium; powders
8108.30,Waste and scrap
8108.30.00,waste and scrap;
8108.90,Other
8108.90.10,"Titanium, wrought"
8108.90.90,Other
8109,"Zirconium and articles thereof, including waste and scrap."
8109.20,- Unwrought zirconium; powders
8109.20.00,Unwroght zirconium; powders
8109.30,Waste and scrap
8109.30.00,Waste and scrap
8109.90,Other
8109.90.00,Other
8110,"Antimony and articles thereof, including waste and scrap."
8110.10,- Unwrought antimony; powders
8110.10.00,Unwrought antimony; powders
8110.20,Waste and scrap
8110.20.00,Waste and scrap
8110.90,Other
8110.90.00,Other
8111,"Manganese and articles thereof, including waste and scrap."
8111.00,"Manganese and articles thereof, including waste and scrap."
8111.00.10,Unwrought manganese and manganese base alloys
8111.00.20,Waste and scrap of manganese base alloys
8111.00.30,Wrought manganese
8111.00.90,Other
8112,"indium, niobium (columbium), rhenium and thallium, and articles of"
8112.12,-- Unwrought; powders
8112.12.00,Unwrought; powders
8112.13,Waste and scrap
8112.13.00,Waste and scrap
8112.19,Other
8112.19.00,Other <br> Chromium:
8112.21,-- Unwrought; powders
8112.21.00,Unwrought; powders
8112.22,Waste and scrap
8112.22.00,Waste and scrap
8112.29,Other
8112.29.00,Other <br> thallium :
8112.51,-- Unwrought; powders
8112.51.00,Unwrought ; powders
8112.52,Waste and scrap
8112.52.00,Waste and scrap
8112.59,Other
8112.59.00,Other <br> Other:
8112.92,-- Unwrought; waste and scrap; powders
8112.92.00,Unwrought; waste and scrap; powders
8112.99,Other
8112.99.00,Other
8113,"Cermets and articles thereof, including waste and scrap."
8113.00,"Cermets and articles thereof, including waste and scrap."
8113.00.10,"Cermets, unwrought"
8113.00.20,Waste and scrap of cermets
8113.00.30,Articles of cermets
8113.00.90,Other
8201,"and pruners of any kind; scythes, sickles, hay knives, hedge shears,"
8201.10,Spades and shovels
8201.10.00,Spades and shovels
8201.30,"Mattocks, picks, hoes and rakes"
8201.30.00,"Mattocks, picks, hoes and rakes"
8201.40,"Axes, bill hooks and similar hewing tools"
8201.40.00,"Axes, bill hooks and similar hewing tools"
8201.60.00,"Hedge shears, two-handed pruning shears and similar two-handed shears"
8201.90.00,"Other hand tools of a kind used in agriculture, horticulture of forestry"
8202.10,Hand Saws
8202.10.10,Metal working hand saws
8202.10.20,Wood working and similar hand saws
8202.10.90,Other
8202.20,Band saw blades
8202.31,with working part of steel
8202.31.00,With working part of steel
8202.39,"Other, including Parts"
8202.39.00,"Other, including parts"
8202.40,chain saw blades
8202.40.00,Chain saw blades <br> Other saw blades:
8202.91,"Straight saw blades, for working metal"
8202.91.10,Machine operated
8202.91.20,Hand operated
8202.99,Other
8202.99.10,Hacksaw frames
8202.99.90,Other
8203,"metal cutting shears, pipe-cutters, bolt croppers, perforating"
8203.10,"files, rasps and similar tools"
8203.10.00,"Files, rasps and similar tools"
8203.20,"Pliers (including cutting Pliers), pincers, tweezers and similar tools"
8203.20.00,"Pliers (including cutting pliers), pincers, tweezers and similar tools"
8203.30,metal cutting shears and similar tools
8203.30.00,Metal cutting shears and similar tools
8203.40,"pipe-cutters, bolt croppers, perforating punches and similar tools"
8203.40.10,Perforating punches and pipe cutters
8203.40.90,Other
8204,wrenches but not including tap wrenches); interchangeable spanner
8204.11,Non-adjustable
8204.11.10,Spanners
8204.11.20,Wrenches
8204.12,adjustable
8204.12.10,Spanners
8204.12.20,Wrenches
8204.20,"Interchangeable spanner sockets, with or without Handles"
8204.20.00,"Interchangeable spanner sockets, with or without handles"
8205,"accessories for and parts of, MACHINE-TOOLS OR WATER-JET"
8205.10.00,"Drilling, threading or tapping tools"
8205.20.00,Hammers and sledge hammers
8205.30.00,"Planes, chisels, gouges and similar cutting tools for working wood:"
8205.40.00,Screwdrivers <br> Other hand tools (including glaziers’ diamonds):
8205.51,Household tools
8205.51.10,Can or cork opener
8205.51.90,Other
8205.59,Other
8205.59.10,Grease guns (excluding compressed air type)
8205.59.20,Metal working hand tools
82055940,Forks other than those of headings 8201 and 8215
8205.59.90,Other
8205.60.00,Blow lamps
8205.70.00,"Vices, clamps and the like"
8205,90
8205.90.10,Anvils and portable forges
8205.90.20,"Grinding wheels with frame, hand or pedal-operated"
8205.90.30,Sets of articles of two or more of the foregoing sub-headings
82059090,Other
8206.00.10,Garage tools in sets
8206.00.90,Other
8207,"punching, tapping, threading, drilling, boring, broaching, milling,"
8207.13,with working part of cermets
8207.13.00,With working part of cermets
8207.19,"Other, including Parts"
8207.19.00,"Other, including parts"
8207.20,Dies for Drawing or extruding metal
8207.20.00,Dies for drawing or extruding metal
8207.30,"tools for pressing, Stamping or punching"
8207.30.00,"Tools for pressing, stamping or punching"
8207.40,tools for tapping or threading
8207.40.10,Chasers
8207.40.90,Other
8207.50,"tools for Drilling, Other than for Rock Drilling"
8207.50.00,"Tools for drilling, other than for rock drilling"
8207.60,tools for boring or broaching
8207.60.10,Reamers
8207.60.90,Other
8207.70,tools for milling
8207.70.10,Cutters
8207.70.90,Other
8207.80,tools for turning
8207.80.00,Tools for turning
8207.90,Other Interchangeable tools
8207.90.10,For Metal working hand tools
8207.90.20,For Wood working hand tools
8207.90.30,Lathe tools and tool belts
8207.90.90,Other
8208.10,for metal working
8208.10.00,For metal working
8208.20,for Wood working
8208.20.00,For wood working
8208.30,for kitchen Appliances or for machines used by the food industry
8208.30.00,For kitchen appliances or for machines used by the food industry
8208.40,"for agricultural, horticultural or forestry machines"
8208.40.00,"For agricultural, horticultural or forestry machines"
8208.90,Other
8208.90.10,Knives and cutting blades for paper cutting machines
8208.90.20,Bell skiving knives
8208.90.30,Band knife for splitting machine
8208.90.40,Cutting and clicking dies
8208.90.90,Other
8209,"Plates, sticks, tips and the like for tools, unmounted, of cermets."
8209.00,"Plates, sticks, tips and the like for tools, unmounted, of cermets."
8209.00.10,Tungsten carbide tips
8209.00.90,Other
8211.10,sets of assorted articles
8211.10.00,Sets of assorted articles <br> Other:
8211.91,Table knives having fixed blades
8211.91.00,Table knives having fixed blades
8211.92,Other knives having fixed blades
8211.92.00,Other knives having fixed blades
8211.93,knives having Other than fixed blades
8211.93.10,Pocket knives
8211.93.90,Other
8211.94,blades
8211.94.00,Blades
8211.95,Handles of base metal
8211.95.00,Handles of base metal
8212,Razors and razor blades (including razor blade blanks in strips).
8212.10,Razors
8212.10.10,Twin type shaving
8212.10.90,Other
8212.20.11,Disposable catridge blade
8212.20.19,Other
8212.20.20,"Safety razor blade blanks, in strips"
8212.90,Other Parts
8212.90.00,Other parts
8213,"Scissors, tailors' shears and similar shears, and blades therefor."
8213.00,"Scissors, tailors' shears and similar shears, and blades therefor."
8213.00.00,"Scissors, tailors’ shears and similar shears, and blades therefor"
8214,"kitchen cleavers, choppers and mincing knives, paper knives);"
8214.10.10,"Paper knives, letter openers, erasing knives, pencil sharpeners"
8214.10.90,Blades
8214.20,Manicure or pedicure sets and instruments (including nail files)
8214.20.10,Nail cutters
8214.20.90,Other
8214.90,Other
8214.90.10,Handles of cutlery of base metal
8214.90.90,Other
8215.20,Other sets of assorted articles
8215.20.00,Other sets of assorted articles <br> Other:
8215.91,plated with precious metal
8215.91.00,Plated with precious metal
8215.99,Other
8215.99.00,Other
8301,"base metal; clasps and frames with clasps, incorporating locks, of"
8301.10,Padlocks
8301.10.00,Padlocks
8301.20,Locks of a kind used for motor vehicles
8301.20.00,Locks of a kind used for motor vehicles
8301.30,Locks of a kind used for furniture
8301.30.00,Locks of a kind used for furniture
8301.40,Other Locks
8301.40.10,Combination locks
8301.40.90,Other
8301.50,"Clasps and frames with Clasps, Incorporating Locks"
8301.50.00,"Clasps and frames with clasps, incorporating locks"
8301.60,Parts
8301.60.00,Parts
8301.70,Keys presented separately
8301.70.00,Keys presented separately
8302,"trunks, chests, caskets or the like; base metal hat-racks, hat-pegs,"
8302.10,Hinges
8302.10.10,Of steel
8302.10.20,Of brass
8302.10.90,Other
8302.20,Castors
8302.20.00,Castors
8302.30.10,Curve drive stakes
8302.30.90,"Other <br> Other mountings, fittings and similar articles:"
8302.41,suitable for buildings
8302.41.10,Fittings for doors and windows
8302.41.20,Tower bolts
8302.41.90,Other
8302.42,"Other, suitable for furniture"
8302.42.00,"Other, suitable for furniture"
8302.49,Other
8302.49.00,Other
8302.50,"Hat-racks, Hat-pegs, brackets and similar fixtures"
8302.50.00,"Hat-racks, hat-pegs, brackets and similar fixtures"
8302.60,automatic door closers
8302.60.00,Automatic door closers
8303,"deposit lockers for strong-rooms, cash or deed boxes and the like,"
8303.00,"deposit lockers for strong-rooms, cash or deed boxes and the like,"
8304,"trays, office-stamp stands and similar office or desk equipment, of"
8304.00,"trays, office-stamp stands and similar office or desk equipment, of"
8304.00.00,"office stamp stands and similar office or desk equipment, of base metal,"
8305.10,fittings for loose-leaf binders or files
8305.10.00,Fittings for loose-leaf binders or files
8305.20,staples in strips
8305.20.00,Staples in strips
8305.90,"Other, including Parts"
8305.90.10,Pins(other than those of heading 7317)
8305.90.20,Clips
8305.90.90,Other
8306,"other ornaments, of base metal; photograph, picture or similar"
8306.10,"Bells, gongs and the like"
8306.10.00,"Bells, gongs and the like <br> Statuettes and other ornaments:"
8306.21,plated with precious metal
8306.21.10,Statuettes (excluding works of art)
8306.21.20,Trophies
8306.21.90,Other
8306.29,Other
8306.29.10,Statuettes
8306.29.20,Trophies
8306.29.90,Other
8306.30,"- Photograph, picture or similar frames; mirrors"
8306.30.00,"Photograph, picture or similar frames; mirrors"
8307,"Flexible tubing of base metal, with or without fittings."
8307.10,of iron or steel
8307.10.00,Of iron or steel
8307.90,of Other base metal
8307.90.00,Of other base metal
8308.10,"hooks, eyes and eyelets"
8308.10.10,Hooks and eyes <br> Eyelets:
8308.10.21,For footwear
8308.10.29,Other
8308.20,Tubular or bifurcated Rivets
8308.20.00,Tubular or bifurcated rivets
8308.90,"Other, including Parts"
8308.90.11,For footwear
8308.90.19,Other
8308.90.20,Imitation zari spangles: <br> Beads and spangles of base metal:
8308.90.31,"For garments, made ups, knitwear, plastic and leather goods"
8308.90.39,Other
8308.90.40,Fittings for travel requisites & leather goods <br> Other:
8308.90.91,"For garments, made ups, knitwear, plastic and leather goods"
8308.90.99,Other
8309,"pouring stoppers), capsules for bottles, threaded bungs, bung"
8309.10,Crown Corks
8309.10.00,Crown corks
8309.90,Other
8309.90.20,"Aluminium caps, seals, capsules & closers"
8309.90.30,Other seals
8309.90.90,Other
8310,"numbers, letters and other symbols, of base metal, excluding those"
8310.00,"numbers, letters and other symbols, of base metal, excluding those"
8310.00.10,Enamel iron signboard
8310.00.90,Other
8311,"kind used for soldering, brazing, welding or deposition of metal or of"
8311.10,"coated electrodes of base metal, for electric arc-welding"
8311.10.00,"Coated electrodes of base metal, for electric-arc-welding"
8311.20,"Cored Wire of base metal, for electric arc-welding"
8311.20.00,"Cored wire of base metal, for electric-arc-welding"
8311.30.10,Wire and rods of agglomerated base metal
8311.30.90,Other
8311.90,Other
8311.90.00,Other
8401.10,nuclear reactors
8401.10.00,Nuclear reactors
8401.20,"machinery and apparatus for isotopic separation, and Parts thereof"
8401.20.00,"Machinery and apparatus for isotopic separation, and parts thereof"
8401.30,"fuel elements (Cartridges), Non-irradiated"
8401.30.00,"Fuel elements (cartridges), non-irradiated"
8401.40,Parts of nuclear reactors
8401.40.00,Parts of Nuclear reactors
8402,hot water boilers capable also of producing low pressure steam);
8402.11,-- Watertube boilers with a steam production exceeding 45 t per hour
8402.11.00,Watertube boilers with a steam production exceeding 45 t per hour
8402.12.00,Water tube boilers with a steam production not exceeding 45 t per hour
8402.19,"Other vapour generating boilers, including hybrid boilers"
8402.19.10,Fire tube horizontal (lancashire) boilers
8402.19.20,Fire tube boilers vertical
8402.19.90,Other
8402.20,Super-heated water boilers
8402.20.00,Super-heated water boilers
8402.90,Parts
8402.90.10,Parts of fire tube boilers
8402.90.20,Parts of watertube boilers
8402.90.90,Other
8403,Central heating boilers other than those of heading 8402.
8403.10,boilers
8403.10.00,Boilers
8403.90,Parts
8403.90.00,Parts
8404,"example, economisers, super-heaters, soot removers, gas"
8404.10,Auxiliary plant for use with boilers of heading 8402 or 8403
8404.10.00,Auxiliary plants for use with boilers of heading 8402 or 8403
8404.20,Condensers for steam or Other vapour power units
8404.20.00,Condensers for steam or other vapour power units
8404.90,Parts
8404.90.00,Parts
8405,purifiers; acetylene gas generators and similar water process gas
8405.10,purifiers; acetylene gas generators and similar water process gas
8405.10.10,Producer gas or water gas generators
8405.10.20,Acetylene gas generators
8405.10.90,Other
8405.90,Parts
8405.90.00,Parts
8406,Steam turbines and other vapour turbines.
8406.10,Turbines for marine propulsion
8406.10.00,Turbines for marine propulsion <br> Other turbines :
8406.81,-- Of an output exceeding 40 MW
8406.81.00,Of an output exceeding 40 MW
8406.82,-- Of an output not exceeding 40 MW
8406.82.00,Of an output not exceeding 40 MW
8406.90,Parts
8406.90.00,Parts
8407.10,aircraft engines
8407.10.00,Aircraft engines <br> Marine propulsion engines :
8407.21,Outboard motors
8407.21.00,Outboard motors
8407.29,Other
8407.29.00,Other
8407.31,-- Of a cylinder capacity not exceeding 50 cc
8407.31.10,For motor cycles
8407.31.90,Other
8407.32,-- Of a cylinder capacity exceeding 50 cc but not exceeding 250 cc
8407.32.10,For motor cycles
8407.32.90,Other
8407.33,"-- Of a cylinder capacity exceeding 250 cc but not exceeding 1,000 cc"
8407.33.10,For motor cars
8407.33.20,For motor cycles
8407.33.90,Other
8407.34,"-- Of a cylinder capacity exceeding 1,000 cc"
8407.34.10,For motor cars
8407.34.90,Other
8407.90,Other engines
8407.90.10,Petrol engines
8407.90.20,Kerosene engines
8407.90.90,Other
8408.10,marine propulsion engines
8408.10.10,Outboard engines <br> Other :
8408.10.91,Of a cylinder capacity not exceeding 100 cc
8408.10.92,Of a cylinder capacity exceeding 100 cc but not exceeding 250 cc
8408.10.93,Of a cylinder capacity exceeding 250 cc
8408.20,- Engines of a kind used for the propulsion of vehicles of Chapter 87
8408.20.10,Of cylinder capacity not exceeding 250 cc
8408.20.20,Engines of cylinder capacity exceeding 250 cc
8408.90,Other engines
8408.90.10,Stationary engines of cylinder capacity exceeding 50 cc
8408.90.90,Other
8409.10,for aircraft engines
8409.10.00,Other
8409.91.11,"Valve, inlet & exhaust"
8409.91.12,Pistons
8409.91.13,Piston rings
8409.91.14,Piston assembles
8409.91.20,Fuel injection equipment excluding injection pumps <br> Other :
8409.91.91,Of petrol engines for motor vehicles
8409.91.92,Of other petrol engines
8409.91.93,Of kerosene engines
8409.91.94,Of gas engines
8409.91.99,Other
8409.99.11,"Valve, inlet & exhaust"
8409.99.12,Pistons
8409.99.13,Piston rings
8409.99.14,Piston assembles
8409.99.20,Fuel nozzles
8409.99.41,Of diesel engines for motor vehicles
8409.99.42,Of outboard engine
8409.99.49,Other
8409.99.90,Other
8410,"Hydraulic turbines, water wheels, and regulators therefor."
8410.11,"-- Of a power not exceeding 1,000 kW"
8410.11.00,"Of a power not exceeding 1,000 kw"
8410.12,"-- Of a power exceeding 1,000 kW but not exceeding 10,000 kW"
8410.12.10,Of power exceeding 1000 Kw but not exceeding 5000 Kw
8410.12.20,Of power exceeding 5000 Kw but not exceeding 10000 Kw
8410.13,"-- Of a power exceeding 10,000 kW"
8410.13.10,Of power exceeding 10000 Kw but not exceeding 30000 Kw
8410.13.20,Of power exceeding 30000 Kw but not exceeding 80000 Kw
8410.13.90,Of power exceeding 80000 Kw
8410.90,"Parts, including regulators"
8410.90.00,"Parts, including regulators"
8411,"Turbo-jets, turbo-propellers and other gas turbines."
8411.11,-- Of a thrust not exceeding 25 kN
8411.11.00,of thrust not exceeding 25kN
8411.12.00,-- Of a thrust exceeding 25 kN
8411.21,"-- Of a power not exceeding 1,100 kW"
8411.21.00,"Of a power not exceeding 1,100 kw"
8411.22.00,"-- Of a power exceeding 1,100 kW"
8411.81,"-- Of a power not exceeding 5,000 kW"
8411.81.00,Of a power exceeding not 5000 kW
8411.82,"-- Of a power exceeding 5,000 kW"
8411.82.10,"Of power exceeding 5000 Kw but not exceeding 15,000 Kw"
8411.82.20,Of power exceeding 15000 but not exceeding 30000 Kw
8411.82.30,Of power exceeding 30000 but not exceeding 60000 Kw
8411.82.40,Of power exceeding 60000 but not exceeding 90000 Kw
8411.82.50,Of power exceeding 90000 but not exceeding 115000 Kw
8411.82.60,Of power exceeding 115000 Kw. <br> parts :
8411.91.00,of turbojets or turbo propellers
8411.99,Other
8411.99.00,Other
8412,Other engines and motors.
8412.10,Reaction engines Other than turbo-jets
8412.21,linear acting (cylinders)
8412.21.00,Liner acting (cylinders)
8412.29,Other
8412.29.10,Hydrojet (hydraulic jet engines)
8412.29.90,Other <br> Pneumatic power engines and motors:
8412.31,linear acting (cylinders)
8412.31.00,Liner acting (cylinders)
8412.39,Other
8412.39.00,Other
8412.80,Other <br> steam or other vapour power :
8412.80.11,Stationary
8412.80.19,Other
8412.80.20,"Motors, spring operated excluding clock & watch movements"
8412.80.30,Wind turbine/engine
8412.80.90,Other
8412.90,Parts
8412.90.10,Of steam engines incorporating boilers
8412.90.30,Of hydraulic engines and motors
8412.90.90,Other
8413.11.10,Hand pumps <br> Other :
8413.11.91,Pumps for dispensing fuel
8413.11.99,Other
8413.19,Other
8413.19.10,Hand pumps
8413.19.90,Other
8413.20,"- Hand pumps, other than those of subheading 8413.11 or 8413.19"
8413.20.00,Hand pumps. Other than those of subheading 8413 11 or 8413 19
8413.30.10,Injection pumps for diesel engines
8413.30.20,Oil pump
8413.30.30,Water pump
8413.30.90,Other
8413.40,Concrete Pumps
8413.40.00,Concrete pumps
8413.50,Other reciprocating positive displacement Pumps
8413.50.10,Metering & dosing pumps <br> primarily designed for handling water :
8413.50.21,Deep tube well turbine pump
8413.50.29,Other
8413.50.90,Other
8413.60,Other Rotary positive displacement Pumps
8413.60.10,Gear type pumps
8413.60.20,Screw type pumps
8413.60.90,Other
8413.70,Other centrifugal Pumps
8413.70.10,Primarily designed to handle water <br> Other :
8413.70.91,Single & multistage chemical process pumps
8413.70.92,Horizontal split casing pumps
8413.70.93,Horizontal self priming pumps
8413.70.94,Vertical turbine driven centrifugal pumps
8413.70.95,Boiler feed pumps
8413.70.96,Slurry pumps
8413.70.97,Dredger pumps
8413.70.99,Other <br> other pumps-liquid elevators :
8413.81,Pumps
8413.81.10,Gas pumps
8413.81.20,Hydraulic ram
8413.81.90,Other
8413.82,liquid elevators
8413.82.00,Liquid elevators <br> Parts :
8413.91,of Pumps
8413.91.10,Reciprocating pumps
8413.91.20,Centrifugal pumps
8413.91.30,Deep well turbine pumps and of other rotary pumps
8413.91.40,Of hand pump for handling water
8413.91.90,Other
8413.92,of liquid elevators
8413.92.00,Of liquid elevators
8414,"ventilating or recycling hoods incorporating a fan, whether or not"
8414.10,Vacuum Pumps
8414.10.00,Vacuum pumps
8414.20,Hand- or foot-operated air Pumps
8414.20.10,Bicycle pumps
8414.20.20,Other Hand pumps
8414.20.90,Other
8414.30,Compressors of a kind used in refrigerating equipment
8414.30.00,Compressors of a kind used in refrigerating equipment
8414.40,air Compressors mounted on a wheeled chassis for towing
8414.40.10,Reciprocating air compressors
8414.40.20,Centrifugal air compressors
8414.40.30,Screw air compressors
8414.40.90,Other: <br> fans :
8414.51.10,Table fans
8414.51.20,Ceiling fans
8414.51.30,Pedestal fans
8414.51.40,Railway carriage fans
8414.51.90,Other
8414.59,Other
8414.59.10,Air circulator
8414.59.20,"Blowers, portable"
8414.59.30,Industrial fans blowers and similar blowers
8414.59.90,Other
8414.60,- Hoods having a maximum horizontal side not exceeding 120 cm
8414.60.00,Hoods having a maximum horizontal side not exceeding 120 cm
8414.80,Other <br> gas compressors :
8414.80.11,Of a kind used in air-conditioning equipment
8414.80.19,Other
8414.80.20,Free-piston generators for gas turbine
8414.80.30,Turbo charger
8414.80.90,Other
8414.90,Parts
8414.90.12,Of bicycle pumps
8414.90.19,Other
8414.90.20,Of free piston generators
8414.90.30,Of electric fans
8414.90.40,"Of Industrial fan, blowers"
8414.90.90,Other
8415.10.10,Split system
8415.10.90,Other
8415.20,"of a kind used for persons, in motor vehicles"
8415.20.10,For buses
8415.20.90,Other <br> Other :
8415.81.10,Split air-conditioner two tones and above
8415.81.90,Other
8415.82,"Other, Incorporating a refrigerating unit"
8415.82.10,Split air-conditioner two tones and above
8415.82.90,Other
8415.83,Not Incorporating a refrigerating unit
8415.83.10,Split air-conditioner two tones and above
8415.83.90,Other
8415.90,Parts
8415.90.00,Parts
8416,"mechanical stokers, including their mechanical grates, mechanical"
8416.10,furnace burners for liquid fuel
8416.10.00,Furnace burners of liquid fuel
8416.20,"Other furnace burners, including combination burners"
8416.20.00,"Other furnace burners, including combination burners"
8416.90,Parts
8416.90.00,Parts
8417.20,"Bakery ovens, including biscuit ovens"
8417.20.00,"Bakery ovens, including biscuit ovens"
8417.80,Other
8417.80.10,For cement industry
8417.80.90,Other
8417.90,Parts
8417.90.00,Parts
8418,electric or other; heat pumps other than air conditioning machines
8418.10,"combined refrigerator-freezers, Fitted with separate external Doors"
8418.10.10,Commercial type
8418.10.90,"Other <br> Refrigerators, household type:"
8418.21,Compression-type
8418.21.00,Compression-type
8418.29,Other
8418.29.00,Other
8418.30,"- Freezers of the chest type, not exceeding 800 l capacity"
8418.30.10,Electrical commercial type
8418.30.90,Other
8418.40,"- Freezers of the upright type, not exceeding 900 l capacity"
8418.40.10,Electrical
8418.40.90,Other
8418.50,"the like) for storage and display, incorporating refrigerating or"
8418.50.00,like)for storage and display incorporating refrigerating or freezing
8418.61,Heat pumps other than air conditioning machines of heading 8415
8418.61.00,Heat pumps other than airconditioning machines of heading 8415
8418.69,Other
8418.69.10,Ice making machinery
8418.69.20,Water cooler
8418.69.30,Vending machine other than automatic vending machine
8418.69.50,"Refrigerated farm tanks, industrial ice cream freezer"
8418.69.90,Other <br> Parts:
8418.91,furniture designed to receive refrigerating or freezing equipment
8418.91.00,Furniture designed to receive refrigerating or freezing equipment
8418.99,Other
8418.99.00,Other
8419,"change of temperature such as heating, cooking, roasting, Distilling,"
8419.11,Instantaneous gas water heaters
8419.11.10,Domestic type
8419.11.90,Other
8419.19,Other
8419.19.10,Domestic type
8419.19.20,Other
8419.20,"medical, Surgical or laboratory sterilisers"
8419.20.10,Auto cloves
8419.20.90,Other <br> Dryers:
8419.31,for agricultural Products
8419.31.00,For agricultural products
8419.32,"for Wood, paper pulp, paper or paperboard"
8419.32.00,"For wood, paper pulp paper or paperboard"
8419.39,Other
8419.39.00,Other
8419.40,distilling or rectifying plant
8419.40.10,For Petroleum refining
8419.40.20,Other distilling equipment
8419.40.90,Other
8419.50,heat exchange units
8419.50.10,Shell and tube type
8419.50.20,Plate type
8419.50.30,Spiral type
8419.50.90,Other
8419.60,machinery for liquefying air or Other gases
8419.81,for making hot drinks or for cooking or heating food
8419.81.10,Friers
8419.81.20,Other kitchen machines
8419.81.90,Other
8419.89,Other
8419.89.10,"Pressure vessels reactors, columns or towers or chemical storage tanks"
8419.89.20,Glass lined equipment
8419.89.50,Pasteurizers
8419.89.70,chemical or physical vapour deposition on semiconductor waters;
8419.89.80,Vaccum-vapour plant for deposition of metals
8419.89.90,Other
8419.90,Parts
8419.90.10,Parts of instantaneous or storage water heaters (domestic type)
8419.90.90,Other
8420.10,Calendering or Other rolling machines
8420.10.00,Calendering or other rolling machines <br> Parts :
8420.91,cylinders
8420.91.00,Cylinders
8420.99,Other
8420.99.00,Other
8421.11,Cream separators
8421.11.00,Cream separators
8421.12,Clothes-dryers
8421.12.00,Clothes dryers
8421.19,Other
8421.19.10,Bowl centrifuges
8421.19.20,Basket centrifuges
8421.19.30,Continuous automatic centrifuges
8421.19.40,Self cleaning centrifuges
8421.19.50,Decanter centrifuges horizontal bowl
8421.19.60,Screw conveyor centrifuges <br> other :
8421.19.91,For chemical industries
8421.19.99,Other <br> filtering or purifying machinery and apparatus for liquids :
8421.21,for filtering or purifying water
8421.21.10,Ion exchanger plant/apparatus
8421.21.20,Household type filters
8421.21.90,Other
8421.22,for filtering or purifying beverages Other than water
8421.22.00,For filtering or purifying beverages than water
8421.23,oil or petrol-filters for internal combustion engines
8421.23.00,Oil or petrol-filters for internal combustion engines
8421.29,Other
8421.29.00,Other <br> filtering or purifying machinery and apparatus for gases :
8421.31,Intake air filters for internal combustion engines
8421.31.00,Intake air filters for internal combustion engines
8421.39,Other
8421.39.20,Air purifiers or cleaners
8421.39.90,Other <br> Parts :
8421.91,"of centrifuges, including centrifugal dryers"
8421.91.00,Other
8421.99,Other
8421.99.00,Other
8422.11,of the Household type
8422.11.00,Of the household type
8422.19,Other
8422.19.00,Other
8422.20,machinery for cleaning or drying bottles or Other containers
8422.20.00,Machinery for cleaning or drying bottles or other containers
8422.30,"boxes, bags or other containers; machinery for capsuling bottles,"
8422.30.00,"bag or other containers; machinery for capsuling bottles, jars, tubes and"
8422.90,Parts
8422.90.10,Of machinery for cleaning or drying bottles or other containers
8422.90.20,Of dish washing machines of household type
8422.90.90,Of other machinery
8423,"better), including weight operated counting or checking machines;"
8423.10.00,"Personal weighing machines, including baby scales; Household scales"
8423.20,scales for continuous Weighing of Goods on conveyors
8423.20.00,Scales for continuous weighing of goods on conveyors
8423.30.00,of material into a bag or container including hopper scales <b> other
8423.81,-- Having a maximum weighing capacity not exceeding 30 kg
8423.81.10,Beam scale
8423.81.90,Other
8423.82.10,Beams scale
8423.82.90,Other
8423.89,Other
8423.89.00,Other
8423.90.10,Weighing machine weight of all kinds
8423.90.20,Parts of weighing machinery
8424,"extinguishers, whether or not charged; spray guns and similar"
8424.10,"Fire extinguishers, whether or Not charged"
8424.10.00,"Fire extinguishers, whether or not charged"
8424.20,Spray guns and similar Appliances
8424.20.00,Spray guns and similar appliances
8424.30,steam or sand blasting machines and similar jet projecting machines
84244100,Portable sprayers
84244900,Other
8424.81,agricultural or horticultural
8424.82.00,Agricultural or horticultural
8424.89,Other
8424.89.20,Industrial bellows
8424.89.90,Other
8424.90,Parts
8424.90.00,Parts
8425.11,Powered by electric motor
8425.11.10,Hoisting machine
8425.11.20,Pulley tackle
8425.19,Other
8425.19.10,Hoisting machine
8425.19.20,Pulley tackle
8425.31,Powered by electric motor
8425.31.00,Powered by electric motor
8425.39.00,Other jacks and hoists of a kind used for raising vehicles:
8425.41,-- Built-in jacking systems of a type used in garages
8425.41.00,Built-in jacking system of a kind used in garages
8425.42,"Other jacks and hoists, hydraulic"
8425.42.00,"Other jacks and hoists, hydraulic"
8425.49,Other
8425.49.00,Other
8426.11,Overhead travelling cranes on fixed support
8426.11.00,Overhead travelling cranes on fixed support
8426.12,Mobile lifting frames on tyres and straddle carriers
8426.12.00,Mobile lifting frames on tyres and straddle carriers
8426.19,Other
8426.19.00,Other
8426.20,Tower cranes
8426.20.00,Tower cranes
8426.30,Portal or pedestal jib cranes
8426.30.00,"Portal or pedestal jibcranes <br> Other machinery, self-propelled:"
8426.41,on tyres
8426.41.00,On tyres
8426.49,Other
8426.49.00,Other <br> Other machinery :
8426.91,designed for mounting on road vehicles
8426.91.00,Designed for mounting on road vehicles
8426.99,Other
8426.99.10,Ropeway and telephers
8426.99.90,Other
8427.10,Self-propelled trucks Powered by an electric motor
8427.10.00,Self-propelled trucks powered by an electric motor
8427.20,Other Self-propelled trucks
8427.20.00,Other self-propelled trucks
8427.90,Other trucks
8427.90.00,Other trucks
8428.10,lifts and skip hoists
8428.10.11,Lifts of a kind used in buildings
8428.10.19,Other
8428.10.20,Skip hoists
8428.20,pneumatic elevators and conveyors
8428.20.11,Belt conveyors
8428.20.19,Other
8428.31,Specially designed for underground use
8428.31.00,Specially designed for underground use
8428.32,"Other, bucket type"
8428.32.00,"Other, bucket type"
8428.33,"Other, belt type"
8428.33.00,"Other, belt type"
8428.39,Other
8428.39.00,Other
8428.40,escalators and moving walkways
8428.40.00,Escalators and moving walkways
8428.90,Other machinery
8428.90.10,For coal handling
8428.90.20,For ash handling
8428.90.90,Other
8429,"mechanical shovels, excavators, shovel loaders, tamping machines"
8429.11,Track laying
8429.11.10,Angel dozers
8429.11.20,Bull dozers
8429.19,Other
8429.19.10,Angeldozers
8429.19.20,Bulldozers
8429.20,Graders and levellers
8429.20.00,Graders and levellers
8429.30,Scrapers
8429.30.00,Scrappers
8429.40,Tamping machines and road rollers
8429.40.10,Road rollers upto 5 tone capacity
8429.40.20,Road rollers above 5 tons capacity
8429.51,Front-end shovel loaders
8429.51.00,Front-end shovel loaders
8429.52,-- Machinery with a 360° revolving superstructure
8429.52.00,Machinery with a 360 degrees revolving Superstructure
8429.59,Other
8429.59.00,Other
8430.10,pile-drivers and pile-extractors
8430.10.10,Pile drivers
8430.10.20,Pile- extractors
8430.20,Snow-ploughs and Snow-blowers
8430.31,Self-propelled
8430.31.10,Coal cutters
8430.31.20,Tunneling machinery
8430.31.90,Other
8430.39,Other
8430.39.00,Other <br> Other boring or sinking machinery:
8430.41,Self-propelled
8430.41.10,Tube well drilling & core drilling machinery
8430.41.20,Petroleum & gas well drilling machinery
8430.41.30,Rock drilling machinery
8430.41.90,Other
8430.49,Other
8430.49.00,Other
8430.50,"Other machinery, Self-propelled"
8430.50.10,Mining machinery (excluding coal mining)
8430.50.90,"Other <br> Other machinery, not self-propelled:"
8430.61,Tamping or compacting machinery
8430.61.00,Tamping or compacting machinery
8430.69,Other
8430.69.00,Other
8431.10,Of machinery of heading 8425
8431.10.10,"Of pulley tackle hoists, other than skip hoists, winches or capstans"
8431.10.90,Other
8431.20,Of machinery of heading 8427
8431.20.10,Of fork lift trucks
8431.20.90,Other <br> Of machinery of heading 8428:
8431.31,"of lifts, skip hoists or escalators"
8431.31.00,"Of lifts, skip hoists or escalators"
8431.39,Other
8431.39.10,"Of elevators, conveyors & moving equipments"
8431.39.90,"Other <br> Of machinery of heading 8426, 8429 or 8430:"
8431.41,"Buckets, shovels, grabs and grips"
8431.41.00,"Buckets, shovels, grabs, and grips"
8431.42,Bulldozer or angledozer blades
8431.42.00,Bulldozers or angel dozer blades
8431.43.10,"Of boring or sinking machinery, self-propelled"
8431.43.90,Other
8431.49,Other
8431.49.10,"Of road rollers, mechanically propelled"
8431.49.20,Of ships derricks and cranes
8431.49.40,"Of pile driver, snow plough, not self-propelled"
8431.49.90,Other
8432.10,ploughs
8432.10.10,Disc ploughs
8432.10.20,Other tractor ploughs
8432.10.90,"Other <br> Harrows, sacrifiers, cultivators, weeders and hoes:"
8432.21,Disc harrows
8432.21.00,Disc harrows
8432.29,Other
8432.29.10,Rotary hoes
8432.29.90,Other
8432.30,"Seeders, planters and transplanters"
84323100,"No-till direct seeders, planters and transplanters"
84333900,Other
8432.40,Manure spreaders and fertiliser distributors
84324100,Manure spreaders
84324200,Fertiliser distributors
8432.80,Other machinery
8432.80.10,Lawn and sports ground rollers
8432.80.20,Rotary tiller
8432.80.90,Other
8432.90,Parts
8432.90.90,Other
8433.11,"Powered, with the cutting device rotating in a horizontal plane"
8433.11.10,Powered with 3 HP or more
8433.11.90,Other
8433.19,Other
8433.19.10,"Powered mowers, having width of 75 cm or more"
8433.19.90,Other
8433.20,"Other mowers, including cutter bars for tractor mounting"
8433.20.00,"Other mowers, including cutter bars or tractor mounting"
8433.30,Other haymaking machinery
8433.30.00,Other hay making machinery
8433.40,"straw or fodder balers, including pick-up balers"
8433.51,Combine harvester-threshers
8433.51.00,Combine harvester-threshers
8433.52,Other threshing machinery
8433.52.00,Other threshing machinery
8433.53,Root or tuber harvesting machines
8433.53.00,Root or tuber harvesting machines
8433.59,Other
8433.59.00,Other
8433.60.10,Machines for cleaning
8433.60.20,Machine for sorting or grading
8433.90,Parts
8433.90.00,Parts
8434,Milking machines and dairy machinery.
8434.10,Milking machines
8434.10.00,Milking machines
8434.20,Dairy machinery
8434.20.00,Dairy machinery
8434.90,Parts
8434.90.10,Of milking machinery
8434.90.20,Of dairy machinery
8435.10,machinery
8435.10.00,Machinery
8435.90,Parts
8435.90.00,Parts
8436,"keeping machinery, including germination plant fitted with"
8436.10,machinery for preparing animal feeding stuffs
8436.21,Poultry incubators and brooders
8436.21.00,Poultry incubators and brooders:
8436.29,Other
8436.29.00,Other
8436.80,Other machinery
8436.80.10,Germination plant fitted with mechanical and thermal equipment
8436.80.90,Other <br> Parts:
8436.91,of Poultry-keeping machinery or Poultry incubators and brooders
8436.91.00,Of poultry-keeping machinery or poultry incubators and brooders
8436.99,Other
8436.99.00,Other
8437.80,Other machinery
8437.80.10,Flour mill machinery
8437.80.20,Rice mill machinery
8437.80.90,Other
8437.90,Parts
8437.90.10,Of flour mill machinery
8437.90.20,Of rice mill machinery
8437.90.90,Other machinery
8438.10.10,Bakery machinery
8438.10.20,Machinery for manufacture of macaroni / spaghetti or similar products
8438.20,"machinery for the manufacture of confectionery, Cocoa or chocolate"
8438.20.00,"Machinery for the manufacture of confectionery, coca or chocolate"
8438.30,machinery for sugar manufacture
8438.30.10,Sugar crane crushers
8438.30.90,Other
8438.40,Brewery machinery
8438.40.00,Brewery machinery
8438.50,machinery for the preparation of Meat or Poultry
8438.50.00,Machinery for the preparation of meat or poultry
8438.60,"machinery for the preparation of Fruits, nuts or vegetables"
8438.60.00,"Machinery for the preparation of fruits, nuts or vegetables :"
8438.80,Other machinery
8438.80.10,Auxiliary equipment for extrusion cooking plant
8438.80.20,For production of soya milk or other soya products (except soya oil)
8438.80.30,Diffusing machines (diffusers)
8438.80.40,Tea leaf rolling or cutting machine
8438.80.90,Other
8438.90,Parts
8438.90.10,Of sugar manufacturing machinery
8438.90.90,Of other machinery
8439.10,machinery for making pulp of fibrous cellulosic material
8439.10.00,Machinery for making pulp of fibrous cellulosic material
8439.20,machinery for making paper or paperboard
8439.20.00,Machinery for making paper or paper board
8439.30,machinery for finishing paper or paperboard
8439.30.10,Paper laminating machine
8439.30.90,Other <br> Parts:
8439.91,of machinery for making pulp of fibrous cellulosic material
8439.91.00,Of machinery for making pulp of fibrous cellulosic material
8439.99,Other
8439.99.00,Other
8440,"Book-binding machinery, including book-sewing machines."
8440.10,machinery
8440.10.10,"Wire stitching machinery, single headed"
8440.10.90,Other
8440.90,Parts
8440.90.00,Parts
8441.10,cutting machines
8441.10.90,Other
8441.20,"machines for making bags, Sacks or Envelopes"
8441.20.00,"Machines for making bags, sacks or envelops"
8441.40,"machines for moulding articles in paper pulp, paper or paperboard"
8441.40.00,"Machines for moulding articles in paper pulp, paper or paper board"
8441.80,Other machinery
8441.80.00,Other machinery
8441.90,Parts
8441.90.00,Parts
8442,"MAKING PLATES, PRINTING COMPONENTS; PLATES, CYLINDERS"
8442.30,"machinery, apparatus and equipment"
8442.30.10,Brass rules
8442.30.20,Chases
8442.30.90,Other
8442.40,"Parts of the foregoing machinery, apparatus or equipment"
8442.40.00,"Parts of the foregoing machinery, apparatus or equipment"
8442.50,"and lithographic stones, prepared for printing purposes (for"
8442.50.20,Lithographic plates
8442.50.31,Plate and cylinder for textile printing machine
8442.50.39,Other
8442.50.40,Highly polished copper sheets for making process blocks
8442.50.50,Highly polished zinc sheets for making process blocks
8442.50.90,Other
8443.11,"Offset printing machinery, reel-fed"
8443.11.00,"Offset printing machinery,reel fed"
8443.12,one side not exceeding 22 cm and the other side not exceeding 36
8443.13,Other Offset printing machinery
8443.13.00,Other offset printing machinery
8443.14.00,"Letterpress printing machinery,reel feed,excluding flexography printing"
8443.16,flexographic printing machinery
8443.16.00,Flexography printing machinery
8443.17,Gravure printing machinery
8443.17.00,Gravure printing machinery <br> Other printing machinery:
8443.19,Other
8443.19.10,Flat bed printing presses
8443.19.20,Platen printing presses
8443.19.41,Machinery for printing repetitive word or design or colour-on cooton textile
8443.19.49,Other
8443.31,"copying or facsimile transmission, capable of connecting to an"
8443.31.00,"or fascimile transmission,capable of connecting to an automatic data"
8443.32.10,Line printer
8443.32.20,Dot matrix printer
8443.32.30,Letter quality daisy wheel printer
8443.32.40,Laser jet printer
8443.32.50,Ink jet printer
8443.32.60,Facsimile machine
8443.32.90,Other
8443.39,Other
8443.39.10,Ink jet printing machine
8443.39.40,Other photocopying apparatus incorporating an optical system
8443.39.50,Other photocopying apparatus of contact type
8443.39.60,Thermo-copying apparatus
8443.39.90,OTHER <br> Parts and accessories:
8443.91,"means of plates, cylinders and other printing components of"
8443.91.00,"for printing by means of plates,cylinders and other printing components of"
8443.99,Other
8443.99.10,Automatic documents feeders of copying machine
8443.99.20,Paper feeders of copying machines
8443.99.30,Sorters of copying machine
8443.99.51,"Ink cartridges,with print head assembly"
8443.99.52,"Ink cartridges,without print head assembly"
8443.99.53,Ink spray nozzle
8443.99.59,Other
8443.99.60,Parts and accessories of goods of sub-heading 844339
8443.99.90,Other
8444.00.10,Machines for extruding man-made textile materials
8444.00.90,Other
8445,reeling or winding (including weft-winding) machines and machines
8445.11,Carding machines
8445.11.10,Cotton carding machines
8445.11.90,Other
8445.12,Combing machines
8445.12.10,Cotton combing machines
8445.12.90,Other
8445.13,Drawing or roving machines
8445.13.00,Drawing or roving machines
8445.19,Other
8445.19.10,Cotton processing machines (including cotton ginning machine)
8445.19.20,Jute fibre processing machines
8445.19.30,Regenerated fibres & synthetic fibres processing machines
8445.19.40,Silk processing machines
8445.19.50,Wool processing machines
8445.19.60,Blowroom machines
8445.19.90,Other
8445.20,textile spinning machines <br> cotton spinning machines
8445.20.11,Drawing frames
8445.20.12,Intermediate frames
8445.20.13,Ring frames
8445.20.14,Roving frames
8445.20.19,Other
8445.20.20,Jute fibres spinning machines
8445.20.30,Regenerated fibres & synthetic fibres spinning machines
8445.20.40,Silk fibres spinning machines
8445.20.50,Wool spinning machines
8445.20.90,Other
8445.30.11,Doubling frames
8445.30.19,Other
8445.30.20,Jute fibre doubling/twisting machines
8445.30.30,Regenerated fibre and synthetic fibre yarn doubling/twisting machines
8445.30.40,Silk fibre doubling/twisting machines
8445.30.50,Wool fibre doubling/twisting machines
8445.30.90,Other fibre doubling/twisting machines
8445.40,- Textile winding (including weft-winding) or reeling machines
8445.40.20,Jute fibre reeling (including weft-winding) machines
8445.40.40,Silk fibre reeling (including weft-winding) machines
8445.40.50,Wool fibre reeling (including weft-winding) machines
8445.40.90,Other
8445.90,Other
8445.90.00,Other
8446,Weaving machines (looms).
8446.10.11,"Automatic, powerloom"
8446.10.12,"Plain, powerloom"
8446.10.19,Other
8446.10.90,"Other <br> For weaving fabrics of a width exceeding 30 cm, shuttle type:"
8446.21,power looms
8446.21.10,"Cotton weaving machines, automatic"
8446.21.90,Other
8446.29,Other
8446.29.10,Cotton weaving machines
8446.29.90,Other
8446.30.11,"Automatic, powerloom"
8446.30.12,"Plain, powerloom"
8446.30.19,Other
8446.30.90,Other
8447,"making gimped yarn, tulle, lace, embroidery, trimmings, braid or net"
8447.11.11,Hand knitting machines
8447.11.19,Other
8447.11.20,Cotton hosiery machines
8447.11.90,Other
8447.12.11,Hand knitting machines
8447.12.19,Other
8447.12.20,Cotton hosiery machines
8447.12.90,Other
8447.20,- Flat knitting machines; stitch-bonding machines
8447.20.10,Hand knitting machines for wool
8447.20.20,Other knitting machines for wool
8447.20.30,Cotton hosiery machines
8447.20.90,Other
8447.90,Other
8447.90.10,Machines for manufacture of tulle and lace
8447.90.20,Machines for making embroidery
8447.90.30,Other
8448,suitable for use solely or principally with the machines of this
8448.11.10,Jacquards and harness liner cards for cotton textile machinery
8448.11.90,Other
8448.19,Other
8448.19.00,Other
8448.20.00,machinery : <br> Parts and accessories of machines of heading 8445 or
8448.31,Card Clothing
8448.31.00,Card clothing
8448.32,"of machines for preparing textile fibres, Other than Card Clothing"
8448.32.10,For cotton processing machines
8448.32.20,For jute processing machines
8448.32.40,For wool processing machines
8448.32.90,Other
8448.33,"Spindles, spindle flyers, spinning rings and ring travellers"
8448.33.10,For cotton spinning machines
8448.33.20,For jute spinning machines
8448.33.30,For silk & man-made (regenerated & synthetic) fibre spinning machines
8448.33.40,For wool spinning machines
8448.33.90,For other textile fibre spinning machines
8448.39,Other
8448.39.10,Combs for cotton textile machinery
8448.39.20,Gills for gill boxes
8448.42,"Reeds for looms, healds and heald-frames"
8448.42.10,Healds and reeds (excluding wire healds) for cotton machinery
8448.42.20,"Healds, wire"
8448.42.90,Other
8448.49,Other
8448.49.10,Parts of cotton weaving machinery
8448.49.20,Parts of jute weaving machinery
8448.49.30,Parts of silk & man-made fibres weaving machinery
8448.49.40,Parts of wool weaving machinery
8448.49.50,Parts of other textile fibres machinery
8448.51,"Sinkers, needles and Other articles used in forming stitches"
8448.51.10,Of cotton hosiery machine
8448.51.20,Of wool knitting machines
8448.51.30,"Of machines for tulle, lace"
8448.51.90,Other
8448.59,Other
8448.59.00,Other
8449,"the piece or in shapes, including machinery for making felt hats;"
8449.00,"the piece or in shapes, including machinery for making felt hats;"
8449.00.90,Other
8450.11,Fully-automatic machines
8450.11.00,Fully-automatic machines
8450.12,"Other machines, with Built-in centrifugal drier"
8450.12.00,"Other machines, with built-in centrifugal drier"
8450.19,Other
8450.19.00,Other
8450.20,"- Machines, each of a dry linen capacity exceeding 10 kg"
8450.20.00,"Machines, each of a dry linen capacity exceeding 10 kg"
8450.90,Parts
8450.90.10,Parts of household type machines
8450.90.90,Other
8451.10,dry-cleaning machines
8451.10.10,Dry cleaning machines for cotton textile
8451.10.90,Other <br> Drying machines:
8451.21,-- Each of a dry linen capacity not exceeding 10 kg
8451.21.00,Each of a dry linen capacity not exceeding 10 kg
8451.29,Other
8451.29.00,Other
8451.30,Ironing machines and presses (including fusing presses)
8451.30.10,Hand ironing press
8451.30.90,Other
8451.40,"washing, bleaching or dyeing machines"
8451.40.11,For cotton textile
8451.40.19,Other <br> Dyeing machines:
8451.40.21,For cotton textile
8451.40.29,For other textile <br> Other:
8451.40.91,For washing and cleaning for woolen textile
8451.40.99,Other
8451.50.00,"Machines for reeling, unreeling, folding, cutting or pinking textile fabrics"
8451.80,Other machinery
8451.80.11,For cotton textile
8451.80.19,Other <br> Finishing machines:
8451.80.21,For coating or impregnating yarn or fabrics
8451.80.22,Other finishing processes for cotton textile
8451.80.29,Other
8451.80.90,Other
8451.90,Parts
8451.90.00,Parts
8452,"8440; furniture, bases and covers specially designed for sewing"
8452.10,Sewing machines of the Household type
8452.10.11,With electronic controls/electric motors
8452.10.12,Hand operated
8452.10.19,Other
8452.10.21,With electronic controls/electric motors
8452.10.22,Hand operated
8452.10.29,Other
8452.21,automatic units
8452.21.20,Other with electronic control/electric motors
8452.21.90,Other
8452.29.00,Other
8452.30,Sewing machine needles
8452.30.10,for household type sewing machines
8452.30.90,Other
8452.9011,"Furniture, bases and covers"
8452.9019,"Parts of furniture, bases & cover for sewing machines"
8452.90.91,Of household sewing machines
8452.90.99,Other
8453,"or for making or repairing footwear or other articles of hides, skins"
8453.10,"machinery for preparing, tanning or working hides, skins or leather"
8453.10.00,"Machinery for repairing, tanning or working hides, skins or leather"
8453.20,machinery for making or repairing footwear
8453.20.00,Machinery for making or repairing footwear
8453.80,Other machinery
8453.80.00,Other machinery
8453.90,Parts
8453.90.10,Of boot and shoe manufacturing machinery
8453.90.90,Other
8454.10,converters
8454.10.00,Converters
8454.20,Ingot moulds and ladles
8454.20.10,Ladles
8454.20.20,Ingot moulds
8454.30,Casting machines
8454.30.10,Die-casting machines
8454.30.20,Continuous casting machines
8454.30.90,Other
8454.90,Parts
8454.90.00,Parts
8455,Metal-rolling mills and rolls therefor.
8455.10,tube mills <br> Other rolling mills:
8455.10.00,Tube mills
8455.21,hot or combination hot and Cold
8455.21.10,Hot rolling mills:
8455.21.20,Combination of hot & cold rolling mills
8455.22,Cold
8455.22.00,Cold
8455.30,rolls for rolling mills
8455.30.00,Rolls for rolling mills
8455.90,Other Parts
8455.90.00,Other parts
84561100,Operated by laser
84561200,Operated by other light or photon beam processes
8456.20,operated by Ultrasonic processes
8456.20.00,Operated by ultrasonic processes
8456.30,operated by Electro-Discharge processes
8456.30.00,Operated by electro-discharge processes
84565000,- Water-jet cutting machines
8456.90,Other
8456.90.10,For dry-etching patterns on semi-conductor materials
8456.90.20,Electro-chemical machines
8456.90.90,Other
8457.10,Machining centres
8457.10.10,Horizontal
8457.10.20,Vertical
8457.20,unit construction machines (single station)
8457.20.10,Unit head boring
8457.20.20,Unit head drilling
8457.20.90,Other
8457.30,Multi-station transfer machines
8457.30.10,Rotary type
8457.30.20,In-line type
8457.30.90,Other
8458,Lathes (including turning centres) for removing metal.
8458.11,Numerically controlled
8458.11.00,Numerically controlled
8458.19,"Other <br> automatic, single spindle:"
8458.19.11,"Horizontal bar, swiss type"
8458.19.12,Base sliding head type
8458.19.13,Horizontal chucking
8458.19.19,Other
8458.19.90,Other
8458.91,Numerically controlled
8458.91.00,Numerically controlled
8458.99,Other
8458.99.10,"Automatic, multi-spindle bar"
8458.99.31,Capstans lathes
8458.99.32,Turrets lathes
8458.99.33,Capstan & turret combination lathes
8458.99.34,Copying lathes
8458.99.41,Crankshaft lathes
8458.99.42,Relieving lathes
8458.99.43,Wheel and axle lathes <br> Centre lathes:
8458.99.51,Tool-room type
8458.99.59,Other
8458.99.90,Other
8459,"boring, milling, threading or tapping by removing metal, other than"
8459.10,Way-type unit head machines <br> Other drilling machines
8459.10.00,Way-type unit head machines
8459.21,Numerically controlled
8459.21.00,Numerically controlled
8459.29,Other
8459.29.10,Bench and pillar
8459.29.20,"Pillar or columns, multi-spindle"
8459.29.30,Radial
8459.29.40,Deep hole
8459.29.50,Multi head drilling machines
8459.29.90,Other <br> Other boring-milling machines:
8459.31,Numerically controlled
8459.31.00,Numerically controlled
8459.39,Other
8459.39.10,Vertical turning or boring
8459.39.90,Other
845941,Numerically controlled:
84594110,"Jig boring machines, horizontal"
84594120,"Fine boring machines, horizontal"
84594130,"Fine boring machines, vertical"
84594190,Other
845949,Other
84594910,"Jig boring machines, horizontal"
84594920,"Fine boring machines, horizontal"
84594930,"Fine boring machines, vertical"
84594990,Other
8459.51.10,Horizontal
8459.51.20,Vertical
8459.51.30,Universal
8459.51.90,Others
8459.59,Other
8459.59.10,Horizontal
8459.59.20,Vertical
8459.59.30,Universal
8459.59.40,Ram type
8459.59.50,Die-sinking or pantograph
8459.59.90,Other <br> Other milling machines:
8459.61,Numerically controlled
8459.61.10,Piano milling
8459.61.90,Other
8459.69,Other
8459.69.10,"Bed type, horizontal"
8459.69.20,"Bed type, vertical"
8459.69.30,"Piano milling, single column"
8459.69.40,"Piano milling, double column"
8459.69.90,Other
8459.70,Other threading or tapping machines
8459.70.10,Die-type (screwing machines)
8459.70.20,Tapping machines
8460,"OR CERMETS BY MEANS OF GRINDING STONES, ABRASIVES OR"
84601200,Numerically controlled
8460.19,Other
8460.19.00,Other
8460.21,Numerically controlled
8460.21.00,Numerically controlled
84602200,"Centreless grinding machines, numerically controlled"
84602300,"Other cylindrical grinding machines, numerically controlled"
84602400,"Other, numerically controlled"
8460.29,Other
8460.29.10,Cylindrical grinders
8460.29.20,Internal grinders
8460.29.30,Centreless grinders
8460.29.40,Profile grinders
8460.29.90,Other
8460.31,Numerically controlled
8460.31.00,Numerically controlled
8460.39,Other
8460.39.10,"Grinder, tool/cutter"
8460.39.90,Other
8460.40,Honing or lapping machines <br> Honing machines :
8460.40.11,"Vertical, single spindle"
8460.40.12,"Vertical, multi-spindle"
8460.40.13,Horizontal
8460.40.19,Other
8460.40.20,Lapping machines
8460.90,Other
8460.90.10,Polishing & baffing machines
8460.90.90,Other
8461.20,Shaping or slotting machines
8461.20.11,Die & punch shaping machines
8461.20.19,Other
8461.20.20,Slotting machines
8461.30,broaching machines
8461.30.10,Vertical
8461.30.20,Horizontal
8461.30.90,Other
8461.40,"gear cutting, gear Grinding or gear finishing machines"
8461.40.11,Bevel gear cutting
8461.40.12,Gear cutting spiral bevel and /or hypoid
8461.40.13,Gear slotter/planar formed cutter type
8461.40.14,Gear milling formed disc cutter type
8461.40.19,Other <br> Gear grinding or gear finishing machines :
8461.40.21,Single/double wheel disc type gear grinder
8461.40.22,Formed wheel gear grinder
8461.40.23,Gear shaver
8461.40.24,"Gear tooth, rounding, chamfering/burring"
8461.40.25,"Gear shaper, spur and helical"
8461.40.26,"Gear hobber, spur and helical"
8461.40.29,Other
8461.50,sawing or cutting-off machines <br> sawing machines :
8461.50.11,"Band saw, horizontal"
8461.50.12,"Band saw, vertical"
8461.50.13,"Circular saw, cold"
8461.50.14,"Circular saw, hot"
8461.50.15,Hack saw
8461.50.19,Other <br> cutting-off machines :
8461.50.21,Abrasive wheel cutting-off machines
8461.50.29,Other
8461.90,Other
8461.90.00,Other
8462,"working metal by bending, folding, straightening, flattening,"
8462.10,Forging or die-Stamping machines (including presses) and Hammers
8462.10.11,"Steam/air, single frame"
8462.10.12,"Steam/air, double frame"
8462.10.13,Headers & upsetters
8462.10.14,"Double acting counter blow, air/steam"
8462.10.19,Other
8462.10.20,Forging machines
8462.21,Numerically controlled
8462.21.00,Numerically controlled
8462.29,Other
8462.29.10,Bending and/or straightening machines
8462.29.20,Press brakes
8462.29.30,Other rotary head & ram type
8462.31,Numerically controlled
8462.31.00,Numerically controlled
8462.39,Other
8462.39.10,Plate and sheet shears (guillotine)
8462.39.20,Bar and angle shearing and cropping
8462.41,Numerically controlled
8462.41.00,Numerically controlled
8462.49,Other
8462.49.10,Punching machines (including turret)
8462.49.20,"Combination of punching, shearing & cropping machines"
8462.49.30,Nibbling machines
8462.49.90,Other <br> Other
8462.91,hydraulic presses
8462.91.10,Hydraulic extension
8462.91.90,Other
8462.99,"Other <br> Pneumatic, inclinable and vertical presses :"
8462.99.11,Pneumatic presses
8462.99.12,Inclinable presses
8462.99.13,Vertical gap of frame presses
8462.99.14,Vertical straight presses
8462.99.15,Vertical forging presses
8462.99.19,Other
8462.99.20,Dieing/lobbing machine presses
8462.99.30,Transfer and multiple presses
8462.99.40,Horizontal presses
8462.99.50,Friction screw presses
8462.99.60,Knuckle joint presses
8462.99.70,Coining joint presses
8462.99.90,Other
8463.10.,"Draw-benches for bars, tubes, profiles, wire or the like"
8463.10.10,Wire and metal ribbon drawing machines
8463.10.20,Other wire making machines
8463.10.30,Tube drawing machine
8463.10.90,Other
8463.20.00,Thread rolling machines
8463.30.,Machines for working wire
8463.30.10,Wire grill or Knitting machine
8463.30.20,Spring coiling
8463.30.30,Chain making
8463.30.40,Nail-making machine
8463.90.,Other
8463.90.10,Riveting machines (excluding portable hand operated machine)
8463.90.20,Strip profiling
8463.90.30,Seaming machine for example for cans
8463.90.90,Other
8464.10.10,Granite cutting machines/ equipment
8464.10.90,Other
8464.20.00,Grinding or polishing machines
8464.90.00,Other
8465,"otherwise assembling) for working wood, cork, bone, hard rubber,"
84652000,Machining centres
8465.91,sawing machines
8465.91.00,Sawing machines
8465.92,"Planing, milling or moulding (by cutting) machines"
8465.92.00,"Planing, milling or moulding (by cutting) machines"
8465.93,"Grinding, sanding or polishing machines"
8465.93.00,"Grinding, sanding or polishing machines"
8465.94,Bending or assembling machines
8465.94.00,Bending or assembling machines
8465.95,Drilling or morticing machines
8465.95.00,Drilling or morticing machines
8465.96,"Splitting, slicing or paring machines"
8465.96.00,"Splitting, slicing or paring machines"
8465.99,Other
8465.99.10,Lathes
8465.99.90,Other
8466,"DIEHEADS, DIVIDING HEADS AND OTHER SPECIAL"
8466.10,tool holders and Self-opening dieheads
8466.10.10,Tool holders
8466.10.20,Self-opening dieheads
8466.20,work holders
8466.20.00,Work holders
8466.30,Dividing heads and other special attachments for machines
8466.30.10,Chucks
8466.30.20,Jigs & fixtures
8466.30.90,Other <br> Other
8466.91,-- For machines of heading 84.64
8466.91.00,For machines of heading 8464
8466.92,-- For machines of heading 84.65
8466.92.00,For machines of heading 8465
8466.93,-- For machines of headings 84.56 to 84.61
8466.93.10,"Parts and accessories of machine tools, for working metals"
8466.93.90,Other
8466.94,-- For machines of heading 84.62 or 84.63
8466.94.00,For machines of heading 8462 to 8463
8467.11,-- Rotary type (including combined rotary-percussion)
8467.11.10,Drills
8467.11.20,Hammers
8467.11.90,Others
8467.19,Other
8467.19.00,Other <br> With self-contained electric motor:
8467.21,Drills of all kinds
8467.21.00,Drills of all kinds
8467.22,Saws
8467.22.00,Saws
8467.29,Other
8467.29.00,Other <br> Other tools:
8467.81,chain Saws
8467.81.00,Chain saws
8467.89,Other
8467.89.10,"Compressed air grease guns, lubricators and similar appliances"
8467.89.20,Vibrators
8467.89.90,Other <br> Parts:
8467.91,of chain Saws
8467.91.00,Of chain saws
8467.92,of pneumatic tools
8467.92.00,Of pneumatic tools
8467.99,Other
8467.99.00,Other
8468,"or not capable of cutting, other than those of heading 8512.5; gas-"
8468.10,Hand-held Blow pipes
8468.10.00,Hand-held blow pipes
8468.20,- Other gas-operated machinery and apparatus
8468.20.10,Welding/cutting machines
8468.20.90,Other
8468.80,Other machinery and apparatus
8468.80.00,Other machinery and apparatus
8468.90,Parts
8468.90.00,Parts
8469.00.10,Omitted
8469.00.20,Omitted
8469.00.30,Omitted
8469.00.40,Omitted
8469.00.90,Omitted
8470.10,"source of electric power and Pocket-size data recording,"
8470.10.00,"electric power and pocket-size data recording, reproducing and displaying"
8470.21,Incorporating a printing device
8470.21.00,Incorporating a printing device
8470.29,Other
8470.29.00,Other
8470.30,Other calculating machines
8470.30.00,Other calculating machines
8470.50,Cash Registers
8470.50.10,Electrically operated
8470.50.20,Manually operated
8470.90,Other
8470.90.10,Electrically operated
8470.90.20,Manually operated
8471.30,"than 10 kg, consisting of a least a central processing unit, a"
8471.30.10,Personal computer
8471.30.90,Other <br> Other automatic data processing machines:
8471.41.10,Micro computer
8471.41.20,Large/main frame computer
8471.41.90,Other
8471.49,"Other, presented in the form of systems"
8471.49.00,"Other, presented in the form of systems"
8471.50,"8471.49, whether or not containing in the same housing one or two"
8471.50.00,whether or not containing in the same housing one or two of the following
8471.60.10,Combined input or out put units <br> Printer:
8471.60.24,Graphic printer
8471.60.25,Plotter
8471.60.29,Other
8471.60.40,Keyboard
8471.60.50,Scanners
8471.60.60,Mouse
8471.60.90,Other
8471.70,Storage units
8471.70.10,Floppy disc drives
8471.70.20,Hard disc drives
8471.70.30,Removable or exchangeable disc drives
8471.70.40,Magnetic tape drives
8471.70.50,Cartridge tape drive
8471.70.60,CD-ROM Drive
8471.70.70,DVD Drive
8471.70.90,Other
8471.80,Other units of automatic data processing machines
8471.80.00,Other units of automatic data processing machines
8471.90,Other
8471.90.00,Other
8472,"dispensers, coin-sorting machines, coin-counting or wrapping"
8472.10,Duplicating machines
8472.10.00,Duplicating machines
8472.30,"Envelopes or bands, machines for opening, closing or sealing mail"
8472.30.00,"bands, machines for opening, closing or sealing mail and machines, for"
8472.90,Other
8472.90.10,Stapling machines (staplers)
8472.90.20,Digital duplicator
8472.90.30,Automatic teller machines
8472.90.40,"Coin sorting machines, coin-counting or wrapping machines"
84729091,Word-processing machines
84729092,Automatic typewriters
84729093,"Braille typewriters, electric"
84729094,"Braille typewriters, non-electric"
84729095,"Other typewriters, electric or non-electric"
84729099,Other
8473,SOLELY OR PRINCIPALLY WITH MACHINES OF HEADINGS 8470 TO
8473.10,Parts and accessories of the machines of heading 8469
8473.10.00,Omitted
8473.29,Other
8473.29.00,Other
8473.30,Parts and accessories of the machines of heading 8471
8473.30.10,Microprocessors
8473.30.20,Motherboards
8473.30.30,Other mounted printed circuit boards
8473.30.40,Head stack <br> Other
8473.30.91,Network access controllers
8473.30.99,Other
8473.40,Parts and accessories of the machines of heading 8472
8473.40.10,"Parts of duplicating, hectograph/stencil machines"
8473.40.90,Other
8474,"agglomerating, shaping or moulding solid mineral fuels, ceramic"
8474.10,"sorting, screening, separating or washing machines"
8474.10.10,For coal
8474.10.90,Other
8474.20,crushing or Grinding machines
8474.20.10,For stone and mineral
8474.20.20,For coal
8474.20.90,Other <br> Mixing or kneading machines:
8474.31,Concrete or mortar mixers
8474.31.10,Concrete mixers
8474.31.20,Mortar mixers
8474.32,machines for mixing mineral substances with bitumen
8474.32.00,Machines for mixing mineral substances with bitumen
8474.39,Other
8474.39.00,Other
8474.80,Other machinery
8474.80.10,Brick and tile making machinery
8474.80.20,Ceramic and clay making machinery
8474.80.30,Machinery for forming foundry moulds of sand
8474.80.90,Other
8474.90,Parts
8474.90.00,Parts
8475,"valves or flashbulbs, in glass envelopes; machines for"
8475.10.00,"flashbulbs, in glass envelopes <br> Machines for manufacturing or hot"
8475.21,machines for making optical fibres and preforms thereof
8475.21.00,Machines for making optical fibres and performs thereof
8475.29,Other
8475.29.00,Other
8475.90,Parts
8475.90.00,Parts
8476,"cigarette, food or beverage machines), including money-changing"
8476.21,Incorporating heating or refrigerating devices
8476.21.10,Incorporating refrigerating devices
8476.21.20,Incorporating heating devices
8476.29,Other
8476.29.00,Other <br> Other machines :
8476.81,Incorporating heating or refrigerating devices
8476.81.10,Incorporating refrigerating devices
8476.81.20,Incorporating heating devices
8476.89,Other
8476.89.10,Money changing machines
8476.89.20,Postage stamps vending machines
8476.89.30,Cigarette vending machines
8476.89.90,Other
8476.90,Parts
8476.90.10,Of machines of sub-heading 847621
8476.90.90,Other
8477,"products from these materials, not specified or included elsewhere"
8477.10,Injection-moulding machines
8477.10.00,Injection-moulding machines
8477.20,Extruders
8477.20.00,Extruders
8477.30,Blow moulding machines
8477.30.00,Blow moulding machines
8477.40,Vacuum moulding machines and Other thermoforming machines
8477.59,Other
8477.59.00,Other
8477.80,Other machinery
8477.80.10,Machinery for making rubber goods
8477.80.90,Other
8477.90,Parts
8477.90.00,Parts
8478.10,machinery
8478.10.10,Cigar making machinery
8478.10.20,Cigarette making machinery
8478.10.90,Other
8478.90,Parts
8478.90.00,Parts
8479.10.00,"Machinery for public works, building or the like"
8479.20.10,Oil seed crushing/grinding machinery including purifying tanks
8479.20.90,Other
8479.30.00,wood or other ligneous materials and other machinery for treating wood or
8479.40.00,Rope or cable-making machines
8479.50.00,"Industrial robots, for treating metal, including electric wire coil winders"
8479.60.00,Evaporative air coolers <br> Other machines and mechanical appliances:
84797100,Of a kind used in airports
84797900,Other
8479.81,"for treating metal, including electric Wire coil-winders"
8479.81.00,"For treating metal, including electric wire coil-winders"
8479.89,Other
8479.89.10,Soap cutting or moulding machinery
8479.89.30,Mechanical shifting machines
8479.89.40,Ultrasonic Transducers
8479.89.50,Car washing machines and related appliances
8479.89.60,Coke oven plants
8479.89.99,Other
8479.90,Parts
8479.90.10,"Of machines for public works, building and the like"
8479.90.20,Of machines for the extraction of animal or fruit and vegetable fats or oil
8479.90.30,Of machines and mechanical appliances for treating wood
8479.90.40,Of machinery used for manufacture of chemicals and pharmaceuticals
8479.90.90,Other
8480,"moulds for metal (other than ingot moulds), metal carbides, glass,"
8480.10,moulding boxes for metal foundry
8480.10.00,Moulding boxes for metal foundry
8480.20,Mould bases
8480.20.00,Mould bases
8480.30,moulding patterns
8480.30.00,Moulding patterns <br> Moulds for metal or metal carbides:
8480.41,Injection or Compression types
8480.41.00,Injection or compression types
8480.49,Other
8480.49.00,Other
8480.50,moulds for glass
8480.50.00,Moulds for glass
8480.60,moulds for mineral materials
8480.60.00,Moulds for mineral materials <br> Moulds for rubber or plastics :
8480.71,Injection or Compression types
8480.71.00,Injection or compression types
8480.79,Other
8480.79.00,Other
8481,"tanks, vats or the like, including pressure-reducing valves and"
8481.10,pressure-reducing valves
8481.10.00,Pressure-reducing valves
8481.20,valves for oleohydraulic or pneumatic transmissions
8481.20.00,Valves for oleo hydraulic or pneumatic transmissions
8481.30,Check (nonreturn) valves
8481.30.00,Check (nonreturn) valves
8481.40,Safety or relief valves
8481.40.00,Safety or relief valves
8481.80,Other Appliances
8481.80.10,"Taps, cocks and similar appliances of iron/steel"
8481.80.20,"Taps, cocks and similar appliances of non-ferrous metal"
8481.80.41,For Bicycles
8481.80.49,Other
8481.80.90,Other
8481.90,Parts
8481.90.10,Of Bicycles valves
8481.90.90,Other
8482,Ball or roller bearings.
8482.10,Ball bearings
8482.10.11,Not exceeding 50mm bore diameter
8482.10.12,Of bore diameter exceeding 50 mm but not exceeding 100 mm
8482.10.13,Of bore diameter exceeding 100 mm
8482.10.20,Other ball bearing (radial type) of bore diameter not exceeding 50mm
8482.10.40,Of bore diameter exceeding 100mm <br> Thrust ball bearings:
8482.10.51,Of bore diameter not exceeding 50mm
8482.10.52,Of bore diameter exceeding 50 mm but not exceeding 100 mm
8482.10.53,Of bore diameter exceeding 100 mm
8482.10.90,Other
8482.20.11,Of bore diameter not exceeding 50 mm
8482.20.13,Of bore diameter exceeding 100 mm
8482.20.90,Other
8482.30,Spherical Roller bearings
8482.30.00,Spherical roller bearings
8482.40,Needle Roller bearings
8482.40.00,Needle roller bearings
8482.50,Other cylindrical Roller bearings
8482.50.11,Of bore diameter not exceeding 50 mm
8482.50.12,Of bore diameter exceeding 50 mm diameter but not exceeding 100 mm
8482.50.13,Of bore diameter exceeding 100 mm <br> Thrust roller bearings
8482.50.21,Of bore diameter not exceeding 50 mm
8482.50.22,Of bore diameter exceeding 50 mm but not exceeding 100 mm
8482.50.23,Of bore diameter exceeding 100 mm
8482.80,"Other, including combined Ball/Roller bearings"
8482.80.00,"Other, including combined ball/roller bearings <br> Parts:"
8482.91,"balls, needles and rollers"
8482.91.11,Of nickel alloys
8482.91.12,Of tungsten carbide
8482.91.13,Of special stainless steel
8482.91.14,Of high speed steel
8482.91.19,Other
8482.91.20,Needles
8482.91.30,Rollers
8482.99,Other
8482.99.00,Other
8483,"gearing; ball or roller screws; gear boxes and other speed changers,"
8483.10.10,Crank shafts for sewing machines <br> Other:
8483.10.91,Crank shaft for engine of heading 8407
8483.10.92,Crank shaft for engine of heading 8408
8483.10.99,Other
8483.20,"Bearing housings, Incorporating Ball or Roller bearings"
8483.20.00,"Bearing housings, incorporation ball or roller bearings"
8483.40.00,other transmission elements presented separately; ball or roller screws;
8483.50,"Flywheels and pulleys, including pulley blocks"
8483.50.10,"Pulleys, power transmission"
8483.50.90,Other
8483.60,Clutches and shaft couplings (including universal joints)
8483.60.10,Flexible coupling
8483.60.20,Fluid coupling
8483.60.90,Other
8484.10.90,Other
8484.20,Mechanical seals
8484.20.00,Mechanical seals
8484.90,Other
8484.90.00,Other
8486,"devices, electronic integrated circuits or flat panel displays;"
8486.10,machines and apparatus for the manufacture of boules or wafers
8486.30,machines and apparatus for the manufacture of flat panel displays
8486.30.00,Machines and apparatus for the manufacture of flat panel displays
8486.40,- Machines and apparatus specified in Note 9 (C) to this Chapter
8486.40.00,Machines and apparatus specified in Note 9© to this chapter
8486.90,Parts and accessories
8486.90.00,Parts and accessories
8487,"coils, contacts or other electrical features, not specified or included"
8487.10,- Ships' or boats' propellers and blades therefor
8487.90,Other
8487.90.00,Other
8501,Electric motors and generators (excluding generating sets).
8501.10,- Motors of an output not exceeding 37.5 W
8501.10.11,Micro motor
8501.10.12,Stepper motor
8501.10.13,Wiper motor
8501.10.19,Other
8501.10.20,AC motor
8501.20,- Universal AC/DC motors of an output exceeding 37.5 W
8501.31,-- Of an output not exceeding 750 W
8501.31.11,Micro motor
8501.31.12,Stepper motor
8501.31.13,Wiper motor
8501.31.19,Other
8501.31.20,DC generators
8501.32,-- Of an output exceeding 750 W but not exceeding 75 kW
8501.32.10,DC motor
8501.32.20,DC generators
8501.33,-- Of an output exceeding 75 kW but not exceeding 375 kW
8501.33.10,DC motors
8501.33.20,DC generators
8501.34,-- Of an output exceeding 375 kW
8501.34.10,Of an output exceeding 375 kW but not exceeding 1000 kW
8501.34.20,Of an output exceeding 1000 kW but not exceeding 2000 kW
8501.34.30,Of an output exceeding 2000 kW but not exceeding 5000 kW
8501.34.40,Of an output exceeding 5000 kW but not exceeding 10000 kW
8501.34.50,Of an output exceeding 10000 kW
8501.40,"Other AC motors, single-phase"
8501.40.10,Fractional Horse power motor
8501.40.90,"Other <br> Other AC motors, multi-phase:"
8501.51,-- Of an output not exceeding 750 W
8501.51.10,Squirrel cage induction motor 3 phase type
8501.51.20,Slipring motor
8501.51.90,Other
8501.52,-- Of an output exceeding 750 W but not exceeding 75 kW
8501.52.10,"Squirrel cage induction motor, 3 phase type"
8501.52.20,Slipring motor
8501.52.90,Other
8501.53,-- Of an output exceeding 75 kW
8501.53.10,"Squirrel cage induction motor, 3 phase type"
8501.53.20,Slipring motor
8501.53.30,Traction motor
8501.53.90,Other <br> AC generators (alternators) :
8501.61,-- Of an output not exceeding 75 kVA
8501.61.00,Of an output not exceeding 75 kVA
8501.62,-- Of an output exceeding 75 kVA but not exceeding 375 kVA
8501.62.00,Of an output exceeding 75 kVA but not exceeding 375 kVA
8501.63,-- Of an output exceeding 375 kVA but not exceeding 750 kVA
8501.63.00,Of an output exceeding 375 kVA but not exceeding 750 kVA
8501.64,-- Of an output exceeding 750 kVA
8501.64.10,Of an output exceeding 750 kVA but not exceeding 2000 KVA
8501.64.20,Of an output exceeding 2000 KVA but not exceeding 5000 KVA
8501.64.30,Of an output exceeding 5000 kVA but not exceeding 15000 kVA
8501.64.40,Of an output exceeding 15000 kVA but not exceeding 37500 kVA
8501.64.50,Of an output exceeding 37500 kVA but not exceeding 75000 KVA
8501.64.60,Of an output exceeding 75000 kVA but not exceeding 137500 kVA
8501.64.70,Of an output exceeding 137500 kVA but not exceeding 312500 kVA
8501.64.80,Of an output exceeding 312500 kVA
8502,Electric generating sets and rotary converters.
8502.11,-- Of an output not exceeding 75 kVA
8502.11.00,Of an output not exceeding 75 kVA
8502.12,-- Of an output exceeding 75 kVA but not exceeding 375 kVA
8502.12.00,Of an output exceeding 75 kVA but not exceeding 375 kVA
8502.13,-- Of an output exceeding 375 kVA
8502.13.10,Of an output exceeding 375 kVA but not exceeding 1000 kVA
8502.13.20,Of an output exceeding 1000 kVA but not exceeding 1500 kVA
8502.13.30,Of an output exceeding 1500 kVA but not exceeding 2000 kVA
8502.13.40,Of an output exceeding 2000 kVA but not exceeding 5000 kVA
8502.13.50,Of an output exceeding 5000 kVA but not exceeding 10000 kVA
8502.13.60,Of an output exceeding 10000 kVA
8502.20.10,Electric portable generators of an output not exceeding 3.5kVA
8502.20.90,Other <br> other generating sets :
8502.31,Wind-Powered
8502.31.00,Wind-powered
8502.39,Other
8502.39.10,Powered by steam engine
8502.39.20,Powered by water turbine
8502.39.90,Other
8502.40,electric Rotary converters
8502.40.00,Electric rotary converters
8503.00.10,Parts of generator (AC/DC) <br> Parts or electric motor :
8503.00.21,Of DC motor
8503.00.29,Other
8503.00.90,Other
8504.10,Ballasts for Discharge lamps or tubes
8504.10.10,Conventional type
8504.10.20,For Compact Fluorescent Lamps
8504.10.90,Other <br> liquid dielectric transformers :
8504.21,-- Having a power handling capacity not exceeding 650 kVA
8504.21.00,Having a power handling capacity not exceeding 650 kVA
8504.23,"-- Having a power handling capacity exceeding 10,000 kVA"
8504.31,-- Having a power handling capacity not exceeding 1 kVA
8504.31.00,Having a power handling capacity not exceeding 1 kVA
8504.34,-- Having a power handling capacity exceeding 500 kVA
8504.34.00,Having a power handling capacity exceeding 500 kVA
8504.40,Static converters
8504.40.10,Electric inverter <br> rectifier :
8504.40.21,Dip bridge rectifier
8504.40.29,Other
8504.40.30,Battery chargers
8504.40.40,Voltage Regulator and Stabilizers
8504.40.90,Other
8504.50,Other inductors
8504.50.10,Choke coils (chokes)
8504.50.90,Others
8504.90,Parts
8504.90.10,Of transformers
8504.90.90,Other
8505,"or permanent magnet chucks, clamps and similar holding devices;"
8505.11,of metal
8505.11.10,Ferrite cores
8505.11.90,Other
8505.19,Other
8505.19.00,Other
8505.20,"Electro-magnetic couplings, Clutches and brakes"
8505.20.00,"Electro-magnetic couplings, clutches and brakes"
8505.90,"Other, including Parts"
8505.90.00,"OTHER, including parts"
8506,Primary cells and primary batteries.
8506.10,Manganese dioxide
8506.10.00,Manganese dioxide
8506.30,Mercuric oxide
8506.30.00,Mercuric oxide
8506.40,Silver oxide
8506.40.00,Silver oxide
8506.50,Lithium
8506.50.00,Lithium
8506.60,air-zinc
8506.60.00,Air-Zinc
8506.80,Other primary cells and primary batteries
8506.80.10,Button Cell
8506.80.90,Other
8506.90,Parts
8506.90.00,Parts
8507.10.00,Lead-acid of a kind used for starting piston engines
8507.20.00,Other lead-acid accumulators
8507.30.00,Nickel-cadmium
8507.40.00,Nickel-Iron
85075000,Nickel metal hydride
85076000,Lithium- ion
8507.80.00,Other accumulators
8507.90,Parts
8507.90.10,Accumulator cases made of hard rubber and separators
8507.90.90,Other
8508,Vacuum cleaners.
8508.11.00,exceeding 1500 w and having a dust bag or other receptacle capacity not
8508.19.00,Other
8508.60,Other Vacuum cleaners
8508.60.00,Other vacuum cleaners
8508.70.00,Parts
8509.40,- Food grinders and mixers; fruit or vegetable juice extractors
8509.40.10,Food grinders
8509.40.90,Other
8509.80,Other Appliances
8509.80.00,Other appliances
8509.90,Parts
8509.90.00,Parts
8510.10,Shavers
8510.10.00,Shavers
8510.20,hair clippers
8510.20.00,Hair clippers
8510.30,hair-removing Appliances
8510.30.00,Hair-removing appliances
8510.90,Parts
8510.90.00,Parts
8511.10,Sparking plugs
8511.10.00,Sparking plugs
8511.20,- Ignition magnetos; magneto-dynamos; magnetic flywheels
8511.20.10,Electronic magnetos
8511.20.90,Other
8511.30,- Distributors; ignition coils
8511.30.10,Distributors
8511.30.20,Ignition coils
8511.40,Starter motors and dual purpose Starter-generators
8511.40.00,Starter motors and dual purpose starter-generators
8511.50,Other generators
8511.50.00,Other generators
8511.80,Other equipment
8511.80.00,Other equipment
8511.90,Parts
8511.90.00,Parts
8512,"heading 8539), windscreen wipers, defrosters and demisters, of a"
8512.10,lighting or visual signalling equipment of a kind used on bicycles
8512.10.00,Lighting or visual signalling equipment of a kind used on bicycles
8512.20,Other lighting or visual signalling equipment
8512.20.10,"Head lamps, tail lamp, stop lamp, side lamp and blinkers"
8512.20.20,Other automobile lighting equipment
8512.20.90,Other
8512.30,sound signalling equipment
8512.30.10,Horn
8512.30.90,Other
8512.40,"Windscreen wipers, defrosters and demisters"
8512.40.00,"Windscreen wipers, defrosters and demisters"
8512.90,Parts
8512.90.00,Parts
8513,"energy (for example, dry batteries, accumulators, magnetos), other"
8513.10,lamps
8513.10.10,Torch
8513.10.20,Other flash lights excluding those for photographic purposes
8513.10.30,Miners safety lamps
8513.10.40,Magneto lamps
8513.10.90,Other
8513.90,Parts
8513.90.00,Parts
8514.10,Resistance heated furnaces and ovens
8514.10.00,Resistance heated furnaces and ovens
8514.20,furnaces and ovens functioning by induction or dielectric loss
8514.20.00,Furnaces and ovens functioning by induction or dielectric loss
8514.30,Other furnaces and ovens
8514.30.10,For melting
8514.30.90,Other
8514.90,Parts
8514.90.00,Parts
8515,"arc soldering, brazing or welding machines and apparatus, whether"
8515.11,soldering irons and guns
8515.11.00,Soldering irons and guns
8515.19,Other
8515.19.00,Other <br> Machines and apparatus for resistance weldign of metal :
8515.21,Fully or partly automatic
8515.21.10,Automatic spot welding machinery
8515.21.20,Automatic butt welding machinery
8515.21.90,Other
8515.29,Other
8515.31,Fully or partly automatic
8515.31.00,Fully or partly automatic
8515.39,Other
8515.39.10,AC are welding machinery
8515.39.20,Argon arc welding machinery
8515.39.90,Other
8515.80,Other machines and apparatus
8515.80.10,High frequency plastic welding machine
8515.80.90,Other
8515.90,Parts
8515.90.00,Parts
8516,"hair dryers, hair curlers, curling tong heaters) and hand dryers;"
8516.21,Storage heating radiators
8516.21.00,Storage heating radiators
8516.29,Other
8516.29.00,Other <br> Electro-thermic hair-dressing or hand drying apparatus
8516.31,hair dryers
8516.31.00,Hair dryers
8516.32,Other hair-dressing apparatus
8516.32.00,Other hair-dressing apparatus
8516.33,Hand-drying apparatus
8516.33.00,Hand-drying apparatus
8516.40,electric smoothing irons
8516.40.00,Electric smoothing irons
8516.50,Microwave ovens
8516.50.00,Microwave ovens
8516.71,coffee or tea makers
8516.71.00,Coffee or tea makers
8516.72,Toasters
8516.72.00,Toasters
8516.79,Other
8516.79.10,Electro thermic fluid heater
8516.79.20,Electrical/electronic devices for repelling insects (e.g. mosquitoes etc.)
8516.79.90,Other
8516.80,electric heating resistors
8516.80.00,Electric heating resistors
8516.90,Parts
8516.90.00,Parts
8517.11,Line telephone sets with cordless handsets
8517.11.10,Push button type
8517.11.90,Other
8517.12,Telephones for cellular networks or for Other wireless networks
8517.12.10,Push button type
8517.12.90,Other
8517.18,Other
8517.18.10,Push button type
8517.18.90,"or other data, includign apparatus for communication in a wired or"
8517.61,base stations
8517.61.00,Base stations
8517.62,"regeneration of voice, images or Other data, including switching and"
8517.62.10,PLCC equipment
8517.62.20,Voice frequency telegraphy
8517.62.30,Modems (modulators-demodulators)
8517.62.40,High Bit Rate Digital Subscriber Line System (HDSL)
8517.62.50,Digital Loop Carrier System (DLC)
8517.62.60,Synchronous Digital Hierarchy System (SDH)
8517.62.70,"Multiplexer, statistical multiplexer"
8517.62.90,Other
8517.69,Other
8517.69.10,ISDN terminals
8517.69.20,ISDN Terminal Adapters
8517.69.30,Routers
8517.69.40,X 25 pads
8517.69.50,Subscriber end equipment
8517.69.60,Set top boxes for gaining access to the Internet
8517.69.70,Attachments for Telephones
8517.69.90,Other
8517.70,Parts
8517.70.10,"Populated, loaded or stuffed Printed Circuit Boards"
8517.70.90,Other
8518,"or not combined with a microphone, and sets consisting of a"
8518.10,Microphones and stands therefor
8518.21,"single loudspeakers, mounted in their enclosures"
8518.21.00,"Single loudspeakers, mounted in their enclosures"
8518.22,"Multiple loudspeakers, mounted in the same enclosure"
8518.22.00,"Multiple loudspeakers, mounted in the same enclosure"
8518.29,Other
8518.29.00,Other
8518.30,"microphone, and sets consisting of a microphone and one or more"
8518.40,Audio-frequency electric amplifiers
8518.40.00,Audio-frequency electric amplifiers
8518.50,electric sound amplifier sets
8518.50.00,Electric sound amplifier sets
8518.90,Parts
8518.90.00,Parts
8519,Sound recording or reproducing apparatus.
8519.30,- Turntables (record-decks)
8519.30.00,Turntables(record-decks)
8519.50,telephone answering machines
8519.50.00,Telephone answering machines <br> other apparatus :
8519.81,"using magnetic, optical or semiconductor media"
8519.81.00,"Other: Using magnetic,optical or semi-conductor media"
8519.89,Other
8519.89.10,Audio Compact Disc Player
8519.89.20,Compact disc changer including mini disc player/laser disc player
8519.89.30,Time Code Readers
8519.89.40,MP-3 Player
8519.89.90,Other
8521.10,Magnetic tape-type
8521.10.11,Professional video tape recorders with ¾” or 1” tape
8521.10.12,Video recorders Betacam/Betacam SP/Digital Betacam S-VHS/Digital-S
8521.10.19,Other
8521.10.21,Professional video tape recorders with ¾” or 1” tape
8521.10.22,Video recorders Betacam/Betacam SP/Digital Betacam S-VHS/Digital-S
8521.10.29,Other <br> Other
8521.10.92,Video recorders Betacam/Betacam SP/Digital Betacam S-VHS/Digital-S
8521.10.99,Other
8521.90,Other
8521.90.10,Video duplicating System with master and slave control
8521.90.20,DVD Player
8521.90.90,Other
8522.10,- Pick-up cartridges
8522.10.00,Pick up cartidges
8522.90,Other
8522.90.00,Other
8523.21.00,Cards Incorporating a magnetic stripe
8523.29,Other
8523.29.10,Other : Audio cassettes
8523.29.20,Video cassette
8523.29.40,¾” and 1” video cassette
8523.29.60,Other video cassettes and tapes ¾” and 1” video cassette
8523.29.70,All kind of magnetic tapes
8523.29.80,Cartridge Tape
8523.29.90,Other
852341,Unrecorded;
8523.41.10,Compact disc(Audio/video)
8523.41.30,Matrices for production of records prepared record blank
8523.41.40,Cartridge tape
8523.41.50,1/2' Videocassesette suitable to work with digital VCR
8523.41.60,DVD Player
8523.41.90,Other
8523.49,Other
8523.4910,Compact disc(Audio)
85234920,Compact disc(video)
85234930,Stamper for CD audio. CD video and CD-ROM
85234940,DVD
85234950,Matrices for production of records prepared record blank
85234960,Cartridge tape
85234970,1/2' Videocassesette suitable to work with digital VCR
85234990,Other
8523.51.00,solid-state Non-volatile Storage devices
8523.52,“Smart cards”
8523.52.10,Sim cards
8523.52.20,Memory cards
8523.52.90,Other
8523.59,Other
8523.59.10,Proximity cards and tags
8523.59.90,Other
8523.80,Other
8523.80.10,Other: Gramophone records
8523.80.20,Information technology Software
8523.80.30,Audio-visual news or audio visual news
8523.80.40,Children’s video films
8523.80.50,Video tapes of educational nature
8523.80.60,2-D/3D computer graphics
8523.80.90,Other
8525.50,transmission apparatus
8525.50.10,Radio broadcast transmitter
8525.50.20,TV broadcast transmitter
8525.50.30,Broadcast equipment subsystem
8525.50.40,Communication jamming equipments
8525.50.50,Wireless microphone
8525.50.90,Other
8525.60,transmission apparatus Incorporating reception apparatus
8525.60.11,Walkie talkie set
8525.60.12,Marine radio communication equipment
8525.60.13,Amateur radio equipment
8525.60.19,Other <br> Other
8525.60.91,VSAT Terminals
8525.60.92,Other satellite communication equipment
8525.60.99,Other
8525.80,"Television cameras, digital cameras and video camera recorders"
8525.80.10,Television cameras
8525.80.20,Digital cameras
8525.80.30,Video camera recorders
8525.80.90,Other
8526.10,Radar apparatus
8526.10.00,Radar apparatus <br> other :
8526.91,Radio navigational aid apparatus
8526.91.10,Direction measuring equipment
8526.91.20,Instrument landing system
8526.91.30,Direction finding equipment
8526.91.40,Non directional beacon
8526.91.50,VHF omni range equipment
8526.91.90,Other
8526.92,Radio remote control apparatus
8526.92.00,Radio remote control apparatus
8527,"combined, in the same housing, with sound recording or"
8527.12,Pocket-size Radio cassette-players
8527.12.00,Pocket-size radio cassette-players
8527.13.00,Other apparatus combined with sound recording or reproducing apparatus
8527.19,Other
8527.21,combined with sound recording or reproducing apparatus
8527.21.00,Combined with sound recording or reproducing apparatus
8527.29,Other
8527.29.00,Other <br> Other
8527.91,combined with sound recording or reproducing apparatus
8527.91.00,Other: Combined with sound recording or reproducing apparatus
8527.99,Other <br> Radio communication receivers:
8527.99.11,Radio pagers
8527.99.12,Demodulators
8527.99.19,Other
8527.99.90,Other
852842,00
8528.49.00,Other
85285900,Other
852862,00
8528.69.00,Other
8528.71,Not designed to incorporate a video display or screen
8528.71.00,broadcast receivers or sound or video recording or reproducing
8528.72,"Other, colour"
8528.72.11,"Other, colour: Television set of screen size upto 36 cm"
8528.72.12,Television set of screen size exceeding 36cm but not exceeding 54cm
8528.72.13,Television set of screen size exceeding 54 cm but not exceeding 68cm
8528.72.14,Television set of screen size exceeding 68 cm but not exceeding 74cm
8528.72.15,Television set of screen size exceeding 74 cm but not exceeding 87cm
8528.72.16,Television set of screen size exceeding 87 cm but not exceeding 105cm
8528.72.17,Television set of screen size exceeding 105 cm
8528.72.18,Liquid crystal Display Television set of screen size below 63 cm
8528.72.19,Other
8528.73,Other monochrome
8528.73.10,Liquid crystal display television set of screen size below 25 cm
8528.73.90,Other
8529.10.11,For communication Jamming equipment
8529.10.12,For amateur radio communication equipment
8529.10.19,Other <br> Other aerials or antenna:
8529.10.21,For communication jamming equipment
8529.10.22,For amateur radio communication equipment
8529.10.29,Other<br> Other
8529.10.91,For communication jamming equipment
8529.10.92,For amateur radio communication equipment
8529.10.99,Other
8529.90,Other
8529.90.10,For communication jamming equipment
8529.90.20,For amateur radio communication equipment
8529.90.90,Other
8530,"tramways, roads, inland waterways, parking facilities, port"
8530.10,equipment for railways or tramways
8530.10.10,For railways
8530.10.20,For tramways
8530.80,Other equipment
8530.80.00,Other equipment
8530.90,Parts
8530.90.00,Parts
8531,"sirens, indicator panels, burglar or fire alarms), other than those of"
8531.10,Burglar or Fire alarms and similar apparatus
8531.10.10,Burglar alarm
8531.10.20,Fire alarm
8531.10.90,Other
8531.80,Other apparatus
8531.80.00,Other apparatus
8531.90,Parts
8531.90.00,Parts
8532,"Electrical capacitors, fixed, variable or adjustable (pre-set)."
8532.10,reactive power handling capacity of not less than 0.5 kvar (power
8532.10.00,reactive power handling capacity of not less than 0.5 KVA (power
8532.21,Tantalum
8532.21.00,Tantalum
8532.22,aluminium electrolytic
8532.22.00,Aluminum electrolytic
8532.23,"Ceramic dielectric, single layer"
8532.23.00,"Ceramic dielectric, single layer"
8532.24,"Ceramic dielectric, multilayer"
8532.24.00,Ceramic dielectric multilayer
8532.25,dielectric of paper or plastics
8532.25.00,Dielectric of paper or plastics
8532.29,Other
8532.29.10,Of dielectric of mica
8532.29.90,Other
8532.30,- Variable or adjustable (pre-set) capacitors
8532.30.00,Variable or adjustable (pre-set) capacitors
8532.90,Parts
8532.90.00,Parts
8533.10,"fixed Carbon resistors, composition or film types"
8533.21,-- For a power handling capacity not exceeding 20 W
8533.21.11,Of nichrome
8533.21.19,Other <br> Of insulated wire
8533.21.21,Of nichrome
8533.21.29,Other
8533.29,Other <br> Of bare wire:
8533.29.11,Of nichrome
8533.29.19,Other <br> Of insulated wire
8533.29.21,Of nichrome
8533.31,-- For a power handling capacity not exceeding 20 W
8533.31.10,Potentiometers
8533.31.20,Rheostats
8533.31.90,Other
8533.39,Other
8533.39.10,Potentiometers
8533.39.20,Rheostats
8533.39.90,Other
8533.40,"Other Variable resistors, including rheostats and potentiometers"
8533.40.10,Potentiometers
8533.40.20,Rheostats
8533.40.30,Thermistors
8533.40.90,Other
8533.90,Parts
8533.90.00,Parts
8534,Printed circuits.
8534.00,Printed circuits.
8534.00.00,Printed circuits
8535.10,Fuses
8535.10.10,For switches having rating upto 15 amps rewireable
8535.10.30,Other rewireable fuses
8535.10.40,Other high rupturing capacity fuses
8535.10.50,Fuses gear
8535.10.90,Other <br> Automatic circuit breakers:
8535.21,-- For a voltage of less than 72.5 kV
8535.21.11,For a vollage of 11 KV
8535.21.12,For a vollage of 33 KV
8535.21.13,For a vollage of 66 KV
8535.21.19,Other <br> Vaccum circuit breakers:
8535.21.21,For a vollage of 11 KV
8535.21.22,For a vollage of 33 KV
8535.21.23,For a vollage of 66 KV
8535.21.29,Other
8535.21.90,Other
8535.29,Other <br> SF6 circuits breakers:
8535.29.11,For a vollage of 132 KV
8535.29.12,For a vollage of 220 KV
8535.29.13,For a vollage of 400 KV
8535.29.19,Other <br> Vaccum circuit breakers:
8535.29.21,For a vollage of 132 KV
8535.29.22,For a vollage of 220 KV
8535.29.23,For a vollage of 400 KV
8535.29.29,Other
8535.29.90,Other
8535.30,Isolating switches and make-and-break switches
8535.30.10,Of plastic
8535.30.90,Other
8535.40,"Lightning arresters, voltage limiters and surge suppressors"
8535.40.10,Lighting arresters
8535.40.20,Voltage limiters
8535.40.30,Surge suppressors
8535.90,Other
8535.90.10,Motor starters for AC motors
8535.90.20,Control gear and starters for DC motors
8535.90.30,Other control & switch gear
8535.90.40,Junction boxes
8535.90.90,Other
8536.10,Fuses
8536.10.10,"For switches having rating upto 15 amps, rewireable"
8536.10.30,Other rewireable fuses
8536.10.40,Other high rupturing capacity fuses
8536.10.50,Fuses gear
8536.10.60,Electronic fuses
8536.10.90,Other
8536.20,automatic circuit breakers
8536.20.10,Air circuit breakers
8536.20.20,Moulded case circuit breakers
8536.20.30,Miniature circuit breakers
8536.20.40,Earth leak circuit breakers
8536.20.90,Other
8536.30,Other apparatus for protecting Electrical circuits
8536.30.00,Other apparatus for protecting elelctrcial circuits <br> Relays:
8536.41,-- For a voltage not exceeding 60 V
8536.41.00,For a voltage not exceeding 60V
8536.49,Other
8536.49.00,Other
8536.50,Other switches
8536.50.10,Control and switch gears :
8536.50.20,Other switches of plastic
8536.50.90,Other <br> Lamp-holders plugs and sockets:
8536.61,Lamp-holders
8536.61.10,Of plastic
8536.61.90,Of other materials
8536.69,Other
8536.69.10,Of plastic
8536.69.90,Of other materials
8536.70,"connectors for optical fibres, optical fibre bundles or cables"
8536.70.00,"Connectors for optical fibres,optical fibre bundles or cables"
8536.90,Other apparatus
8536.90.10,Motor starters for AC motors
8536.90.20,Motor starters for DC motors
8536.90.30,Junction boxes
8536.90.90,Other
8537.10,"- For a voltage not exceeding 1,000 V"
8537.10.00,"For a voltage not exceeding 1,000 V"
8537.20,"- For a voltage exceeding 1,000 V"
8537.20.00,"For a voltage exceeding 1,000 V"
8538.10.10,Control Panels for industrial use
8538.10.90,Other
8538.90,Other
8538.90.00,Other
8539,"BEAM LAMP UNITSAND ULTRA-VIOLET OR INFRA-RED LAMPS,"
8539.10,Sealed beam Lamp units
8539.21,tungsten halogen <br> Other
8539.21.10,Miniature halogen lamps with fittings
8539.21.20,Other for automobiles
8539.21.90,Other
8539.22.00,"Other, of a power not exceeding 200 W and for a voltage exceeding 100 V"
8539.29,Other
8539.29.10,Of retail sale price not exceeding rupees 20 per bulb
8539.29.20,"Bulb, for torches"
8539.29.30,Miniature bulbs
8539.29.40,Other for automobile lamps
8539.29.90,"Other <br> Discharge lamps, other than ultra-violet lamps:"
8539.31,"Fluorescent, hot cathode"
8539.31.10,Compact fluorescent lamps
8539.31.90,Other
8539.32,-- Mercury or sodium vapour lamps; metal halide lamps
8539.32.10,Mercury vapour lamp
8539.32.20,Sodium vapour lamp
8539.32.30,Metal halide lamps
8539.39,Other
8539.39.10,Triphosphor energy efficient fluorescent lamps
8539.39.90,Other <br> Ultra-violet or infra-red lamps; arc lamps
8539.41,arc-lamps
8539.41.00,Arc-lamps
8539.49,Other
8539.49.00,Other including Photo-optic lamps
85395000,Light-emitting diode (LED) lamps
8539.90,Parts
8539.90.10,Parts of fluorescent tube lamps
8539.90.20,Parts of Arc lamps
8539.90.90,Other
8540.11,colour
8540.11.20,Video monitor cathode-ray tubes
8540.11.90,Other
8540.12,monochrome
8540.12.00,monochrome
85404010,"Data/graphic display tubes, monochrome"
854040,20
8540.60.00,Other cathode-ray tubes
8540.71,Magnetrons
8540.71.00,Magnetrons
8540.72,Klystrons
8540.72.00,Klystrons
8540.79,Other
8540.79.00,Other <br> Other valves and tubes:
8540.81,Receiver or amplifier valves and tubes
8540.81.00,Receiver or amplifier valves and tubes
8540.89,Other
8540.89.00,Other <br> Parts:
8540.91,of cathode-ray tubes
8540.91.00,Of cathode-ray tubes
8540.99,Other
8540.99.00,Other
8541.10,"Diodes, Other than photosensitive or Light emitting diodes"
8541.10.00,"Diodes, other than photosensitive or light-emitting diodes (LED"
8541.21,-- With a dissipation rate of less than 1 W
8541.21.00,With a dissipation rate of less than 1 W
8541.29,Other
8541.29.00,Other
8541.30,"Thyristors, diacs and triacs, Other than photosensitive devices"
8541.30.10,Thyristors
8541.30.90,Other
8541.40,cells whether or not assembled in modules or made up into panels;
8541.40.11,Solar cells whether or not assembled in modules or panels
8541.40.19,Other
8541.40.20,Light emitting diodes (electro luminescent)
8541.40.90,Other
8541.50,Other semiconductor devices
8541.50.00,Other semi-conductors devices
8541.60,mounted Piezo-electric crystals
8541.60.00,Mounted piezo-electric crystals
8541.90,Parts
8541.90.00,Parts
8542,Electronic integrated circuits.
8542.31,"memories, converters, logic circuits, amplifiers, clock and timing"
8542.31.00,"memories,converters,logic circuits,amplifiers,clock and timing circuits or"
8542.32,memories
8542.32.00,Memories
8542.33,amplifiers
8542.33.00,Amplifiers
8542.39,Other
8542.39.00,Other
8542.90,Parts
8542.90.00,Parts
8543.10,Particle accelerators
8543.10.10,Particle accelerators:Ion implanters for doping semi conductor materials
8543.10.20,"Vane graff, cock-croft, walton accelerators"
8543.10.30,"Synchrocyclotrons, synchrotrons"
8543.10.90,Other including cyclotrons
8543.20,Signal generators
8543.20.10,Sweep generators
8543.20.20,Impulse generators
8543.20.30,Tacho generators
8543.20.90,Other
8543.70,Other machines and apparatus
8543.70.11,Proximity cards and tags
8543.70.12,Metal detector
8543.70.13,Mine detector
8543.70.19,Other<br> audio special effect equipment
8543.70.21,Digital reverberators
8543.70.22,Mixing systems or consoles
8543.70.29,Other <br> Video special effect equipments
8543.70.31,Video mixing system or consoles
8543.70.32,Video effect system
8543.70.33,Digital layering machine
8543.70.34,Paint box
8543.70.35,Video typewriter
8543.70.36,Video matting machines
8543.70.39,Other <br> Edit control unit
8543.70.42,Other video control units
8543.70.49,Other
8543.70.50,Colour correctors <br> Amplifier
8543.70.61,Broadcast amplifier
8543.70.62,"Limiting amplifier, video distribution amplifier and stabilising amplifiers"
8543.70.69,Other <br> Graphic equaliser and synthesised receivers
8543.70.71,Graphic equalisers
8543.70.72,Synthesised receivers <br> Other
8543.70.92,Equipment/gadgets based on solar energy
8543.70.93,Professional beauty care equipment
8543.70.94,Audio video stereo encoders
8543.70.95,Time code generator
8543.70.99,Other
8543.90,Parts
8543.90.00,Parts
8544,"not fitted with connectors; optical fibre cables, made up of"
8544.11,of copper
8544.11.10,Enamelled
8544.11.90,Other
8544.19,Other
8544.19.10,Asbestos covered
8544.19.20,Plastic insulated
8544.19.30,Rubber insulated
8544.19.90,Other
8544.20,Co-axial cable and Other Co-axial electric conductors
8544.20.10,Co-axial cable
8544.20.90,Other
8544.30.00,"aircraft or ships <br> Other electric conductors, for a voltage not"
8544.42,Fitted with connectors
8544.42.10,Paper insulated
8544.42.20,Plastic insulated
8544.42.30,Rubber insulated
8544.42.90,Other <br> Other
8544.42.91,"Paper insulated, of a kind used in telecommunication"
8544.42.92,"Plastic insulated, of a kind used in telecommunication"
8544.42.93,"Rubber insulated, of a kind used in telecommunication"
8544.42.99,Other
8544.49,Other
8544.49.10,Paper insulated
8544.49.20,Plastic insulated
8544.49.30,Rubber insulated <br> Other
8544.49.91,"Paper insulated, of a kind used in telecommunication"
8544.49.92,"Plastic insulated, of a kind used in telecommunication"
8544.49.93,"Rubber insulated,of akind used in telecommunication"
8544.49.99,Other
8544.60,"- Other electric conductors, for a voltage exceeding 1,000 V"
8544.60.10,Papers insulated
8544.60.20,Paper insulated cables
8544.60.30,Plastic insulated cables
8544.60.90,Other
8544.70,optical fibre cables
8544.70.10,Lead alloy sheathed cables for lighting purposes
8544.70.90,Others
8545,"and other articles of graphite or other carbon, with or without metal,"
8545.11,of a kind used for furnaces
8545.11.00,Of a kind used for furnaces
8545.19,Other
8545.19.00,Other
8545.20,brushes
8545.20.00,Brushes
8545.90,Other
8545.90.10,Arc lamp carbon
8545.90.20,Battery carbon
8545.90.90,Other
8546,Electrical insulators of any material.
8546.10,of glass
8546.10.00,Of glass
8546.20,of ceramics <br> Porcelain disc and strings:
8546.20.11,Porcelain below 6.6 kv
8546.20.19,Other <br> Porcelain post insulators
8546.20.21,Below 6.6 kv
8546.20.226.6,kv or above but upto 11 kv
8546.20.23,Above 11 kv but upto 66 kv
8546.20.24,Above 66 kv but upto 132 kv
8546.20.29,Above 132 kv <br> Porcelain pin insulators
8546.20.31,Below 6.6 kv
8546.20.326.6,kv to 11 kv
8546.20.33,Above 11 kv upto 66 kv
8546.20.39,Above 66 kv
8546.20.40,Other High tension procelain solid core insulators
8546.20.90,Other
8546.90,Other
8546.90.10,Heat shrinkable components
8546.90.90,Other
8547.10,Insulating fittings of ceramics
8547.10.10,Porcelain bushing below 6.6 kv
8547.10.20,Porcelain bushings 6.6 Kv or above but below 11 kv
8547.10.30,Porcelain bushings above 11 kv or above but upto 66kv
8547.10.40,Porcelain bushings above 66 kv or above
8547.10.90,Other
8547.20,Insulating fittings of plastics
8547.20.00,Insulating fittings of plastics
8547.90,Other
8547.90.10,Electrical insulating fittings of glass
8547.90.90,Other
8548.10,"accumulators; spent primary cells, spent primary batteries and"
8548.10.90,Other waste and scrap
8548.90,Other
8548.90.00,Other
8601.10,Powered from an external source of electricity
8601.10.00,Powered from an external source of electricity
8601.20,Powered by electric accumulators
8601.20.00,Powered by electric accumulators
8602,Other rail locomotives; locomotive tenders.
8602.10,Diesel-electric locomotives
8602.10.00,Diesel electric locomotives
8602.90,Other
8602.90.10,Steam locomotives and tenders thereof
8602.90.90,Other
8603.10,Powered from an external source of electricity
8603.10.00,Powered from an external source of electricity
8603.90,Other
8603.90.00,Other
8604,"self-propelled (for example, workshops, cranes, ballast tampers,"
8604.00,"self-propelled (for example, workshops, cranes, ballast tampers,"
8606,"Railway or tramway goods vans and wagons, not self-propelled."
8606.10,Tank wagons and the like
8606.10.10,Four wheeler tank wagons of pay-load exceeding 23 tones
8606.10.20,Eight wheeler tank wagons of pay-load not exceeding 60 tones
8606.10.90,Other
8606.91,Covered and closed
8606.91.90,Other
8606.92,"-- Open, with non-removable sides of a height exceeding 60 cm"
8606.92.10,Bogie eight wheeler wagons of pay-load not exceeding 60 tones
8606.92.90,Other
8606.99,Other
8606.99.00,Other
8607,Parts of railway or tramway locomotives or rolling-stock.
8607.11,Driving bogies and bissel-bogies
8607.11.00,Driving Bogies and bissel Bogies
8607.12,Other bogies and bissel-bogies
8607.12.00,Other Bogies and bissel Bogies
8607.19,"Other, including Parts"
8607.19.10,"Axles, wheels for coaches, van and wagons ( rolling stock )"
8607.19.20,Axles and wheels for locomotives
8607.19.30,Axle boxes (lubricating or grease box)
8607.19.90,Other parts of axles and wheels <br> Brakes and parts thereof :
8607.21,air brakes and Parts thereof
8607.21.00,Air Brakes and parts thereof
8607.29,Other
8607.29.00,Other
8607.30,"hooks and Other coupling devices, buffers, and Parts thereof"
8607.30.10,Buffers and coupling devices
8607.30.90,Other <br> Other :
8607.91,of locomotives
8607.91.00,Of locomotives
8607.99,Other
8607.99.10,Parts of coach work of railway running stock
8607.99.20,"Parts of tramway, locomotives and running stock"
8607.99.30,Hydraulic shock absorbers for railway bogies
8607.99.90,Other
8608.00.10,Railway and tramway track fixtures and fittings
8608.00.30,Other traffic control equipment for railways
8608.00.90,Other
8609,designed and equipped for carriage by one or more modes of
8609.00,designed and equipped for carriage by one or more modes of
8609.00.00,FLUIDS) SPECIALLY DESIGNED AND EQUIPPED FOR CARRIAGE BY
8701,Tractors (other than tractors of heading 87.09).
8701.10,Pedestrian controlled tractors
8701.10.00,Single axle tractors
8701.20,- Road tractors for semi-trailers
8701.20.10,Of Engine capacity not exceeding 1800 cc
8701.20.90,Other
8701.30,Track-laying tractors <br> Garden tractors:
8701.30.11,Of engine capacity not exceeding 1800 cc
8701.30.19,Other <br> Other:
8701.30.91,Of engine capacity not exceeding 1800 cc
8701.30.99,Other
8701.90,Other
87019100,Not exceeding 18 kW
87019200,Exceeding 18 kW but not exceeding 37 kW
87019300,Exceeding 37 kW but not exceeding 75 kW
87019400,Exceeding 75 kW but not exceeding 130 kW
87019500,Exceeding 130 kW
8702.10.11,"Integrated monocoque vehicle, air-conditioned"
8702.10.12,"Integrated monocoque vehicle, non air-conditioned"
87021018,"Other, air-conditioned"
8702.10.19,Other non air-conditioned
87021021,"Integrated monocoque vehicle, air-conditioned"
87021022,"Integrated monocoque vehicle, non air-conditioned"
87021028,"Other, air-conditioned"
87021029,"Other, non air-conditioned"
870220,(diesel or semi-diesel) and electric motor as motors for propulsion
87022011,"Integrated monocoque vehicle, air-conditioned"
87022012,"Integrated monocoque vehicle, non air-conditioned"
87022018,"Other, air-conditioned"
87022019,"Other, non air-conditioned"
87022021,"Integrated monocoque vehicle, air-conditioned"
87022022,"Integrated monocoque vehicle, non air-conditioned"
87022028,"Other, air-conditioned"
87022029,"Other, non air-conditioned"
8702,30
87023011,"Integrated monocoque vehicle, air-conditioned"
87023012,"Integrated monocoque vehicle, non air-conditioned"
87023018,"Other, air-conditioned"
87023019,"Other, non air-conditioned"
87023021,"Integrated monocoque vehicle, air-conditioned"
87023022,"Integrated monocoque vehicle, non air-conditioned"
87023028,"Other, air-conditioned"
87023029,"Other, non air-conditioned"
870240,With only electric motor for propulsion:
87024011,"Integrated monocoque vehicle, air-conditioned"
87024012,"Integrated monocoque vehicle, non air-conditioned"
87024018,"Other, air-conditioned"
87024019,"Other, non air-conditioned"
87024021,"Integrated monocoque vehicle, air-conditioned"
87024022,"Integrated monocoque vehicle, non air-conditioned"
87024028,"Other, air-conditioned"
87024029,"Other, non air-conditioned"
870290,Other:
87029011,"Integrated monocoque vehicle, air-conditioned"
87029012,"Integrated monocoque vehicle, non air-conditioned"
87029018,"Other, air-conditioned"
87029019,"Other, non air-conditioned"
87029021,"Integrated monocoque vehicle, air-conditioned"
87029022,"Integrated monocoque vehicle, non air-conditioned"
87029028,"Other, air-conditioned"
87029029,"Other, non air-conditioned"
8703,"transport of persons (other than those of heading 8702), including"
8703.10.10,Electrically operated
8703.21,"-- Of a cylinder capacity not exceeding 1,000 cc"
8703.21.20,Three Wheeled vehciles <br> Other
8703.21.91,Motor cars
8703.21.92,"Specailised transport vehciles. (e.g. ambulances, prison vans and the like)"
8703.21.99,Other
8703.22.30,Three Wheeled vehicles <br> Other
8703.22.91,Motor cars
8703.22.99,Other
8703.23.20,Three Wheeled vehciles <br> Other
8703.23.91,Motor cars
8703.23.99,Other
8703.24,"-- Of a cylinder capacity exceeding 3,000 cc"
8703.24.20,Three Wheeled vehciles <br> Other:
8703.24.91,Motor cars
8703.31,"-- Of a cylinder capacity not exceeding 1,500 cc"
8703.31.20,Omitted
8703.31.91,Motor cars
8703.31.99,Other
8703.32.20,Omitted
8703.32.91,Motor cars
8703.32.99,Other
8703.33,"-- Of a cylinder capacity exceeding 2,500 cc"
8703.33.20,Three Wheeled vehciles <br> Other
8703.33.91,Motor cars
8703.33.99,Other
8703,40
870340,10
870340,20
87034030,Motor cars
87034040,Three-wheeled vehicles
87034090,Other
8703,50
870350,10
870350,20
87035030,Motor cars
87035040,Three-wheeled vehicles
87035090,Other
870360,"piston engine and electric motor as motors for propulsion, capable of"
870360,10
870360,20
87036030,Motor cars
87036040,Three-wheeled vehicles
87036090,Other
870370,"engine (diesel or semi-diesel) and electric motor as motors for propulsion,"
870370,10
870370,20
87037030,Motor cars
87037040,Three-wheeled vehicles
87037090,Other
870380,"Other vehicles, with only electric motor for propulsion:"
870380,10
870380,20
87038030,Motor cars
87038040,Three-wheeled vehicles
87038090,Other
87039000,Other
8704,Motor vehicles for the transport of goods.
8704.10,Dumpers designed for off-highway use
8704.21,-- g.v.w. not exceeding 5 tonnes
8704.21.10,Refrigerated
8704.21.20,Three wheeled motor vehicles
8704.21.90,Other
8704.22.11,Refrigerated
8704.22.19,Other
8704.22.90,Other
8704.23,g.v.w. exceeding 20 tonnes <br> lorries and trucks
8704.23.11,Refrigerated
8704.23.19,Other
8704.23.90,"Other <br> Other, with spark-ignition internal combustion piston engine :"
8704.31,g.v.w. not exceeding 5 tonnes
8704.31.10,Refrigerated
8704.31.20,Three wheeled motor vehicles
8704.31.90,Other
8704.32,g.v.w. exceeding 5 tonnes <br> lorries and trucks
8704.32.11,Refrigerated
8704.32.19,Other
8704.32.90,Other
8704.90,Other <br> other
8704.90.11,Regfrigerated
8704.90.12,Electrically operated
8704.90.19,Other
8704.90.90,Other
8705,"breakdown lorries, crane lorries, fire fighting vehicles, concrete-"
8705.10,Crane lorries
8705.10.00,Crane Lorries
8705.20,Mobile Drilling derricks
8705.20.00,Mobile drilling derricks
8705.30,Fire fighting vehicles
8705.30.00,Fire fighting vehicles
8705.40,Concrete-mixer lorries
8705.40.00,Concrete-mixer lorries
8705.90,Other
8705.90.00,Other
8706.00.11,Of engine capacity not exceeding 1800 cc
8706.00.19,Other <br> For the vehicles of heading 8702:
8706.00.21,"For transport of not more than thirteen persons, including the driver"
8706.00.29,Other <br> For the vehicles of heading 8703:
8706.00.31,For three wheeled vehicles
8706.00.39,Other <br> For the vehicles of heading 8704:
8706.00.41,For three wheeled motor vechicle
8706.00.42,"For Motor vehciles, other than petrol driven"
8706.00.43,For Dumpers covered in the heading 8704
8706.00.49,Other
8706.00.50,For the vehicles of heading 8705
8707.10,- For the vehicles of heading 87.03
8707.10.00,For the vehicles of heading 8703:
8707.90,Other
8707.90.00,Other :
8708.10,Bumpers and Parts thereof
8708.10.10,For tractors :
8708.10.90,Other <br> Other parts and accessories of bodies (including cabs) :
8708.21,Safety seat belts
8708.21.00,Safety seat belts
8708.29,Other
8708.29.00,Other
8708.30,- Brakes and servo-brakes; parts thereof
8708.30.00,Brakes and servo-brakes and parts thereof :
8708.40,gear boxes and Parts thereof
8708.40.00,Gear boxes and parts thereof
8708.70,road wheels and Parts and accessories thereof
8708.70.00,Road wheels and parts and accessories thereof
8708.91,radiators and Parts thereof
8708.91.00,Radiators and parts thereof
8708.92,-- Silencers (mufflers) and exhaust pipes; parts thereof
8708.92.00,Silencers and exhaust pipes
8708.93,Clutches and Parts thereof
8708.93.00,Clutches and parts thereof
8708.95,-- Safety airbags with inflater system; parts thereof
8708.95.00,Safety airbags with inflater system
8708.99,Other
8708.99.00,Other
8709,airports for short distance transport of goods; tractors of the type
8709.11,Electrical
8709.11.00,Electrical
8709.19,Other
8709.19.00,Other
8709.90,Parts
8709.90.00,Parts
8710.00.00,"MOTORISED, WHETHER OR NOT FITTED WITH WEAPONS, AND"
8711.10.10,Mopeds
8711.10.20,Motorised cycles
8711.10.90,Other
8711.20.11,Of cylender capacity not exceeding 75 cc
8711.20.19,Other <br> Motor cycles :
8711.20.21,Of cylender capacity not exceeding 75 cc
8711.20.29,Other <br> Mopeds :
8711.20.31,Of cylender capacity not exceeding 75 cc
8711.20.39,Other <br> Other :
8711.20.91,Of cylender capacity not exceeding 75 cc
8711.20.99,Other
8711.30.10,Scooters
8711.30.20,Motor-cycles
8711.30.90,Other
8711.40.10,Motor-cycles
8711.40.90,Other
871160,With electric motor for propulsion
87116010,Motor cycles
87116020,Scooters
87116030,Mopeds
87116090,Others
8711.90,Other
8711.90.10,Side-cars
8711.90.90,Other
8712.00.10,Bicycles
8712.00.90,Other
8713.10,Not mechanically propelled
8713.10.10,Wheel chairs for invalid
8713.10.90,Other
8713.90,Other
8713.90.10,Wheel chairs for invalid
8713.90.90,Other
8714.10,Of motorcycles(including mopeds)
8714.1010,Saddles
87141090,Other
8714.20,of carriages for disabled persons
8714.20.10,Mechanically propelled
8714.20.20,Non mechanically propelled
8714.20.90,Other
8714.91,"frames and forks, and Parts thereof"
8714.91.00,"Frames and forks, and parts thereof"
8714.92,Wheel rims and spokes
8714.92.10,Bicycle rims
8714.92.20,Bicycle spokes
8714.92.90,Other
8714.93.10,Bicycle hubs
8714.93.20,Bicycle free-wheels
8714.93.90,Other
8714.94.00,"Brakes, including coaster braking hubs and hub brakes, and parts thereof"
8714.95,Saddles
8714.95.10,Bicycle saddles
8714.95.90,Other
8714.96,"Pedals and crank-gear, and Parts thereof"
8714.96.00,"Pedals and crank-gear, and parts thereof"
8714.99,Other
8714.99.10,Bicycle chains
8714.99.20,Bicycle wheels
8714.99.90,Other
8715,Baby carriages and parts thereof.
8715.00,Baby carriages and parts thereof.
8715.00.10,Baby carriages
8715.00.20,Parts
8716.10,"trailers and Semi-trailers of the caravan type, for housing or camping"
8716.10.00,"Trailers and semi-trailers of the caravan type, for housing or camping"
8716.31,Tanker trailers and Tanker Semi-trailers
8716.31.00,Tanker trailers and tanker semi-trailers
8716.39,Other
8716.39.00,Other
8716.40,Other trailers and Semi-trailers
8716.40.00,Other trailers and semi-trailers
8716.80,Other vehicles
8716.80.10,"Hand propelled vehicles (e.g. hand carts, rickshaws and the like)"
8716.80.20,Animal drawn vehicles
8716.80.90,other
8716.90,Parts
8716.90.10,Parts and accessories of trailers
8716.90.90,Other
8801.00.10,Gliders and hang Gliders
8801.00.20,Balloons
8801.00.90,Other
8802,(including satellites) and suborbital and spacecraft launch vehicles.
8802.11,"-- Of an unladen weight not exceeding 2,000 kg"
8802.11.00,Of an unladen weight not exceeding 2000 kg
8802.12,"-- Of an unladen weight exceeding 2,000 kg"
8802.12.00,Of an unladen weight exceeding 2000 kg
8802.20.00,"Aeroplanes and other aircraft, of an unladen weight not exceeding 2000 kg"
8802.40.00,"Aeroplanes and other aircraft, of an unladen weight exceeding 15000 kg"
8803,Parts of goods of heading 88.01 or 88.02.
8803.10,propellers and rotors and Parts thereof
8803.10.00,Propellers and rotors and parts thereof
8803.20,Under-carriages and Parts thereof
8803.20.00,Under carriages and parts thereof
8803.30,Other Parts of Aeroplanes or helicopters
8803.30.00,Other parts of Aeroplanes or Helicopters
8803.90,Other
8803.90.00,Other
8804.00.20,Rotochutes; parts and accessories thereof
8805.10.10,Aircraft launching gear
8805.10.20,Deck arrestor or similar gear
8805.21,air combat simulators and Parts thereof
8805.21.00,Air combat simulators and parts thereof
8805.29,Other
8805.29.00,Other
8901.10.10,Ships
8901.10.20,Launches
8901.10.30,Boats
8901.10.40,Barges
8901.10.90,Other
8901.20,Tankers
8901.20.00,Tankers
8901.30,"- Refrigerated vessels, other than those of subheading 8901.20"
8901.30.00,"Refrigerated vessels, other than those of sub heading"
8902.00.10,Trawlers and other fishing vessels
8902.00.90,Other
8903.10,inflatable
8903.10.00,Inflatable <br> Other :
8903.91,"Sailboats, with or without auxiliary motor"
8903.91.00,"Sail boats, with or without auxiliary motor"
8903.92,"Motorboats, Other than Outboard Motorboats"
8903.92.00,"Motorboats, other than outboard motor boats"
8903.99,Other
8903.99.10,Canoes
8903.99.90,Other
8904,Tugs and pusher craft.
8904.00,Tugs and pusher craft.
8904.00.00,TUGS AND PUSHER CRAFT.
8905.10,Dredgers
8905.10.00,Dredgers
8905.20,Floating or submersible Drilling or production platforms
8905.20.00,Floating or submersible drilling or production platforms
8905.90,Other
8905.90.10,Floating docks
8905.90.90,Other
8906.10,Warships
8906.10.00,Warships
8906.90,Other
8906.90.00,Other
8907.10,inflatable rafts
8907.10.00,Inflatable rafts
8907.90,Other
8907.90.00,Other
8908,Vessels and other floating structures for breaking up.
8908.00,Vessels and other floating structures for breaking up.
8908.00.00,VESSELS AND OTHER FLOATING STRUCTURES FOR BREAKING UP
9001,"lenses (including contact lenses), prisms, mirrors and other optical"
9001.10,"optical fibres, optical fibre bundles and cables"
9001.10.00,"Optical fibres, Optical fibres bundles and cables"
9001.20,sheets and Plates of polarising material
9001.20.00,Sheets and plates of polarising material
9001.30,Contact lenses
9001.30.00,Contact lenses
9001.40,Spectacle lenses of glass
9001.40.10,Polarised glass
9001.40.90,Other
9001.50,Spectacle lenses of Other materials
9001.50.00,Spectacle lenses of other materials
9001.90,Other
9001.90.10,Optical calcile crystal
9001.90.90,Other
9002.11,"for cameras, projectors or photographic enlargers or reducers"
9002.11.00,"For cameras, projectors or photographic enlargers or reducers"
9002.19,Other
9002.19.00,Other
9002.20,filters
9002.20.00,Filters
9002.90,Other
9002.90.00,Other
9003.11,of plastics
9003.11.00,Of plastics
9003.19,of Other materials
9003.19.00,Of other materials
9003.90,Parts
9003.90.00,Parts
9004,"Spectacles, goggles and the like, corrective, protective or other."
9004.10,Sunglasses
9004.10.00,Sunglasses
9004.90,Other
9004.90.10,Passive night vision goggles
9004.90.20,Prismatic eyeglasses for reading
9004.90.90,Other
9005,"therefor; other astronomical instruments and mountings therefor,"
9005.10,Binoculars
9005.10.00,Binoculars
9005.80,Other instruments
9005.80.10,Monocular and refracting telescopes
9005.80.20,Astronomical instruments
9005.80.90,Other
9005.90,Parts and accessories (including mountings)
9005.90.10,"Of binocular or telescopic of heading 9005, other than mountings"
9005.90.20,Mountings for astronomical instruments
9005.90.90,Other
9006,flashlight apparatus and flashbulbs other than discharge lamps of
9006.10,cameras of a kind used for preparing printing Plates or cylinders
9006.10.00,Cameras of a kind used for preparing printing plates or cylinders
9006.30,or for medical or surgical examination of internal organs;
9006.30.00,medical or surgical examination of internal organs; comparison cameras
9006.40,Instant print cameras
9006.40.00,Instant print cameras <br> Other cameras :
9006.52,"-- Other, for roll film of a width less than 35 mm"
9006.52.00,"Other, for roll film of a width less than 35 mm"
9006.53,"-- Other, for roll film of a width of 35 mm"
9006.53.10,Fixed focus 35 mm cameras
9006.53.90,Other
9006.59,Other
9006.59.10,Fixed focus 110 mm cameras
9006.59.90,Other <br> Photographic flashlight apparatus and flashbulbs :
9006.61,Discharge Lamp (“electronic”) flashlight apparatus
9006.61.00,"Discharge lamp (""electronic"") flashlight apparatus"
9006.69,Other
9006.69.00,Other <br> Parts and accessories :
9006.91,for cameras
9006.91.00,For cameras
9006.99,Other
9006.99.00,Other
9007,incorporating sound recording or reproducing apparatus. <br>
900710,Cameras
9007.1010,For film of less than 16 mm width or for double 8 mm film :
9007.1090,Other
9007.20,projectors
9007.20.10,For film of less than 16 mm width
9007.20.90,Other
9007.91.00,For cameras
9007.92.00,For projectors
9008.50,Projectors enlargers and reducers
9008.5010,Slide projectors
9008.50,20
9008.5030,Other image projectors
9008.5040,Photographic (other than cinematographic) enlargers and reducers
9008.90.00,Parts and accessories
9009,Omitted by Financae Act 2006
9010,"cinematographic) laboratories, not specified or included elsewhere"
9010.10.00,(including Cinematographic) film or paper in rolls or for automatically
9010.60.00,Projection screens
9010.90.00,Parts and accessories
9011.10.00,Stereoscopic microscopes
9011.80.00,Other microscopes
9011.90.00,Parts and accessories
9012,Microscopes other than optical microscopes; diffraction apparatus.
9012.10.90,Other
9012.90.00,Parts and accessories
9013.10,"designed to form parts of machines, appliances, instruments or"
9013.10.10,Telescopic sights for fitting to arms
9013.10.20,Periscopes
9013.10.90,Other
9013.20,"Lasers, Other than laser diodes"
9013.20.00,"Lasers, other than laser diodes"
9013.80,"Other devices, Appliances and instruments"
9013.80.10,Liquid crystal devices (LCD)
9013.80.90,Other
9013.90,Parts and accessories
9013.90.10,For liquid crystal devices (LCD)
9013.90.90,Other
9014.10,Direction finding compasses
9014.10.00,Direction finding compasses
9014.80,Other instruments and Appliances
9014.80.10,Echo sounding instrument
9014.80.20,Sextants
9014.80.90,Other
9014.90,Parts and accessories
9014.90.00,Parts and accessories
9015,"oceanographic, hydrological, meteorological or geophysical"
9015.10,Rangefinders
9015.10.00,Rangefinders
9015.20,Theodolites and tachymeters (tacheometers)
9015.20.00,Theodolities and tachymeters (tacheometers)
9015.30,Levels
9015.30.90,Other
9015.40,Photogrammetrical surveying instruments and Appliances
9015.40.00,Photogrammetrical surveying instruments and appliances
9015.80,Other instruments and Appliances
9015.80.10,Hydrographic instruments
9015.80.20,Metorological instruments
9015.80.30,Geophysical instruments
9015.80.90,Other
9015.90,Parts and accessories
9015.90.00,Parts and accessories
9016,"Balances of a sensitivity of 5 cg or better, with or without weights."
9016.00,"Balances of a sensitivity of 5 cg or better, with or without weights."
9016.00.10,Electric Balances
9016.00.20,Other balances
9016.00.90,Parts
9017.10,"Drafting tables and machines, whether or Not automatic"
9017.10.00,"Drafting tables and machines, whether or not automatic"
9017.20,"Other Drawing, marking-out or mathematical calculating instruments"
9017.20.10,Drawing and marking-out instruments
9017.20.20,Mathematical calculating instruments
9017.20.30,Pantograph
9017.20.90,Other
9017.30,"Micrometers, callipers and gauges"
9017.30.10,Micro-meters and calipers <br> Gauges:
9017.30.21,Plug
9017.30.22,Ring
9017.30.23,Slip
9017.30.29,Other
9017.80,Other instruments
9017.80.10,Measuring rods and tapes and divided scales
9017.80.90,Other
9017.90,Parts and accessories
9017.90.00,Parts and accessories
9018,"veterinary sciences, including scintigraphic apparatus, other electro-"
9018.11,Electro-cardiographs
9018.11.00,Electro-cardiographs
9018.12,Ultrasonic scanning apparatus
9018.12.10,Linear ultrasound scanner
9018.12.90,Other
9018.13,magnetic resonance imaging apparatus
9018.13.00,Magnetic resonance imaging apparatus
9018.14,Scintigraphic apparatus
9018.14.00,Scientigraphic apparatus
9018.19,Other
9018.19.10,Electro encephalographs
9018.19.20,Echo cardiograph
9018.19.90,Other
9018.20,Ultra-violet or infra-red ray apparatus
9018.31,"Syringes, with or without needles"
9018.31.00,"Syringes, with or without needles"
9018.32,Tubular metal needles and needles for sutures
9018.32.10,needles for suture
9018.32.20,"Hollow needles for injection, aspiration, biopsy and transfusion"
9018.32.30,Hilerio venus fistula needles
9018.32.90,Other
9018.39,Other
9018.39.10,"Catheters (for urine, stool)"
9018.39.20,Cardiac catheters
9018.39.30,Cannulae
9018.39.90,"Other <br> Other instruments and appliances, used in dental sciences :"
9018.49,Other
9018.49.00,Other
9018.50,Other ophthalmic instruments and Appliances
9018.50.10,Opthalmoscopes
9018.50.20,Tonometers
9018.50.30,Ophthalmic lasers
9018.50.90,Other
9018.90.11,Instrument and apparatus for measuring blood pressure
9018.90.12,Stethoscopes
9018.90.19,Other <br> Surgical tools:
9018.90.21,"Bone saws, drills and trephines"
9018.90.22,"Knives, scissors and blades"
9018.90.25,"Retractors, spatulaprobes, hooks dialators, sounds, mallets"
9018.90.31,"Renal dialysis equipment(artificial Kidneys,kidney machines and dialysers)"
9018.90.32,Blood tranfusion apparatus
9018.90.41,Anesthetic apparatus and instruments
9018.90.42,ENT precision instruments
9018.90.43,Acupuncture apparatus
9018.90.44,Endoscopes <br> Other :
9018.90.91,Hilerial or venous shunts
9018.90.92,Baby incubators
9018.90.93,Heart - lung machines
9018.90.94,Defibrillators
9018.90.95,Fibrescopes
9018.90.96,Laproscopes
9018.90.97,Vetrasonic lithotripsy instruments
9018.90.98,Apparatus for nerve stimulation
9018.90.99,Other
9019.10.10,Mechano-therapy appliances
9019.10.20,Massage apparatus
9019.10.90,Other
9019.20.10,Oxygen therapy apparatus
9019.20.90,Other
9020.00.00,PROTECTIVE MASKS HAVING NEITHER MECHANICAL PARTS NOR
9021.10,Orthopaedic or fracture Appliances
9021.10.00,Orthopaedic or fracture appliances <br> artificial and dental fittings
9021.21,artificial teeth
9021.21.00,Artificial teeth
9021.29,Other
9021.29.00,Other <br> other artificial parts of the body
9021.31,artificial joints
9021.31.00,Artificial Joints
9021.39,Other
9021.39.00,other
9021.40,"Hearing aids, excluding Parts and accessories"
9021.40.90,Other
9021.90,Other
9021.90.10,Parts and accessoreis of hearing aids
9021.90.90,Other
9022.12,Computed tomography apparatus
9022.12.00,Computed tomography apparatus
9022.13,"Other, for Dental uses"
9022.13.00,"Other, for dental uses"
9022.14,"Other, for medical, Surgical or veterinary uses"
9022.14.10,X-ray generators and apparatus (non-portable)
9022.14.20,Portable X-ray machine
9022.14.90,Other
9022.19,for Other uses
9022.19.00,"radiations, whether or not for medical surgical, dental or veterinary uses,"
9022.21,"for medical, Surgical, Dental or veterinary uses"
9022.21.00,"For medical, surgical, dental or veterinary uses"
9022.29,for Other uses
9022.29.00,For other uses
9022.30,x-ray tubes
9022.30.00,X-ray tubes
9022.90,"Other, including Parts and accessories"
9022.90.10,X-ray valves
9022.90.20,Radiation generation units
9022.90.30,Radiation beam delevery units
9022.90.40,"X-ray examination or treatment table, chairs and the like"
9022.90.90,other
9023,"purposes (for example, in education or exhibitions), unsuitable for"
9023.00,"purposes (for example, in education or exhibitions), unsuitable for"
9023.00.10,Teaching aids
9023.00.90,Other <br>
9024,"compressibility, elasticity or other mechanical properties of"
9024.10,machines and Appliances for testing metals
9024.10.00,Machines and appliances for testing metals
9024.80,Other machines and Appliances
9024.80.10,"For testing textiles, paper and paper board <br> Other:"
9024.80.91,For testing hardness
9024.80.99,Other
9024.90,Parts and accessories
9024.90.00,Parts and accessories
9025.11,"-- Liquid-filled, for direct reading"
9025.11.10,Clinical thermometers
9025.11.90,Other
9025.19,Other
9025.19.10,Digital thermometers
9025.19.20,Pyrometers
9025.19.90,Other
9025.80,Other instruments
9025.80.10,Hydrometers and similar floating instruments
9025.80.20,"Barometers, not combined with other instruments"
9025.80.30,Lactometer
9025.80.90,Other
9025.90,Parts and accessories
9025.90.00,Parts and accessories
9026.10,for Measuring or checking the flow or level of liquids
9026.10.10,Flow meters
9026.10.20,Level Gauges
9026.10.90,Other
9026.20,for Measuring or checking pressure
9026.20.00,For measuring or checking pressure :
9026.80,Other instruments or apparatus
9026.80.10,Heat meters
9026.80.90,Other
9026.90,Parts and accessories
9026.90.00,Parts and accessories
9027.10,gas or smoke analysis apparatus
9027.10.00,Gas or smoke analysis apparatus
9027.20,Chromatographs and electrophoresis instruments
9027.20.00,Chromatographs and electrophoresis instruments
9027.30.10,Spectrometers
9027.30.20,Spectrophotometers
9027.30.90,Other
9027.50.10,Photometers
9027.50.20,Refractometers
9027.50.30,Polarimeters
9027.50.90,Other
9027.80,Other instruments and apparatus
9027.80.10,Viscometers
9027.80.20,Calorimeters
9027.80.40,Nuclear magnetic resonance instruments
9027.80.90,Other
9027.90,- Microtomes; parts and accessories
9027.90.10,"Microtomes, including parts and accusscries thereof"
9027.90.20,Printed circuit assemblies for the goods of sub-heading 9027 80
9027.90.90,Other
9028.10,gas meters
9028.10.00,Gas meters
9028.20,liquid meters
9028.20.00,Liquid meters
9028.30,electricity meters
9028.30.10,For alternating current
9028.30.90,Other
9028.90,Parts and accessories
9028.90.10,For electricity meters
9028.90.90,Other
9029,"pedometers and the like; speed indicators and tachometers, other"
9029.10.10,Taximeters
9029.10.90,Other
9029.20,- Speed indicators and tachometers; stroboscopes
9029.20.10,"Tachometers, non-electrical"
9029.20.20,"Speedometers, non-electrical"
9029.20.30,Stroboscopes
9029.20.90,Other
9029.90,Parts and accessories
9029.90.00,Parts and accessories
9030,meters of heading 90.28; instruments and apparatus for measuring
9030.10.00,Instruments and apparatus for measuring or detecting ionising radiations
9030.20,Oscilloscopes and oscillographs
9030.31,Multimeters without a recording device
9030.31.00,Multimeters without a recording device
9030.32,Multimeters with a recording device
9030.32.00,Multimeters with a recording device<br> other without a recording device
9030.33,"Other, without a recording device"
9030.33.10,"Ammeters,volt meters and watt meters"
9030.33.20,Spectrum resistance meters
9030.33.30,Capacitance meter
9030.33.40,Frequency measuring apparatus
9030.33.50,Megar meters
9030.33.90,Other
9030.39,"Other, with a recording device"
9030.39.00,"Other,with a recording device"
9030.40,"telecommunications (for example, cross-talk meters, gain measuring"
9030.40.00,"telecommunications (for example, cross-talk meters, gain measuring"
9030.82,for Measuring or checking semiconductor wafers or devices
9030.82.00,For measuring or checking semiconductor wafers or devices
9030.84,"Other, with a recording device"
9030.84.00,"Other, with a recording device."
9030.89,Other
9030.89.10,Scintillator counters
9030.89.20,Vectroscope
9030.89.90,Other
9030.90,Parts and accessories
9030.90.10,Of meters and counters
9030.90.90,Other
9031.10,machines for balancing Mechanical Parts
9031.10.00,Machines for balancing mechanical parts
9031.20,Test benches
9031.20.00,Test benches <br> other opticals instruments and appliances:
9031.41,photomasks or reticles used in manufacturing semiconductor
9031.49,Other
9031.49.00,Other
9031.80,"Other instruments, Appliances and machines"
9031.80.00,"Other instruments, appliances and machines."
9031.90,Parts and accessories
9031.90.00,Parts and accessories
9032,Automatic regulating or controlling instruments and apparatus.
9032.10,Thermostats
9032.10.10,For refrigerating and air-conditioning appliances and machinery
9032.10.90,Other
9032.20,Manostats
9032.20.10,For refrigerating and air-conditioning appliances and machinery
9032.20.90,Other <br> Other instruments and apparatus :
9032.81,hydraulic or pneumatic
9032.81.00,Hydraulic or pneumatic
9032.89,Other
9032.89.10,Electronic automatic regulators
9032.89.90,Other
9032.90,Parts and accessories
9032.90.00,lk
9033,"Chapter) for machines, appliances, instruments or apparatus of"
9033.00,"Chapter) for machines, appliances, instruments or apparatus of"
9033.00.00,"ELSEWHERE IN THIS CHAPTER) FOR MACHINES, APPLIANCES,"
9101,"watches, with case of precious metal or of metal clad with precious"
9101.11,with Mechanical display only
9101.11.00,With mechanical display only
9101.19,Other
9101.21,with automatic winding
9101.21.00,With automatic winding
9101.29,Other
9101.29.00,Other <br> Other :
9101.91,Electrically operated
9101.91.10,Pocket watches
9101.91.20,Stop watches
9101.91.90,Other
9101.99,Other
9101.99.10,Pocket watches
9101.99.20,Stop watches
9101.99.90,Other
9102.11,with Mechanical display only
9102.11.00,With mechanical display only
9102.12,with opto-electronic display only
9102.12.00,With opto-electronic display only
9102.19,Other
9102.21,with automatic winding
9102.21.00,With automatic winding
9102.29,Other
9102.29.00,Other <br> Other :
9102.91,Electrically operated
9102.91.10,Pocket watches
9102.91.20,Stop watches
9102.91.90,Other
9102.99,Other
9102.99.10,Pocket watches
9102.99.20,Stop watches
9102.99.90,Other
9103,"Clocks with watch movements, excluding clocks of heading 9104."
9103.10,Electrically operated
9103.10.00,Electrically operated
9103.90,Other
9103.90.00,Other
9105,Other clocks.
9105.11,Electrically operated
9105.11.00,Electrically operated
9105.19,Other
9105.19.00,Other <br> Wall clocks :
9105.21,Electrically operated
9105.21.00,Electrically operated
9105.29,Other
9105.29.00,Other <br> other
9105.91,Electrically operated
9105.91.00,Battery accumulator or mains powered
9105.99,Other
9105.99.10,Time pieces
9105.99.90,Other
9106.10,- Time-registers; time-recorders
9106.10.00,Time registers; time-recorders
9106.90,Other
9106.90.00,Other
9108,"Watch movements, complete and assembled."
9108.12,with opto-electronic display only
9108.12.00,With opto-electronic display only
9108.19,Other
9108.19.00,Other
9108.20,with automatic winding
9108.20.00,With automatic winding
9108.90,Other
9108.90.00,Other
9109,"Clock movements, complete and assembled."
910910,Electrically operated :
9109.1010,of alarm clocks
9109.1090,Other
9109.90.00,Other
9110,"assembled (movement sets); incomplete watch or clock movements,"
9110.11.00,"Complete movements, unassembled or partly assembled (movement sets)"
9110.12,"Incomplete movements, assembled"
9110.12.00,"Incomplete movements, assembled"
9110.19,Rough movements
9110.19.00,Rough movements
9110.90,Other
9110.90.00,Other
9111,Watch cases and parts thereof.
9111.10,cases of precious metal or of metal clad with precious metal
9111.10.00,Cases of precious metal or of metal clad with precious metal
9111.20,"cases of base metal, whether or Not gold- or Silver-plated"
9111.20.00,"Cases of base metal, whether or not gold or silver plated"
9111.80,Other cases
9111.80.00,Other cases
9111.90,Parts
9111.90.00,Parts
9112.20,cases
9112.20.00,Cases
9112.90,Parts
9112.90.00,Parts
9113,"Watch straps, watch bands and watch bracelets, and parts thereof."
9113.10,of precious metal or of metal clad with precious metal
9113.10.00,Of precious metal or of metal clad with precious metal
9113.20,"of base metal, whether or Not gold- or Silver-plated"
9113.20.10,Parts
9113.20.90,Other
9113.90,Other
9113.90.10,Parts
9113.90.90,Other
9114,Other clock or watch parts.
9114.10,"springs, including hair-springs"
9114.10.10,For watches
9114.10.20,For clocks
9114.30,dials
9114.30.10,For watches
9114.30.20,For clocks
9114.40,Plates and Bridges
9114.40.10,For watches
9114.40.20,For clocks
9114.90,Other
9114.90.30,Jewels
91149091,For watches
91149092,For clocks
9201.10,upright pianos
9201.10.00,Upright pianos
9201.20,Grand pianos
9201.20.00,Grand pianos
9201.90,Other
9201.90.00,Other
9202.10,Played with a bow
9202.10.00,Played with a bow
9202.90,Other
9202.90.00,Other
9205.10,brass-Wind instruments
9205.10.00,Brass - wind instruments
9205.90,Other
9205.90.10,Flutes
9205.90.20,Clarinets
9205.90.90,Other
9207.10,"Keyboard instruments, Other than accordions"
9207.10.00,"Keyboard instruments, other than accordions"
9207.90,Other
9207.90.00,Other
9208,instruments not falling within any other heading of this Chapter;
9208.10,musical boxes
9208.10.00,Musical boxes
9208.90,Other
9208.90.00,Other
9209.30,musical instrument strings
9209.30.00,Musical instrument strings <br> Other:
9209.91,Parts and accessories for pianos
9209.91.00,Parts and accessories for pianos
9209.92,Parts and accessories for the musical instruments of heading 9202
9209.92.00,Parts and accessories for the musical instruments of heading 9202
9209.94,Parts and accessories for the musical instruments of heading 9207
9209.94.00,Parts and accessories for the musical instruments of heading 9207
9209.99,Other
9209.99.00,Other
930110,"Artillery weapons (for example, guns, howitzers and mortars) :"
9301.1010,Self-propelled
9301.1090,Other
9301.90.00,Other
9302,"Revolvers and pistols, other than those of heading 9303 or 9304."
9302.00,"Revolvers and pistols, other than those of heading 9303 or 9304."
9303,"loading firearms, Very pistols and other devices designed to project"
9303.10,Muzzle-loading firearms
9303.10.00,Muzzle loading firearms
9303.30,"Other sporting, hunting or target-shooting rifles"
9303.30.00,"Other sporting, hunting or target-shooting rifles"
9303.90,Other
9303.90.00,Other
9305,Parts and accessories of articles of headings 9301 to 9304.
9305.10.00,Of revolvers or pistols
930520,Of shotguns or rifles of heading 9303 :
9305.20.10,Shotgun barrels
9305.20.90,Other
9305.91.00,Of military weapons of heading 9301
9305.99.00,Other
9306,of war and parts thereof; cartridges and other ammunition and
9306.21,Cartridges
9306.21.00,Cartridges
9306.29,Other
9306.29.00,Other
9306.30,Other Cartridges and Parts thereof
9306.30.00,Other Cartridges and parts thereof
9306.90,Other
9306.90.00,Other
9307.00.00,AND PARTS THEREOF AND SCABBARDS AND SHEATHS
9401.10,seats of a kind used for aircraft
9401.10.00,Seats of a kind used for aircraft
9401.20,seats of a kind used for motor vehicles
9401.20.00,Seats of a kind used for motor vehicles
9401.30,Swivel seats with Variable height adjustment
9401.30.00,Swivel Seats and variable height adjustment
9401.51,of Bamboo or rattan
94015200,Of bamboo
94015300,Of rattan
9401.59,Other
9401.59.00,"Other <br> other seats,with wooden frames :"
9401.61,Upholstered
9401.61.00,Upholstered
9401.69,Other
9401.69.00,"Other <br> Other Seats, with metal frames :"
9401.71,Upholstered
9401.71.00,Upholstered
9401.79,Other
9401.79.00,Other
9401.80,Other seats
9401.80.00,Other Seats
9401.90,Parts
9401.90.00,Parts
9402,"fittings, dentists' chairs); barbers' chairs and similar chairs, having"
9402.10,"- Dentists', barbers' or similar chairs and parts thereof"
9402.10.10,Dentists' chairs and parts thereof
9402.10.90,Other
9402.90,Other
9402.90.10,Hospital beds with mechanical parts
9402.90.20,Parts
9402.90.90,Other
9403,Other furniture and parts thereof.
9403.10,metal furniture of a kind used in offices
9403.10.10,Of Steel
9403.10.90,Other
9403.20,Other metal furniture
9403.20.10,Of Steel
9403.20.90,Other
9403.30,wooden furniture of a kind used in offices
9403.30.10,Cabinetware
9403.30.90,Other
9403.40,wooden furniture of a kind used in the kitchen
9403.40.00,Wooden furnitures of a kind used in the kitchen
9403.50,wooden furniture of a kind used in the bedroom
9403.50.10,Bed stead
9403.50.90,Other
9403.60,Other wooden furniture
9403.60.00,Other wooden furniture
9403.70,furniture of plastics
9403.81,of Bamboo or rattan
94018200,Of bamboo
94018300,Of rattan
9403.89,Other
9403.89.00,Other
9403.90,Parts
9403.90.00,Parts
9404.10,Mattress supports
9404.10.00,Mattress supports <br> Mattresses :
9404.21,"of cellular rubber or plastics, whether or Not Covered"
9404.21.10,Of Rubber
9404.21.90,Of Plastic
9404.29,of Other materials
9404.29.10,Spring interior
9404.29.90,other
9404.30,Sleeping bags
9404.30.10,Filled with feathers or down
9404.30.90,Other
9404.90,Other
9404.90.11,Filled with feathers or down
9404.90.19,Other <br> other :
9404.90.91,Filled with feathers or down
9404.90.99,Other
9405,"signs, illuminated name-plates and the like, having a permanently"
9405.10,excluding those of a kind used for lighting public Open spaces or
9405.10.10,"Hanging lamps, complete fittings"
9405.10.20,Wall lamps
9405.10.90,Other
9405.20,"electric Table, desk, bedside or Floor-standing lamps"
9405.20.10,"Table lamps, complete fittings"
9405.20.90,Other
9405.30,lighting sets of a kind used for Christmas Trees
9405.30.00,Lighting sets of a kind used for Christmas trees
9405.40,Other electric lamps and lighting fittings
9405.40.10,Searching lights and sport lights
9405.40.90,Other
9405.50,Non-Electrical lamps and lighting fittings
9405.50.10,Hurricane lanterns
9405.50.20,Miner's safety lamps <br> Oil pressure lamps :
9405.50.31,Kerosene pressure lanterns
9405.50.39,Other
9405.50.40,Solar lanterns or lamps. <br> Other Oil lamps :
9405.50.51,Metal
9405.50.59,Other
9405.60,"Illuminated signs, Illuminated name-Plates and the like"
9405.60.10,Of Plastic
9405.60.90,Of other materials <br> Parts :
9405.91,of glass
9405.91.00,Of glass
9405.92,of plastics
9405.92.00,Of plastics
9405.99,Other
9405.99.00,Other :
9406,Prefabricated buildings.
940610,Of wood:
94061010,Green-houses
94061020,For cold storage
94061030,Silos for storing ensilage
94061090,Other
940690,Other
94069010,Green-houses
94069020,For cold storage
94069030,Silos for storing ensilage
94069090,Other
9503,"carriages; dolls; other toys; reduced-size (""scale"") models and"
9503.00,"carriages; dolls; other toys; reduced-size (""scale"") models and"
9503.00.10,"carriages;dolls;other toys;reduced size(""scale"") models and similar"
9503.00.20,Of metal
9503.00.30,Of plastics
9503.00.90,Other
9504,"games, including pintables, billiards, special tables for casino games and"
95042000,Artilcles and accessories for billiards of all kinds
95043000,by any other means of paymentl other than automatic bowling alley
9504.4000,Playing Cards
950450,00
9504.9,Other
9504.9010,"Chess set, all types"
9504.9020,"Carrom board, with or without coins and strikers"
9504.9090,Other
9505.10,articles for Christmas festivities
9505.10.00,Articles for Christmas festivities
9505.90,Other
9505.90.10,Magical equipments
9505.90.90,Other
9506.11,Skis
9506.11.00,Skis
9506.12,-- Ski-fastenings (ski-bindings)
9506.12.00,Ski-fastenings (ski-bindings)
9506.19,Other
9506.21,Sailboards
9506.21.00,Sailboards
9506.29,Other
9506.29.00,Other <br> Golf clubs and other golf equipment:
9506.31,"Clubs, Complete"
9506.31.00,"Clubs, complete"
9506.32,balls
9506.32.00,Balls
9506.39,Other
9506.39.00,Other
9506.40,- Articles and equipment for table-tennis
9506.51,"-- Lawn-tennis rackets, whether or not strung"
9506.51.00,"Lawn-tennis rackets, whether or not strung"
9506.59,Other
9506.59.10,"Squash or racketball badminton rackets, whether or not strung"
9506.59.90,"Other <br> Balls, other than golf balls and table-tennis balls:"
9506.61,-- Lawn-tennis balls
9506.61.00,Lawn-tennis balls
9506.62,inflatable
9506.62.10,Football
9506.62.20,Volley ball
9506.62.30,Basket ball
9506.62.90,Other
9506.69,Other
9506.69.10,Hockey ball
9506.69.20,Cricket ball
9506.69.30,Golf ball
9506.69.40,Rugby ball
9506.69.90,Other
9506.91.10,Boxing equipment
9506.91.90,Other
9506.99,Other
9506.99.10,Badminton shuttle cocks
9506.99.20,Leg pads and bats for Cricket
9506.99.30,Shoulder pads for Football
9506.99.40,Hockey sticks and blades
9506.99.50,"Polo sticks including blades, shafts and heads"
9506.99.60,Sports net
9506.99.70,Tennis and badminton racket pressures
9506.99.90,Other
9507,"nets, butterfly nets and similar nets; decoy “birds” (other than those"
9507.10,fishing rods
9507.10.00,Fishing rods
9507.20,"- Fish-hooks, whether or not snelled"
9507.20.00,"Fish-hooks, whether or not snelled"
9507.30,fishing reels
9507.30.00,Fishing reels
9507.90,Other
9507.90.10,Fish landing and butterfly nets
9507.90.90,Other
9508,amusements; travelling circuses and travelling menageries;
9508.10,travelling circuses and travelling menageries
9508.10.00,Travelling circuses and travelling menageries
9508.90,Other
9508.90.00,Other
9601,"pearl and other animal carving material, and articles of these"
9601.10,Worked Ivory and articles of Ivory
9601.10.00,Worked ivory and articles of ivory
9601.90,Other
9601.90.10,Worked tortoise-shell and articles thereof
9601.90.20,Worked mother of pearl and articles thereof
9601.90.30,Worked bone (excluding whale bone) and articles thereof
9601.90.40,"Worked horn, coral and other animal carving material and articles thereof"
9601.90.90,Other
9602.00.10,Worked vegetable carving material and articles thereof
9602.00.30,"Gelatin capules, empty"
9602.00.40,Other articles of unhardened gelatin
9602.00.90,Other
9603,"not motorised, mops and feather dusters; prepared knots and tufts"
9603.10.00,"brushes, hair brushes, nail brushes, eyelash brushes and other toilet"
9603.21,"-- Tooth brushes, including dental-plate brushes"
9603.21.00,"Tooth brushes, including dental-plate brushes"
9603.29,-- Other
9603.29.00,Other
9603.30.10,Artist brushes
9603.30.20,Brushes for the application of cosmetics
9603.30.90,Other
9603.40.20,Paint pads and rollers
9603.50.00,"Other brushes consituting parts of machines, appliances or vehicles"
9603.90,- Other
9603.90.00,Other
9604,Hand sieves and hand riddles.
9604.00,Hand sieves and hand riddles.
9604.00.00,Hand sieves and hand riddles
9605,"Travel sets for personal toilet, sewing or shoe or clothes cleaning."
9605.00,"Travel sets for personal toilet, sewing or shoe or clothes cleaning."
9605.00.10,For personal toilet
9605.00.90,Other
9606.10,"Press-fasteners, snap-fasteners and Press-studs and Parts therefor"
9606.10.10,"Press-fasteners, snap-fasteners and press-studs"
9606.10.20,Parts <br> Buttons :
9606.21,"of plastics, Not Covered with textile material"
9606.21.00,"Of plastics, not covered with textile material"
9606.22,"of base metal, Not Covered with textile material"
9606.22.00,"Of base metals, not covered with textile material"
9606.29,Other
9606.29.10,Button of coconut shell / wood
9606.29.90,Other
9606.30,- Button moulds and other parts of buttons; button blanks
9606.30.10,Button blanks
9606.30.90,Other
9607,Slide fasteners and parts thereof.
9607.11,Fitted with chain scoops of base metal
9607.11.10,Zip fasteners
9607.11.90,Other
9607.19,Other
9607.19.10,Zip fasteners
9607.19.90,Other
9607.20,Parts
9607.20.00,Parts
9608,"duplicating stylos; propelling or sliding pencils; pen-holders, pencil-"
9608.10,Ball point pens
96081011,High value ball point pens wit
96081012,Ball point pens with body or cap of precious metal or rolled precious metal
9608.10.19,Other
9608.1091,High value ball point pens (US $100 AND ABOVE C.I.F. per unit)
960810,92
96081099,Other
9608.20.00,Felt tipped and other porous-tipped pens and markers
9608.30,"Fountain pens, stylograph pens and other pens"
9608.3012,With body or cap of precious metal or rolled precious metal
9608.3019,Other
9608.3021,High value ball point pens (US $100 AND ABOVE C.I.F. per unit)
9608.3022,With body or cap of precious metal or rolled precious metal
9608.3029,Other
96083091,High value pens (US $ 100 and above c.i.f. per unit)
96083092,With body or cap of precious metal or rolled precious metal
96083099,Other
96084000,Propelling or sliding pencils
9608.50.00,Sets of articles from two or more of the foregoing sub-headings
9608.60.10,With liquid ink(For rolling ball-pen)
9608.60.90,Other
9608.91,Pen nibs and nib points
9608.91.10,nib points for pen
9608.91.30,Other pen nibs
9608.91.91,Of metal
9608.91.99,Other
9608.99,Other
9608.99.10,"Pen holders, pencil holders and similar holders"
9608.99.90,Other
9609,"pastels, drawing charcoals, writing or drawing chalks and tailors'"
9609.10,"pencils and crayons, with leads encased in a rigid Sheath"
9609.10.00,"Pencils and crayons, with leads encased in a rigid sheath"
9609.20,"pencil leads, black or coloured"
9609.20.00,"Pencil leads, black or coloured"
9609.90,Other
9609.90.10,Slate pencils
9609.90.20,Other pencils
9609.90.90,Other
9610.00.00,"Slates and boards, with writing or drawing surfaces, whether or not framed"
9612,"impressions, whether or not on spools or in cartridges; ink-pads,"
9612.10,Ribbons
9612.10.10,Computer printer ribbon
9612.10.20,"Ribbon for typewriters,other than electronic and similar machines"
9612.10.30,Ribbon for electronic typewriter
9612.10.90,Other
9612.20,ink-pads
9612.20.00,Ink-pads
9613.10,"Pocket lighters, gas fuelled, Non-refillable"
9613.10.00,"Pocket lighters, gas fuelled, non-refillable"
9613.20,"Pocket lighters, gas fuelled, refillable"
9613.20.00,"Pocket lighters, gas fuelled, refillable"
9613.80,Other lighters
9613.80.10,Electronic
9613.80.90,Other
9613.90,Parts
9613.90.00,Parts
9615,"hair-curlers and the like, other than those of heading 8516, and parts"
9615.11,of Hard rubber or plastics
9615.11.00,Of hard rubber or plastics
9615.19,Other
9615.19.00,Other
9615.90,Other
9615.90.00,Other
9616,therefor; powder-puffs and pads for the application of cosmetics or
9616.10.10,Scent sprays and similar toilet sprays
9616.10.20,Mounts and heads
9617.00.11,Vacuum flasks having a capacity not exceeding 0.75 1litre
9617.00.12,Vacuum flasks having a capacity exceeding 0.75 litre
9617.00.13,Casserol and any other vacuum containers
9617.00.19,Other
9617.00.90,Parts (other than glass inners)
9619,00
96190010,"Sanitary towels (pads) and tampons, napkins"
96190020,Tampons
96190030,Napkins and napkin liners for babies
96190040,Clinical diapers
96190090,Other
96200000,"MONOPODS, BIPODS, TRIPODS AND SIMILAR ARTICLES"
